"start15","end"
2014-08-04 09:00:00,2014-08-04 11:00:00
2014-10-04 11:00:00,2014-10-04 12:00:00
2014-12-10 11:00:00,2014-12-10 12:00:00
2015-03-31 09:15:00,2015-03-31 14:00:00
2015-06-08 10:45:00,2015-06-08 16:00:00
2015-08-03 13:15:00,2015-08-03 15:00:00
2015-10-31 10:45:00,2015-10-31 12:00:00
2016-01-11 13:45:00,2016-03-23 12:45:00
2016-04-18 13:30:00,2016-04-18 14:30:00
2016-06-09 08:45:00,2016-06-09 10:00:00
2016-07-14 12:15:00,2016-07-14 13:30:00
2016-10-14 15:15:00,2016-10-14 16:15:00
2017-02-06 11:00:00,2017-02-06 12:00:00
2017-08-28 14:30:00,2017-08-28 17:00:00
2017-11-06 14:15:00,2017-11-06 15:00:00
2017-12-11 14:15:00,2017-12-11 15:00:00
