Reservoir,Site,Year,Date,Depth,PAR,YSI_TEMP_C,YSI_DO_mgL,YSI_PSAT,pH,YSI_COND_uScm,ORP,Notes
BVR,50,2017,2017-10-17 12:00:00,0.1,,18.8,8.31,95.5,,,,
BVR,50,2017,2017-10-17 12:00:00,1,,18.3,8.34,94.8,,,,
BVR,50,2017,2017-10-17 12:00:00,2,,18.1,8.33,94.1,,,,
BVR,50,2017,2017-10-17 12:00:00,3,,17.9,8.31,93.5,,,,
BVR,50,2017,2017-10-17 12:00:00,4,,18.8,8.16,91.9,,,,
BVR,50,2017,2017-10-17 12:00:00,5,,17.7,7.22,81,,,,
BVR,50,2017,2017-10-17 12:00:00,6,,16.2,1.11,12,,,,
BVR,50,2017,2017-10-17 12:00:00,7,,13.5,0.4,4.1,,,,
BVR,50,2017,2017-10-17 12:00:00,8,,10.6,0.33,3.2,,,,
BVR,50,2017,2017-10-17 12:00:00,9,,9.1,0.3,2.8,,,,
BVR,50,2017,2017-10-17 12:00:00,10,,8.2,0.28,2.5,,,,
BVR,50,2017,2017-10-17 12:00:00,11,,7.8,0.27,2.4,,,,
BVR,50,2017,2017-10-17 12:00:00,12,,7.6,0.27,2.4,,,,
BVR,50,2017,2017-10-17 12:00:00,13,,7.4,0.26,2.3,,,,
BVR,50,2017,2017-10-17 12:00:00,13.5,,7.3,0.25,2.3,,,,
BVR,50,2014,2018-05-15 12:00:00,0,,,,,7.98,,,
BVR,50,2014,2018-05-15 12:00:00,2,,,,,7.91,,,
BVR,50,2014,2018-05-15 12:00:00,4,,,,,7.76,,,
BVR,50,2014,2018-05-15 12:00:00,8,,,,,6.78,,,
BVR,50,2014,2018-05-15 12:00:00,12,,,,,6.26,,,
BVR,50,2019,2019-06-05 12:00:00,0.1,,22.2,7.44,90.9,6.96,29.1,,
BVR,50,2019,2019-06-05 12:00:00,1,,22.3,7.74,95.1,7.08,27.8,,
BVR,50,2019,2019-06-05 12:00:00,2,,22.3,7.39,90.4,7.17,27.8,,
BVR,50,2019,2019-06-05 12:00:00,3,,22.3,7.05,86.6,7.18,27.8,,
BVR,50,2019,2019-06-05 12:00:00,4,,20.4,8.27,96.9,7.13,28.4,,
BVR,50,2019,2019-06-05 12:00:00,5,,16,7.5,81.4,6.89,28.5,,
BVR,50,2019,2019-06-05 12:00:00,6,,13.4,6.16,63.7,6.72,27.9,,
BVR,50,2019,2019-06-05 12:00:00,7,,11.7,4.43,43.2,6.42,28.7,,
BVR,50,2019,2019-06-05 12:00:00,8,,10,2.66,25.3,6.07,29.1,,
BVR,50,2019,2019-06-05 12:00:00,9,,9,1.58,14.6,5.93,30.4,,
BVR,50,2019,2019-06-05 12:00:00,10,,8.1,1.42,12.9,5.93,46.2,,
BVR,50,2019,2019-06-05 12:00:00,11,,7.8,1.31,11.7,6.08,61.9,,
BVR,50,2019,2019-06-05 12:00:00,12,,7.6,1.31,11.7,6.21,70.9,,
BVR,50,2019,2019-06-12 12:00:00,0.1,,24.6,6.83,88.7,7.2,28.2,,
BVR,50,2019,2019-06-12 12:00:00,1,,24.5,6.8,87,7.13,28.2,,
BVR,50,2019,2019-06-12 12:00:00,2,,24.4,6.36,81.2,7.13,28.2,,
BVR,50,2019,2019-06-12 12:00:00,3,,24,6,76.3,7.02,28.3,,
BVR,50,2019,2019-06-12 12:00:00,4,,20.4,5.88,69.5,6.7,29.8,,
BVR,50,2019,2019-06-12 12:00:00,5,,17.6,5.75,64.3,6.1,29.5,,
BVR,50,2019,2019-06-12 12:00:00,6,,13.6,4.44,46.7,5.87,29.6,,
BVR,50,2019,2019-06-12 12:00:00,7,,11.9,3.37,33.3,5.76,29.8,,
BVR,50,2019,2019-06-12 12:00:00,8,,10.4,2,19.1,5.68,30.4,,
BVR,50,2019,2019-06-12 12:00:00,9,,9.6,1.55,14.5,5.65,30.3,,
BVR,50,2019,2019-06-12 12:00:00,10,,8.5,1.27,11.6,5.69,47.2,,
BVR,50,2019,2019-06-12 12:00:00,11,,7.9,1.21,10.8,5.85,66.4,,
BVR,50,2019,2019-06-26 12:00:00,0.1,,27.8,6.13,83.8,7.15,29.2,,
BVR,50,2019,2019-06-26 12:00:00,1,,27.6,6.27,84.8,7.13,29.2,,
BVR,50,2019,2019-06-26 12:00:00,2,,26.5,6.65,87.6,7.08,29.6,,
BVR,50,2019,2019-06-26 12:00:00,3,,23,6.7,83.1,6.81,30.7,,
BVR,50,2019,2019-06-26 12:00:00,4,,18.6,4.9,55.9,6.41,30.6,,
BVR,50,2019,2019-06-26 12:00:00,5,,15.2,4.03,42.9,6,31,,
BVR,50,2019,2019-06-26 12:00:00,6,,12.3,2.97,29.6,5.91,32,,
BVR,50,2019,2019-06-26 12:00:00,7,,10.2,1.9,18.1,5.87,32,,
BVR,50,2019,2019-06-26 12:00:00,8,,8.9,1.39,12.8,5.9,45.4,,
BVR,50,2019,2019-06-26 12:00:00,9,,8.2,1.31,12,6.06,71.3,,
BVR,50,2019,2019-06-26 12:00:00,10,,8,1.33,11.9,6.18,83.8,,
BVR,50,2019,2019-06-26 12:00:00,11,,7.7,1.34,12,6.23,100.5,,
BVR,50,2019,2019-06-26 12:00:00,11.5,,7.7,1.34,12,6.29,106.7,,
BVR,50,2015,2019-07-17 12:00:00,-0.1,858,,,,,,,
BVR,50,2015,2019-07-17 12:00:00,0.1,184,,,,,,,
BVR,50,2015,2019-07-17 12:00:00,1,99.73,,,,,,,
BVR,50,2015,2019-07-17 12:00:00,2,31.01,,,,,,,
BVR,50,2015,2019-07-17 12:00:00,3,15.09,,,,,,,
BVR,50,2015,2019-07-17 12:00:00,4,6.169,,,,,,,
BVR,50,2015,2019-07-17 12:00:00,5,2.209,,,,,,,
BVR,50,2015,2019-07-17 12:00:00,6,0.896,,,,,,,
BVR,50,2015,2019-07-17 12:00:00,7,0.165,,,,,,,
BVR,50,2015,2019-07-17 12:00:00,8,0.0357,,,,,,,
BVR,50,2015,2019-07-17 12:00:00,9,0.0085,,,,,,,
BVR,50,2015,2019-07-17 12:00:00,10,0,,,,,,,
BVR,50,2015,2019-07-17 12:00:00,11,0,,,,,,,
BVR,50,2019,2019-07-31 12:00:00,0.1,,27.7,5.25,70.5,7.18,29.7,,
BVR,50,2019,2019-07-31 12:00:00,1,,27.7,6.06,82.5,7.29,29.7,,
BVR,50,2019,2019-07-31 12:00:00,2,,27.7,6.73,91.2,7.27,29.7,,
BVR,50,2019,2019-07-31 12:00:00,3,,27.6,6.79,92.3,7.32,29.7,,
BVR,50,2019,2019-07-31 12:00:00,4,,27.6,6.94,94.1,7.33,29.7,,
BVR,50,2019,2019-07-31 12:00:00,5,,20.8,0.9,12.1,6.56,33.3,,
BVR,50,2019,2019-07-31 12:00:00,6,,17,1.07,11.8,6.37,33.7,,
BVR,50,2019,2019-07-31 12:00:00,7,,13.3,1.69,17.2,6.24,34.3,,
BVR,50,2019,2019-07-31 12:00:00,8,,11.2,1.17,11.4,6.06,37.4,,
BVR,50,2019,2019-07-31 12:00:00,9,,10.1,1.26,11.9,6.05,48.5,,
BVR,50,2019,2019-07-31 12:00:00,10,,8.8,1.36,12.5,6.2,90.9,,
BVR,50,2019,2019-07-31 12:00:00,11,,8.3,1.41,12.6,6.26,116.6,,
BVR,50,2019,2019-08-14 12:00:00,0.1,,25.7,5.92,77.2,7.53,30.4,,
BVR,50,2019,2019-08-14 12:00:00,1,,25.6,6.34,82.7,7.26,30.3,,
BVR,50,2019,2019-08-14 12:00:00,2,,25.5,6.3,84.7,7.28,30.3,,
BVR,50,2019,2019-08-14 12:00:00,3,,25.4,6.29,83.2,7.23,30.3,,
BVR,50,2019,2019-08-14 12:00:00,4,,25,5.29,70.3,6.95,30.8,,
BVR,50,2019,2019-08-14 12:00:00,5,,22.6,0.97,13.8,6.58,33.7,,
BVR,50,2019,2019-08-14 12:00:00,6,,18,0.72,8.1,6.41,33.5,,
BVR,50,2019,2019-08-14 12:00:00,7,,13.6,1.04,11,6.42,36,,
BVR,50,2019,2019-08-14 12:00:00,8,,11.4,0.67,6.6,6.28,44.1,,
BVR,50,2019,2019-08-14 12:00:00,9,,9.5,0.68,6.4,6.16,74.6,,
BVR,50,2019,2019-08-14 12:00:00,10,,8.6,0.73,6.6,6.24,111.8,,
BVR,50,2019,2019-08-14 12:00:00,11,,8.3,0.73,6.7,6.42,128.7,,
BVR,50,2019,2019-08-21 12:00:00,0.1,,26.2,,,6.95,30.4,,
BVR,50,2019,2019-08-21 12:00:00,1,,26.2,,,7.22,30.4,,
BVR,50,2019,2019-08-21 12:00:00,2,,26.2,,,7.38,30.4,,
BVR,50,2019,2019-08-21 12:00:00,3,,26.2,,,7.36,30.5,,
BVR,50,2019,2019-08-21 12:00:00,4,,25.8,,,7.23,30.7,,
BVR,50,2019,2019-08-21 12:00:00,5,,23,,,6.55,33.6,,
BVR,50,2019,2019-08-21 12:00:00,6,,17.9,,,6.3,33.7,,
BVR,50,2019,2019-08-21 12:00:00,7,,13.8,,,6.22,37.1,,
BVR,50,2019,2019-08-21 12:00:00,8,,11.5,,,6.01,43.9,,
BVR,50,2019,2019-08-21 12:00:00,9,,10.1,,,5.9,58.3,,
BVR,50,2019,2019-08-21 12:00:00,10,,8.8,,,6.14,114.5,,
BVR,50,2019,2019-08-21 12:00:00,11,,8.3,,,6.31,140,,
BVR,50,2019,2019-09-05 12:00:00,0.1,,26.7,,,7.37,31.4,,
BVR,50,2019,2019-09-05 12:00:00,1,823.7,26.3,,,7.3,31.4,,
BVR,50,2019,2019-09-05 12:00:00,2,402.6,26,,,7.31,31.3,,
BVR,50,2019,2019-09-05 12:00:00,3,218.1,25.4,,,7.2,31.4,,
BVR,50,2019,2019-09-05 12:00:00,4,88.4,24.5,,,6.63,31.9,,
BVR,50,2019,2019-09-05 12:00:00,5,54.7,22.5,,,5.86,33.3,,
BVR,50,2019,2019-09-05 12:00:00,6,25.54,19.6,,,5.77,34.6,,
BVR,50,2019,2019-09-05 12:00:00,7,8.41,14.1,,,5.94,37.5,,
BVR,50,2019,2019-09-05 12:00:00,8,1.75,11.7,,,5.96,47.3,,
BVR,50,2019,2019-09-05 12:00:00,9,0.2806,10.2,,,6.08,67.5,,
BVR,50,2019,2019-09-05 12:00:00,10,0.0541,9,,,6,127.1,,
BVR,50,2019,2019-09-05 12:00:00,11,0.0068,8.4,,,6.47,149.6,,
BVR,50,2019,2019-09-05 12:00:00,12,0,8.1,,,6.62,176.5,,
BVR,50,2016,2020-04-07 12:00:00,0.1,923.2,11.4,9.64,93.7,7,28.8,192.7,
BVR,50,2016,2020-04-07 12:00:00,0.5,,11.5,9.67,93.7,7.14,26.8,193.3,
BVR,50,2016,2020-04-07 12:00:00,1,189.4,11.5,9.63,93.6,7.26,26.7,189.6,
BVR,50,2016,2020-04-07 12:00:00,1.5,,11.4,9.66,93.7,7.36,26.7,185.6,
BVR,50,2016,2020-04-07 12:00:00,2,184.5,11.4,9.65,93.4,7.34,26.7,186.2,
BVR,50,2016,2020-04-07 12:00:00,2.5,,11.4,9.62,93.1,7.33,26.7,186.9,
BVR,50,2016,2020-04-07 12:00:00,3,125.6,11.4,9.61,93.2,7.35,26.7,186.2,
BVR,50,2016,2020-04-07 12:00:00,3.5,,11.4,9.58,93,7.43,26.7,181,
BVR,50,2016,2020-04-07 12:00:00,4,68,11.3,9.55,92.8,7.42,26.7,181.1,
BVR,50,2016,2020-04-07 12:00:00,4.5,,11.2,9.49,91.5,7.39,26.7,182.6,
BVR,50,2016,2020-04-07 12:00:00,5,42.67,10.9,9.42,90.2,7.31,26.8,185.6,
BVR,50,2016,2020-04-07 12:00:00,5.5,,9.8,9.09,85.1,7.24,26.8,186.9,
BVR,50,2016,2020-04-07 12:00:00,6,21.61,9.3,8.91,822,7.15,26.9,189.4,
BVR,50,2016,2020-04-07 12:00:00,6.5,,8.8,8.77,79.2,7.06,26.9,191.2,
BVR,50,2016,2020-04-07 12:00:00,7,10.66,8.3,8.54,76.8,6.93,27,195.5,
BVR,50,2016,2020-04-07 12:00:00,7.5,,7.8,8.35,74.5,6.85,27,197.5,
BVR,50,2016,2020-04-07 12:00:00,8,4.646,7.4,8.21,72.1,6.78,27.1,200.1,
BVR,50,2016,2020-04-07 12:00:00,8.5,,7,8.05,70.4,6.71,27.2,202.3,
BVR,50,2016,2020-04-07 12:00:00,9,2.085,6.6,7.8,67,6.67,27.3,203.6,
BVR,50,2016,2020-04-07 12:00:00,9.5,,6.3,7.54,64.7,6.64,27.3,203.7,
BVR,50,2016,2020-04-07 12:00:00,10,0.8164,6.2,7.47,64,6.64,27.4,203.4,
BVR,50,2016,2020-04-07 12:00:00,10.5,,6.2,7.36,63,6.62,27.5,204.5,
BVR,50,2016,2020-04-07 12:00:00,11,0.3265,6.1,7.36,63,6.65,27.5,204.7,
FCR,50,2013,2017-08-02 12:00:00,0.5,,,8.12,,,,,
FCR,50,2013,2017-08-02 12:00:00,1,,,8.19,,,,,
FCR,50,2013,2017-08-02 12:00:00,1.5,,,7.57,,,,,
FCR,50,2013,2017-08-02 12:00:00,2,,,10.82,,,,,
FCR,50,2013,2017-08-02 12:00:00,2.5,,,9.57,,,,,
FCR,50,2013,2017-08-02 12:00:00,3,,,3.17,,,,,
FCR,50,2013,2017-08-02 12:00:00,3.5,,,1.31,,,,,
FCR,50,2013,2017-08-02 12:00:00,4,,,1.55,,,,,
FCR,50,2013,2017-08-02 12:00:00,4.5,,,2.08,,,,,
FCR,50,2013,2017-08-02 12:00:00,5,,,3.19,,,,,
FCR,50,2013,2017-08-02 12:00:00,5.5,,,4.4,,,,,
FCR,50,2013,2017-08-02 12:00:00,6,,,4.66,,,,,
FCR,50,2013,2017-08-02 12:00:00,6.5,,,4.71,,,,,
FCR,50,2013,2017-08-02 12:00:00,7,,,4.29,,,,,
FCR,50,2013,2017-08-02 12:00:00,7.5,,,3.73,,,,,
FCR,50,2013,2017-08-02 12:00:00,8,,,4.14,,,,,
FCR,50,2013,2017-08-02 12:00:00,8.5,,,2.92,,,,,
FCR,50,2013,2017-08-02 12:00:00,9,,,1.81,,,,,
FCR,50,2013,2017-08-02 12:00:00,9.5,,,0.12,,,,,
FCR,50,2013,2017-08-06 12:00:00,0.5,,,7.67,,,,,
FCR,50,2013,2017-08-06 12:00:00,1,,,7.81,,,,,
FCR,50,2013,2017-08-06 12:00:00,1.5,,,7.82,,,,,
FCR,50,2013,2017-08-06 12:00:00,2,,,11.33,,,,,
FCR,50,2013,2017-08-06 12:00:00,2.5,,,11.66,,,,,
FCR,50,2013,2017-08-06 12:00:00,3,,,10.81,,,,,
FCR,50,2013,2017-08-06 12:00:00,3.5,,,5.85,,,,,
FCR,50,2013,2017-08-06 12:00:00,4,,,2.19,,,,,
FCR,50,2013,2017-08-06 12:00:00,4.5,,,2.06,,,,,
FCR,50,2013,2017-08-06 12:00:00,5,,,2.49,,,,,
FCR,50,2013,2017-08-06 12:00:00,5.5,,,4.1,,,,,
FCR,50,2013,2017-08-06 12:00:00,6,,,4.61,,,,,
FCR,50,2013,2017-08-06 12:00:00,6.5,,,4.63,,,,,
FCR,50,2013,2017-08-06 12:00:00,7,,,4.76,,,,,
FCR,50,2013,2017-08-06 12:00:00,7.5,,,4.79,,,,,
FCR,50,2013,2017-08-06 12:00:00,8,,,4.82,,,,,
FCR,50,2013,2017-08-06 12:00:00,8.5,,,4.82,,,,,
FCR,50,2013,2017-08-06 12:00:00,9,,,4.82,,,,,
FCR,50,2013,2017-08-06 12:00:00,9.5,,,4.83,,,,,
FCR,50,2013,2017-08-09 12:00:00,0.5,,,7.95,,,,,
FCR,50,2013,2017-08-09 12:00:00,1,,,7.87,,,,,
FCR,50,2013,2017-08-09 12:00:00,1.5,,,9.11,,,,,
FCR,50,2013,2017-08-09 12:00:00,2,,,10.63,,,,,
FCR,50,2013,2017-08-09 12:00:00,2.5,,,10.74,,,,,
FCR,50,2013,2017-08-09 12:00:00,3,,,10.5,,,,,
FCR,50,2013,2017-08-09 12:00:00,3.5,,,5.85,,,,,
FCR,50,2013,2017-08-09 12:00:00,4,,,3.52,,,,,
FCR,50,2013,2017-08-09 12:00:00,4.5,,,1.81,,,,,
FCR,50,2013,2017-08-09 12:00:00,5,,,1.05,,,,,
FCR,50,2013,2017-08-09 12:00:00,5.5,,,4.39,,,,,
FCR,50,2013,2017-08-09 12:00:00,6,,,4.98,,,,,
FCR,50,2013,2017-08-09 12:00:00,6.5,,,5.08,,,,,
FCR,50,2013,2017-08-09 12:00:00,7,,,5.09,,,,,
FCR,50,2013,2017-08-09 12:00:00,7.5,,,5.11,,,,,
FCR,50,2013,2017-08-09 12:00:00,8,,,5.1,,,,,
FCR,50,2013,2017-08-09 12:00:00,8.5,,,5.09,,,,,
FCR,50,2013,2017-08-09 12:00:00,9,,,5.08,,,,,
FCR,50,2013,2017-08-09 12:00:00,9.5,,,5.09,,,,,
FCR,40,2013,2017-08-09 12:00:00,0.5,,,7.98,,,,,
FCR,40,2013,2017-08-09 12:00:00,1,,,7.96,,,,,
FCR,40,2013,2017-08-09 12:00:00,1.5,,,8.66,,,,,
FCR,40,2013,2017-08-09 12:00:00,2,,,8.18,,,,,
FCR,40,2013,2017-08-09 12:00:00,2.5,,,9.13,,,,,
FCR,40,2013,2017-08-09 12:00:00,3,,,11.36,,,,,
FCR,40,2013,2017-08-09 12:00:00,3.5,,,5.84,,,,,
FCR,40,2013,2017-08-09 12:00:00,4,,,0.37,,,,,
FCR,40,2013,2017-08-09 12:00:00,4.5,,,0.49,,,,,
FCR,40,2013,2017-08-09 12:00:00,5,,,0.32,,,,,
FCR,40,2013,2017-08-09 12:00:00,5.5,,,4.35,,,,,
FCR,40,2013,2017-08-09 12:00:00,6,,,4.95,,,,,
FCR,40,2013,2017-08-09 12:00:00,6.5,,,4.9,,,,,
FCR,40,2013,2017-08-09 12:00:00,7,,,4.83,,,,,
FCR,40,2013,2017-08-09 12:00:00,7.5,,,0.35,,,,,
FCR,45,2013,2017-08-09 12:00:00,0.5,,,7.98,,,,,
FCR,45,2013,2017-08-09 12:00:00,1,,,7.99,,,,,
FCR,45,2013,2017-08-09 12:00:00,1.5,,,9.56,,,,,
FCR,45,2013,2017-08-09 12:00:00,2,,,8.7,,,,,
FCR,45,2013,2017-08-09 12:00:00,2.5,,,11.05,,,,,
FCR,45,2013,2017-08-09 12:00:00,3,,,11.59,,,,,
FCR,45,2013,2017-08-09 12:00:00,3.5,,,6.97,,,,,
FCR,45,2013,2017-08-09 12:00:00,4,,,2.55,,,,,
FCR,45,2013,2017-08-09 12:00:00,4.5,,,1.65,,,,,
FCR,45,2013,2017-08-09 12:00:00,5,,,2.05,,,,,
FCR,45,2013,2017-08-09 12:00:00,5.5,,,4.78,,,,,
FCR,45,2013,2017-08-09 12:00:00,6,,,5.08,,,,,
FCR,45,2013,2017-08-09 12:00:00,6.5,,,5.09,,,,,
FCR,45,2013,2017-08-09 12:00:00,7,,,5.07,,,,,
FCR,45,2013,2017-08-09 12:00:00,7.5,,,5.06,,,,,
FCR,45,2013,2017-08-09 12:00:00,8,,,5.01,,,,,
FCR,45,2013,2017-08-09 12:00:00,8.5,,,4.72,,,,,
FCR,45,2013,2017-08-09 12:00:00,9,,,0.44,,,,,
FCR,50,2013,2017-08-13 12:00:00,0.5,,,7.41,,,,,
FCR,50,2013,2017-08-13 12:00:00,1,,,7.51,,,,,
FCR,50,2013,2017-08-13 12:00:00,1.5,,,7.94,,,,,
FCR,50,2013,2017-08-13 12:00:00,2,,,10.88,,,,,
FCR,50,2013,2017-08-13 12:00:00,2.5,,,11.24,,,,,
FCR,50,2013,2017-08-13 12:00:00,3,,,10.25,,,,,
FCR,50,2013,2017-08-13 12:00:00,3.5,,,4.87,,,,,
FCR,50,2013,2017-08-13 12:00:00,4,,,2.73,,,,,
FCR,50,2013,2017-08-13 12:00:00,4.5,,,2.06,,,,,
FCR,50,2013,2017-08-13 12:00:00,5,,,2.53,,,,,
FCR,50,2013,2017-08-13 12:00:00,5.5,,,5.23,,,,,
FCR,50,2013,2017-08-13 12:00:00,6,,,5.45,,,,,
FCR,50,2013,2017-08-13 12:00:00,6.5,,,5.31,,,,,
FCR,50,2013,2017-08-13 12:00:00,7,,,5.57,,,,,
FCR,50,2013,2017-08-13 12:00:00,7.5,,,5.58,,,,,
FCR,50,2013,2017-08-13 12:00:00,8,,,5.57,,,,,
FCR,50,2013,2017-08-13 12:00:00,8.5,,,5.57,,,,,
FCR,50,2013,2017-08-13 12:00:00,9,,,5.57,,,,,
FCR,50,2013,2017-08-13 12:00:00,9.5,,,5.6,,,,,
FCR,40,2013,2017-08-13 12:00:00,0.5,,,8.09,,,,,
FCR,40,2013,2017-08-13 12:00:00,1,,,7.9,,,,,
FCR,40,2013,2017-08-13 12:00:00,1.5,,,8.57,,,,,
FCR,40,2013,2017-08-13 12:00:00,2,,,10.15,,,,,
FCR,40,2013,2017-08-13 12:00:00,2.5,,,9.32,,,,,
FCR,40,2013,2017-08-13 12:00:00,3,,,9.45,,,,,
FCR,40,2013,2017-08-13 12:00:00,3.5,,,5.75,,,,,
FCR,40,2013,2017-08-13 12:00:00,4,,,0.92,,,,,
FCR,40,2013,2017-08-13 12:00:00,4.5,,,0.37,,,,,
FCR,40,2013,2017-08-13 12:00:00,5,,,1.44,,,,,
FCR,40,2013,2017-08-13 12:00:00,5.5,,,5.3,,,,,
FCR,40,2013,2017-08-13 12:00:00,6,,,5.43,,,,,
FCR,40,2013,2017-08-13 12:00:00,6.5,,,5.4,,,,,
FCR,40,2013,2017-08-13 12:00:00,7,,,4.82,,,,,
FCR,40,2013,2017-08-13 12:00:00,7.5,,,0.34,,,,,
FCR,45,2013,2017-08-13 12:00:00,0.5,,,7.93,,,,,
FCR,45,2013,2017-08-13 12:00:00,1,,,7.89,,,,,
FCR,45,2013,2017-08-13 12:00:00,1.5,,,7.49,,,,,
FCR,45,2013,2017-08-13 12:00:00,2,,,11.25,,,,,
FCR,45,2013,2017-08-13 12:00:00,2.5,,,10.51,,,,,
FCR,45,2013,2017-08-13 12:00:00,3,,,9.22,,,,,
FCR,45,2013,2017-08-13 12:00:00,3.5,,,6.29,,,,,
FCR,45,2013,2017-08-13 12:00:00,4,,,3.04,,,,,
FCR,45,2013,2017-08-13 12:00:00,4.5,,,0.72,,,,,
FCR,45,2013,2017-08-13 12:00:00,5,,,3.1,,,,,
FCR,45,2013,2017-08-13 12:00:00,5.5,,,5.38,,,,,
FCR,45,2013,2017-08-13 12:00:00,6,,,5.49,,,,,
FCR,45,2013,2017-08-13 12:00:00,6.5,,,5.51,,,,,
FCR,45,2013,2017-08-13 12:00:00,7,,,5.47,,,,,
FCR,45,2013,2017-08-13 12:00:00,7.5,,,5.48,,,,,
FCR,45,2013,2017-08-13 12:00:00,8,,,5.46,,,,,
FCR,45,2013,2017-08-13 12:00:00,8.5,,,5.26,,,,,
FCR,45,2013,2017-08-13 12:00:00,9,,,0.31,,,,,
FCR,50,2013,2017-08-16 12:00:00,0.5,,,8.35,,,,,
FCR,50,2013,2017-08-16 12:00:00,1,,,8.37,,,,,
FCR,50,2013,2017-08-16 12:00:00,1.5,,,8.23,,,,,
FCR,50,2013,2017-08-16 12:00:00,2,,,8.18,,,,,
FCR,50,2013,2017-08-16 12:00:00,2.5,,,10.94,,,,,
FCR,50,2013,2017-08-16 12:00:00,3,,,11.22,,,,,
FCR,50,2013,2017-08-16 12:00:00,3.5,,,5.56,,,,,
FCR,50,2013,2017-08-16 12:00:00,4,,,4.25,,,,,
FCR,50,2013,2017-08-16 12:00:00,4.5,,,1.75,,,,,
FCR,50,2013,2017-08-16 12:00:00,5,,,3.03,,,,,
FCR,50,2013,2017-08-16 12:00:00,5.5,,,5.76,,,,,
FCR,50,2013,2017-08-16 12:00:00,6,,,5.87,,,,,
FCR,50,2013,2017-08-16 12:00:00,6.5,,,5.94,,,,,
FCR,50,2013,2017-08-16 12:00:00,7,,,5.96,,,,,
FCR,50,2013,2017-08-16 12:00:00,7.5,,,5.94,,,,,
FCR,50,2013,2017-08-16 12:00:00,8,,,5.94,,,,,
FCR,50,2013,2017-08-16 12:00:00,8.5,,,5.93,,,,,
FCR,50,2013,2017-08-16 12:00:00,9,,,5.89,,,,,
FCR,50,2013,2017-08-16 12:00:00,9.5,,,5.86,,,,,
FCR,45,2013,2017-08-16 12:00:00,0.5,,,8.44,,,,,
FCR,45,2013,2017-08-16 12:00:00,1,,,8.45,,,,,
FCR,45,2013,2017-08-16 12:00:00,1.5,,,8.43,,,,,
FCR,45,2013,2017-08-16 12:00:00,2,,,9.34,,,,,
FCR,45,2013,2017-08-16 12:00:00,2.5,,,9.9,,,,,
FCR,45,2013,2017-08-16 12:00:00,3,,,9.23,,,,,
FCR,45,2013,2017-08-16 12:00:00,3.5,,,6.01,,,,,
FCR,45,2013,2017-08-16 12:00:00,4,,,3.88,,,,,
FCR,45,2013,2017-08-16 12:00:00,4.5,,,1,,,,,
FCR,45,2013,2017-08-16 12:00:00,5,,,4.31,,,,,
FCR,45,2013,2017-08-16 12:00:00,5.5,,,5.84,,,,,
FCR,45,2013,2017-08-16 12:00:00,6,,,5.88,,,,,
FCR,45,2013,2017-08-16 12:00:00,6.5,,,5.92,,,,,
FCR,45,2013,2017-08-16 12:00:00,7,,,5.93,,,,,
FCR,45,2013,2017-08-16 12:00:00,7.5,,,5.92,,,,,
FCR,45,2013,2017-08-16 12:00:00,8,,,5.87,,,,,
FCR,45,2013,2017-08-16 12:00:00,8.5,,,5.83,,,,,
FCR,45,2013,2017-08-16 12:00:00,9,,,5.81,,,,,
FCR,40,2013,2017-08-16 12:00:00,0.5,,,8.43,,,,,
FCR,40,2013,2017-08-16 12:00:00,1,,,8.39,,,,,
FCR,40,2013,2017-08-16 12:00:00,1.5,,,8.26,,,,,
FCR,40,2013,2017-08-16 12:00:00,2,,,8.35,,,,,
FCR,40,2013,2017-08-16 12:00:00,2.5,,,10.23,,,,,
FCR,40,2013,2017-08-16 12:00:00,3,,,9.37,,,,,
FCR,40,2013,2017-08-16 12:00:00,3.5,,,4.98,,,,,
FCR,40,2013,2017-08-16 12:00:00,4,,,0.82,,,,,
FCR,40,2013,2017-08-16 12:00:00,4.5,,,0.89,,,,,
FCR,40,2013,2017-08-16 12:00:00,5,,,4.38,,,,,
FCR,40,2013,2017-08-16 12:00:00,5.5,,,5.8,,,,,
FCR,40,2013,2017-08-16 12:00:00,6,,,5.83,,,,,
FCR,40,2013,2017-08-16 12:00:00,6.5,,,5.82,,,,,
FCR,50,2013,2017-10-23 12:00:00,0.5,,13.5,9.08,,,,,
FCR,50,2013,2017-10-23 12:00:00,1,,13.4,9.22,,,,,
FCR,50,2013,2017-10-23 12:00:00,1.5,,13.3,9.26,,,,,
FCR,50,2013,2017-10-23 12:00:00,8,,12.4,9.24,,,,,
FCR,50,2013,2017-10-23 12:00:00,8.5,,12.3,9.25,,,,,
FCR,50,2013,2017-10-23 12:00:00,9,,12.3,9.25,,,,,
FCR,50,2013,2017-10-23 12:00:00,9.3,,12.3,9.24,,,,,
FCR,50,2013,2017-11-07 12:00:00,0.5,,,8.23,,,,,
FCR,50,2013,2017-11-07 12:00:00,1,,,8.33,,,,,
FCR,50,2013,2017-11-07 12:00:00,8,,,8.5,,,,,
FCR,50,2013,2017-11-07 12:00:00,8.5,,,8.5,,,,,
FCR,50,2013,2017-11-07 12:00:00,9,,,8.37,,,,,
FCR,50,2013,2017-11-07 12:00:00,9.3,,,8.31,,,,,
FCR,100,2014,2018-06-03 12:00:00,0.1,,18.2,,,7.07,,,
FCR,50,2014,2018-06-03 12:00:00,1,,,,,7.84,,,
FCR,50,2014,2018-06-03 12:00:00,4,,,,,6.75,,,
FCR,50,2014,2018-06-03 12:00:00,5,,,,,6.47,,,
FCR,50,2014,2018-06-03 12:00:00,8,,,,,6.27,,,
FCR,50,2014,2018-06-03 12:00:00,9,,,,,6.23,,,
FCR,50,2014,2018-06-10 12:00:00,1,,23.2,,,7.49,,,
FCR,50,2014,2018-06-10 12:00:00,4,,15.9,,,6.68,,,
FCR,50,2014,2018-06-10 12:00:00,5,,12.5,,,6.56,,,
FCR,50,2014,2018-06-10 12:00:00,8,,9.9,,,6.47,,,
FCR,50,2014,2018-06-10 12:00:00,9,,9.8,,,6.38,,,
FCR,100,2014,2018-07-01 12:00:00,0.1,,23.4,,,7.16,,,
FCR,50,2014,2018-07-02 12:00:00,9,,,4.61,,,,,
FCR,100,2014,2018-08-05 12:00:00,0.1,,21.9,,,,,,
FCR,50,2015,2019-02-06 12:00:00,0.5,,1.6,13.52,101.7,,,,
FCR,50,2015,2019-02-06 12:00:00,1,,1.6,13.49,101.5,7.89,,,
FCR,50,2015,2019-02-06 12:00:00,1.5,,1.6,13.46,101.3,,,,
FCR,50,2015,2019-02-06 12:00:00,2,,1.6,13.47,101.1,7.84,,,
FCR,50,2015,2019-02-06 12:00:00,2.5,,1.6,13.41,100.8,,,,
FCR,50,2015,2019-02-06 12:00:00,3,,1.7,13.36,100.7,7.86,,,
FCR,50,2015,2019-02-06 12:00:00,3.5,,1.7,13.32,100.6,,,,
FCR,50,2015,2019-02-06 12:00:00,4,,1.7,13.35,100.7,7.76,,,
FCR,50,2015,2019-02-06 12:00:00,4.5,,1.7,13.29,100.2,,,,
FCR,50,2015,2019-02-06 12:00:00,5,,1.7,13.25,100.2,7.08,,,
FCR,50,2015,2019-02-06 12:00:00,5.5,,1.9,13.2,99.6,,,,
FCR,50,2015,2019-02-06 12:00:00,6,,1.9,13.14,99.7,6.97,,,
FCR,50,2015,2019-02-06 12:00:00,6.5,,1.9,13.09,99.5,,,,
FCR,50,2015,2019-02-06 12:00:00,7,,2,13.1,99.6,6.91,,,
FCR,50,2015,2019-02-06 12:00:00,7.5,,2.1,13.05,99.4,,,,
FCR,50,2015,2019-02-06 12:00:00,8,,2.2,13.04,99.6,6.96,,,
FCR,50,2015,2019-02-06 12:00:00,8.5,,2.3,12.97,999.4,,,,
FCR,50,2015,2019-02-06 12:00:00,9,,2.4,12.92,99.2,7.13,,,
FCR,50,2015,2019-02-06 12:00:00,9.3,,2.4,12.89,99.1,,,,
FCR,100,2015,2019-04-01 12:00:00,0.1,,8.4,12.23,111.2,7.84,27.2,,
FCR,100,2015,2019-04-08 12:00:00,0.1,,,9.95,99.5,,,,
FCR,50,2015,2019-04-14 12:00:00,9,,,,,6.15,,,
FCR,100,2015,2019-04-22 12:00:00,0.1,,,,,7.42,,,
FCR,100,2015,2019-05-12 12:00:00,0.1,,,,,6.77,,,
FCR,50,2015,2019-05-12 12:00:00,-0.1,139.5,,,,,,,
FCR,50,2015,2019-05-12 12:00:00,0.1,103,,,,,,,
FCR,50,2015,2019-05-12 12:00:00,1,72,,,,,,,
FCR,50,2015,2019-05-12 12:00:00,3,47,,,,,,,
FCR,50,2015,2019-05-12 12:00:00,4,22.1,,,,,,,
FCR,50,2015,2019-05-12 12:00:00,5,13.2,,,,,,,
FCR,50,2015,2019-05-12 12:00:00,6,0.59,,,,,,,
FCR,50,2015,2019-05-12 12:00:00,7,1.53,,,,,,,
FCR,50,2015,2019-05-12 12:00:00,8,0.48,,,,,,,
FCR,50,2015,2019-05-12 12:00:00,9,0.09,,,,,,,
FCR,50,2015,2019-05-19 12:00:00,0.1,,23.2,7.71,95.1,6.89,33,,
FCR,50,2015,2019-05-19 12:00:00,0.8,,23.2,7.42,91.3,6.89,33,,
FCR,50,2015,2019-05-19 12:00:00,1.6,,23,6.86,83.9,6.95,33,,
FCR,50,2015,2019-05-19 12:00:00,2.8,,17.9,10.4,115.4,6.71,33.3,,
FCR,50,2015,2019-05-19 12:00:00,3.8,,14.4,10.65,109.9,6.71,33.6,,
FCR,50,2015,2019-05-19 12:00:00,5,,11.1,9.03,86.3,6.44,34.8,,
FCR,50,2015,2019-05-19 12:00:00,6.2,,8.6,7.18,64.8,6.22,35.4,,
FCR,50,2015,2019-05-19 12:00:00,8,,8.5,7.46,67.2,6.13,35.4,,
FCR,50,2015,2019-05-19 12:00:00,9,,8.5,7.11,64,6.06,34.9,,
FCR,50,2015,2019-05-19 12:00:00,-0.1,2160,,,,,,,
FCR,50,2015,2019-05-19 12:00:00,1,650,,,,,,,
FCR,50,2015,2019-05-19 12:00:00,2,360,,,,,,,
FCR,50,2015,2019-05-19 12:00:00,3,190,,,,,,,
FCR,50,2015,2019-05-19 12:00:00,4,92,,,,,,,
FCR,50,2015,2019-05-19 12:00:00,5,36,,,,,,,
FCR,50,2015,2019-05-19 12:00:00,6,8.3,,,,,,,
FCR,50,2015,2019-05-19 12:00:00,6.5,4.36,,,,,,,
FCR,50,2015,2019-05-19 12:00:00,7,2.08,,,,,,,
FCR,50,2015,2019-05-19 12:00:00,7.5,1.06,,,,,,,
FCR,50,2015,2019-05-19 12:00:00,8,0.41,,,,,,,
FCR,50,2015,2019-05-19 12:00:00,8.5,0.14,,,,,,,
FCR,50,2015,2019-05-19 12:00:00,9,0.047,,,,,,,
FCR,50,2015,2019-05-26 12:00:00,1,740,,,,,,,
FCR,50,2015,2019-05-26 12:00:00,2,320,,,,,,,
FCR,50,2015,2019-05-26 12:00:00,3,185,,,,,,,
FCR,50,2015,2019-05-26 12:00:00,4,71,,,,,,,
FCR,50,2015,2019-05-26 12:00:00,5,23.3,,,,,,,
FCR,50,2015,2019-05-26 12:00:00,6,5.4,,,,,,,
FCR,50,2015,2019-05-26 12:00:00,7,1.2,,,,,,,
FCR,50,2015,2019-05-26 12:00:00,8,0.25,,,,,,,
FCR,50,2015,2019-05-26 12:00:00,9,0.05,,,,,,,
FCR,50,2015,2019-05-26 12:00:00,-0.1,2580,,,,,,,
FCR,50,2015,2019-05-26 12:00:00,0.1,,20.6,8.3,96.9,6.85,33.3,,
FCR,50,2015,2019-05-26 12:00:00,0.8,,20.2,8.43,97.9,6.78,33,,
FCR,50,2015,2019-05-26 12:00:00,1.6,,20,8.31,96.3,6.83,33.2,,
FCR,50,2015,2019-05-26 12:00:00,2.8,,18.4,9.4,104.9,6.88,33.1,,
FCR,50,2015,2019-05-26 12:00:00,3.8,,15.6,10.93,115,6.79,33.7,,
FCR,50,2015,2019-05-26 12:00:00,5,,12.1,8.96,87.4,6.36,35.4,,
FCR,50,2015,2019-05-26 12:00:00,6.2,,8.9,7.29,65.8,6.03,36,,
FCR,50,2015,2019-05-26 12:00:00,8,,8.9,7.2,65,5.86,35.6,,
FCR,50,2015,2019-05-26 12:00:00,9,,8.9,7.15,64.6,5.81,36,,
FCR,50,2015,2019-06-02 12:00:00,0.1,,25.5,6.84,88.7,7.25,34.2,,
FCR,50,2015,2019-06-02 12:00:00,0.8,,25.1,6.68,83.5,7.3,34.3,,
FCR,50,2015,2019-06-02 12:00:00,1.6,,24.5,6.82,86.2,7.32,34.3,,
FCR,50,2015,2019-06-02 12:00:00,2.8,,20.5,9.35,110.3,7.37,33.9,,
FCR,50,2015,2019-06-02 12:00:00,3.8,,17.1,12.16,133.1,7.29,34.5,,
FCR,50,2015,2019-06-02 12:00:00,5,,12.4,10.42,103,6.65,35.8,,
FCR,50,2015,2019-06-02 12:00:00,6.2,,9.6,8.25,76.7,6.35,37,,
FCR,50,2015,2019-06-02 12:00:00,8,,9.1,8.27,76.3,6.21,36.8,,
FCR,50,2015,2019-06-02 12:00:00,9,,9.1,8.16,75.4,6.11,36.8,,
FCR,50,2015,2019-08-04 12:00:00,-0.1,2286,,,,,,,
FCR,50,2015,2019-08-04 12:00:00,0.1,1300,,,,,,,
FCR,50,2015,2019-08-04 12:00:00,1,750,,,,,,,
FCR,50,2015,2019-08-04 12:00:00,2,355,,,,,,,
FCR,50,2015,2019-08-04 12:00:00,3,161.5,,,,,,,
FCR,50,2015,2019-08-04 12:00:00,4,57.8,,,,,,,
FCR,50,2015,2019-08-04 12:00:00,5,15.32,,,,,,,
FCR,50,2015,2019-08-04 12:00:00,6,1.52,,,,,,,
FCR,50,2015,2019-08-04 12:00:00,7,0.2381,,,,,,,
FCR,50,2015,2019-08-04 12:00:00,8,0.0408,,,,,,,
FCR,50,2015,2019-08-04 12:00:00,9,0.0068,,,,,,,
FCR,50,2019,2019-08-25 12:00:00,0.1,,24.9,,,7.76,41.6,,
FCR,50,2019,2019-08-25 12:00:00,0.8,,24.4,,,8.04,37.6,,
FCR,50,2019,2019-08-25 12:00:00,1.6,,24.3,,,8.15,37.2,,
FCR,50,2019,2019-08-25 12:00:00,2.8,,24,,,7.98,37.5,,
FCR,50,2019,2019-08-25 12:00:00,3.8,,23.3,,,7.43,388,,
FCR,50,2019,2019-08-25 12:00:00,5,,19.9,,,6.66,60.3,,
FCR,50,2019,2019-08-25 12:00:00,6.2,,15.1,,,6.17,59.8,,
FCR,50,2019,2019-08-25 12:00:00,8,,14,,,5.8,60.5,,
FCR,50,2019,2019-08-25 12:00:00,9,,14,,,5.75,60.6,,
FCR,50,2019,2019-08-25 12:00:00,-0.1,342,,,,,,,
FCR,50,2019,2019-08-25 12:00:00,0.1,208,,,,,,,
FCR,50,2019,2019-08-25 12:00:00,1,70,,,,,,,
FCR,50,2019,2019-08-25 12:00:00,2,27,,,,,,,
FCR,50,2019,2019-08-25 12:00:00,3,9.2,,,,,,,
FCR,50,2019,2019-08-25 12:00:00,4,2.1,,,,,,,
FCR,50,2019,2019-08-25 12:00:00,5,0.09,,,,,,,
FCR,50,2019,2019-08-25 12:00:00,6,0.01,,,,,,,
FCR,50,2019,2019-08-25 12:00:00,7,0.002,,,,,,,
FCR,50,2019,2019-08-25 12:00:00,8,0,,,,,,,
FCR,50,2019,2019-09-15 12:00:00,-0.1,1169,,,,,,,
FCR,50,2019,2019-09-15 12:00:00,1,748,,,,,,,
FCR,50,2019,2019-09-15 12:00:00,2,135.4,,,,,,,
FCR,50,2019,2019-09-15 12:00:00,3,27.2,,,,,,,
FCR,50,2019,2019-09-15 12:00:00,4,5.5,,,,,,,
FCR,50,2019,2019-09-15 12:00:00,5,1.6,,,,,,,
FCR,50,2019,2019-09-15 12:00:00,6,0.09,,,,,,,
FCR,50,2019,2019-09-15 12:00:00,7,0.01,,,,,,,
FCR,50,2019,2019-09-15 12:00:00,8,0,,,,,,,
FCR,50,2019,2019-09-15 12:00:00,9,0,,,,,,,
FCR,50,2019,2019-09-22 12:00:00,-0.1,55.05,,,,,,,
FCR,50,2019,2019-09-22 12:00:00,0.1,40.3,,,,,,,
FCR,50,2019,2019-09-22 12:00:00,1,13.7,,,,,,,
FCR,50,2019,2019-09-22 12:00:00,2,6.9,,,,,,,
FCR,50,2019,2019-09-22 12:00:00,3,2.8,,,,,,,
FCR,50,2019,2019-09-22 12:00:00,4,1,,,,,,,
FCR,50,2019,2019-09-22 12:00:00,5,0.3,,,,,,,
FCR,50,2019,2019-09-22 12:00:00,6,0.02,,,,,,,
FCR,50,2019,2019-09-22 12:00:00,7,0,,,,,,,
FCR,50,2019,2019-09-22 12:00:00,8,0,,,,,,,
FCR,50,2019,2019-09-22 12:00:00,9,0,,,,,,,
FCR,50,2016,2020-06-29 12:00:00,-0.1,1548,,,,,,,
FCR,50,2016,2020-06-29 12:00:00,0.1,977.4,,,,,,,
FCR,50,2016,2020-06-29 12:00:00,0.8,316.1,,,,,,,
FCR,50,2016,2020-06-29 12:00:00,1.6,133.7,,,,,,,
FCR,50,2016,2020-06-29 12:00:00,2.8,52.22,,,,,,,
FCR,50,2016,2020-06-29 12:00:00,3.8,20.44,,,,,,,
FCR,50,2016,2020-06-29 12:00:00,5,5.501,,,,,,,
FCR,50,2016,2020-06-29 12:00:00,6.2,1.347,,,,,,,
FCR,50,2016,2020-06-29 12:00:00,8,0.2127,,,,,,,
FCR,50,2016,2020-06-29 12:00:00,9,0.08202,,,,,,,
FCR,50,2016,2020-07-26 12:00:00,-0.1,73.8,,,,,,,
FCR,50,2016,2020-07-26 12:00:00,0.1,50.4,,,,,,,
FCR,50,2016,2020-07-26 12:00:00,0.8,23.8,,,,,,,
FCR,50,2016,2020-07-26 12:00:00,1.6,13.6,,,,,,,
FCR,50,2016,2020-07-26 12:00:00,2.8,5.55,,,,,,,
FCR,50,2016,2020-07-26 12:00:00,3.8,2.25,,,,,,,
FCR,50,2016,2020-07-26 12:00:00,5,0.689,,,,,,,
FCR,50,2016,2020-07-26 12:00:00,6.2,0.091,,,,,,,
FCR,50,2016,2020-07-26 12:00:00,8,0.004,,,,,,,
FCR,50,2016,2020-07-26 12:00:00,9,0.001,,,,,,,
FCR,50,2016,2020-07-28 12:00:00,-0.1,135.65,,,,,,,
FCR,50,2016,2020-07-28 12:00:00,0.1,18.7,,,,,,,
FCR,50,2016,2020-07-28 12:00:00,0.8,5.64,,,,,,,
FCR,50,2016,2020-07-28 12:00:00,1.6,1.979,,,,,,,
FCR,50,2016,2020-07-28 12:00:00,2.8,0.4978,,,,,,,
FCR,50,2016,2020-07-28 12:00:00,3.8,0.1927,,,,,,,
FCR,50,2016,2020-07-28 12:00:00,5,0.02861,,,,,,,
FCR,50,2016,2020-07-28 12:00:00,6.2,0.0019,,,,,,,
FCR,50,2016,2020-07-28 12:00:00,8,0,,,,,,,
FCR,50,2016,2020-07-28 12:00:00,9,0,,,,,,,
BVR,50,2015,2015-06-18 14:05:00,0.1,1698,29,8.45,,6.9,28.6,,
BVR,50,2015,2015-06-18 14:05:00,1,227.9,28.3,7.8,,6.85,28.6,,
BVR,50,2015,2015-06-18 14:05:00,2,157.9,27.4,8.2,,6.53,28.5,,
BVR,50,2015,2015-06-18 14:05:00,3,156.5,26.1,8.68,,6.44,29.1,,
BVR,50,2015,2015-06-18 14:05:00,4,80.39,22.8,8.6,,6.33,30.3,,
BVR,50,2015,2015-06-18 14:05:00,5,58.83,18.7,7.3,,6.14,30.2,,
BVR,50,2015,2015-06-18 14:05:00,6,16.01,15.2,5.74,,6.08,30.4,,
BVR,50,2015,2015-06-18 14:05:00,7,13.15,12.4,3.4,,5.97,31,,
BVR,50,2015,2015-06-18 14:05:00,8,2.618,10.5,2.67,,5.86,31,,
BVR,50,2015,2015-06-18 14:05:00,9,0.301,9,1.58,,5.87,35.6,,
BVR,50,2015,2015-06-18 14:05:00,10,0.044,8.1,1.5,,6.08,70.3,,
BVR,50,2015,2015-06-18 14:05:00,11,0.022,7.9,1.5,,6.19,80.2,,
BVR,50,2015,2015-06-18 16:33:00,0.1,1038,29.4,7.38,,7.19,30,,
BVR,50,2015,2015-06-18 16:33:00,1,178,28.8,8.32,,7.02,28.8,,
BVR,50,2015,2015-06-18 16:33:00,2,83,27.2,8.24,,6.67,28.7,,
BVR,50,2015,2015-06-18 16:33:00,3,50,25.8,9.11,,6.54,29.6,,
BVR,50,2015,2015-06-18 16:33:00,4,40,24,10.1,,6.52,30.2,,
BVR,50,2015,2015-06-18 16:33:00,5,46,17.4,6.75,,6.23,30.7,,
BVR,50,2015,2015-06-18 16:33:00,6,27,14.6,5.55,,6.1,30.9,,
BVR,50,2015,2015-06-18 16:33:00,7,11,12.1,3.78,,6,31,,
BVR,50,2015,2015-06-18 16:33:00,8,1.5,10.7,,,5.82,31,,
BVR,50,2015,2015-06-18 16:33:00,9,0.18,9.5,,,5.9,32.5,,
BVR,50,2015,2015-06-18 16:33:00,10,0.01,8.5,,,5.93,56.3,,
BVR,50,2015,2015-06-18 16:33:00,11,0,8,,,6.15,77.1,,
BVR,50,2015,2015-06-18 19:05:00,0.1,51,28.8,7.75,,6.88,28.5,,
BVR,50,2015,2015-06-18 19:05:00,1,10,28.7,8.15,,6.68,28.6,,
BVR,50,2015,2015-06-18 19:05:00,2,8.8,28.2,8.15,,6.64,28.5,,
BVR,50,2015,2015-06-18 19:05:00,3,6.7,26.6,7.38,,6.54,28.9,,
BVR,50,2015,2015-06-18 19:05:00,4,4.7,23,8.78,,6.19,30.1,,
BVR,50,2015,2015-06-18 19:05:00,5,2.83,17.7,6.56,,5.93,30.4,,
BVR,50,2015,2015-06-18 19:05:00,6,1.6,14.7,5.33,,5.82,30.5,,
BVR,50,2015,2015-06-18 19:05:00,7,0.741,12.3,3.54,,5.69,31.1,,
BVR,50,2015,2015-06-18 19:05:00,8,0.19,10.8,2.7,,5.6,31,,
BVR,50,2015,2015-06-18 19:05:00,9,0.017,9.6,2.4,,5.6,31.8,,
BVR,50,2015,2015-06-18 19:05:00,10,0.001701,8.4,1.38,,5.79,57.2,,
BVR,50,2015,2015-06-18 19:05:00,11,0,8,1.4,,5.93,70.9,,
BVR,50,2015,2015-06-18 22:10:00,0.1,0,28,6.3,,7.08,28.4,,
BVR,50,2015,2015-06-18 22:10:00,1,0,28,6.58,,7.13,28.4,,
BVR,50,2015,2015-06-18 22:10:00,2,0,27.9,6.17,,7.21,28.4,,
BVR,50,2015,2015-06-18 22:10:00,3,0,26.5,6.65,,7.15,29.1,,
BVR,50,2015,2015-06-18 22:10:00,4,0,23.7,7.57,,7.06,30.1,,
BVR,50,2015,2015-06-18 22:10:00,5,0,18.5,5.74,,6.71,30.3,,
BVR,50,2015,2015-06-18 22:10:00,6,0,13.8,4.2,,6.51,30.7,,
BVR,50,2015,2015-06-18 22:10:00,7,0,11.1,2.65,,6.28,30.7,,
BVR,50,2015,2015-06-18 22:10:00,8,0,9.7,2.01,,6.03,32.1,,
BVR,50,2015,2015-06-18 22:10:00,9,0,8.6,1.18,,5.93,52.8,,
BVR,50,2015,2015-06-18 22:10:00,10,0,8.1,1.16,,6.03,73.5,,
BVR,50,2015,2015-06-18 22:10:00,11,0,7.9,1.15,,6.2,80.6,,
BVR,50,2015,2015-06-19 02:28:00,0.1,0,27.4,6.29,,6.95,28.5,,
BVR,50,2015,2015-06-19 02:28:00,1,0,27.5,5.82,,7.07,28.5,,
BVR,50,2015,2015-06-19 02:28:00,2,0,27.5,6.12,,7.1,28.5,,
BVR,50,2015,2015-06-19 02:28:00,3,0,27.4,6.12,,7.09,28.5,,
BVR,50,2015,2015-06-19 02:28:00,4,0,22,6.04,,6.96,30.5,,
BVR,50,2015,2015-06-19 02:28:00,5,0,17.8,5.32,,6.66,30.6,,
BVR,50,2015,2015-06-19 02:28:00,6,0,14.4,4.2,,6.44,30.9,,
BVR,50,2015,2015-06-19 02:28:00,7,0,12.2,2.97,,5.89,31,,
BVR,50,2015,2015-06-19 02:28:00,8,0,107,2.28,,5.8,31.2,,
BVR,50,2015,2015-06-19 02:28:00,9,0,9.5,2.38,,5.76,32.3,,
BVR,50,2015,2015-06-19 02:28:00,10,0,8,1.17,,5.94,70,,
BVR,50,2015,2015-06-19 02:28:00,11,0,7.9,1.13,,6.12,82.1,,
BVR,50,2015,2015-06-19 03:51:00,0.1,0,27.3,6.22,,7.08,28.5,,
BVR,50,2015,2015-06-19 03:51:00,1,0,27.3,6.22,,7.08,28.5,,
BVR,50,2015,2015-06-19 03:51:00,2,0,27.3,5.9,,7.12,28.5,,
BVR,50,2015,2015-06-19 03:51:00,3,0,26.8,6.02,,7.12,28.7,,
BVR,50,2015,2015-06-19 03:51:00,4,0,22.4,6.07,,6.78,30.3,,
BVR,50,2015,2015-06-19 03:51:00,5,0,18.4,5.08,,6.44,30.5,,
BVR,50,2015,2015-06-19 03:51:00,6,0,14.4,4.22,,6.08,30.8,,
BVR,50,2015,2015-06-19 03:51:00,7,0,12,2.66,,5.83,31.1,,
BVR,50,2015,2015-06-19 03:51:00,8,0,10,1.63,,5.76,31.4,,
BVR,50,2015,2015-06-19 03:51:00,9,0,8.6,1.05,,5.85,48.7,,
BVR,50,2015,2015-06-19 03:51:00,10,0,8.1,1.05,,6.02,70.1,,
BVR,50,2015,2015-06-19 03:51:00,11,0,7.9,1.05,,6.14,79.1,,
BVR,50,2015,2015-06-19 07:50:00,0.1,122,26.8,6.35,,6.85,28.5,,
BVR,50,2015,2015-06-19 07:50:00,1,52.4,26.9,6.24,,6.89,28.5,,
BVR,50,2015,2015-06-19 07:50:00,2,19.2,26.9,5.71,,7,28.5,,
BVR,50,2015,2015-06-19 07:50:00,3,12.22,26.8,6.04,,7.04,28.5,,
BVR,50,2015,2015-06-19 07:50:00,4,7.25,23.3,7.16,,6.9,30.2,,
BVR,50,2015,2015-06-19 07:50:00,5,4.3,18.6,5.85,,6.71,30.4,,
BVR,50,2015,2015-06-19 07:50:00,6,2.67,14.3,4.23,,6.49,30.7,,
BVR,50,2015,2015-06-19 07:50:00,7,1.36,11.9,2.85,,6.32,30.9,,
BVR,50,2015,2015-06-19 07:50:00,8,0.3,10.4,1.86,,5.85,31.3,,
BVR,50,2015,2015-06-19 07:50:00,9,0.017,9.3,2.13,,5.87,37.8,,
BVR,50,2015,2015-06-19 07:50:00,10,0.0034,8.5,1.04,,5.97,58.7,,
BVR,50,2015,2015-06-19 07:50:00,11,0.0017,8,1.02,,6.1,76.4,,
BVR,50,2015,2015-06-19 10:14:00,0.1,1234,26.9,6.94,,7.03,28.4,,
BVR,50,2015,2015-06-19 10:14:00,1,562,26.9,7.17,,7.08,28.4,,
BVR,50,2015,2015-06-19 10:14:00,2,266,26.9,6.64,,7.07,28.4,,
BVR,50,2015,2015-06-19 10:14:00,3,179,26.8,6.42,,7.04,28.4,,
BVR,50,2015,2015-06-19 10:14:00,4,92,22.4,7,,6.87,30.2,,
BVR,50,2015,2015-06-19 10:14:00,5,60,17.8,5.55,,6.52,30.5,,
BVR,50,2015,2015-06-19 10:14:00,6,35,14.9,4.82,,6.27,30.6,,
BVR,50,2015,2015-06-19 10:14:00,7,14.7,12.7,3.55,,6,31,,
BVR,50,2015,2015-06-19 10:14:00,8,1.99,10.8,2.18,,5.88,31.5,,
BVR,50,2015,2015-06-19 10:14:00,9,0.166,9.1,1.1,,5.88,36.7,,
BVR,50,2015,2015-06-19 10:14:00,10,0.04,8.4,0.94,,5.95,62.7,,
BVR,50,2015,2015-06-19 10:14:00,11,0.001,8,0.95,,6.11,76.1,,
BVR,50,2015,2015-06-19 12:58:00,0.1,1371,27.5,6.81,,6.8,28.4,,
BVR,50,2015,2015-06-19 12:58:00,1,763,27.4,7.04,,6.82,28.4,,
BVR,50,2015,2015-06-19 12:58:00,2,341,27.2,6.51,,6.91,28.4,,
BVR,50,2015,2015-06-19 12:58:00,3,227,27.1,6.3,,6.91,28.4,,
BVR,50,2015,2015-06-19 12:58:00,4,75.8,22.1,7,,6.74,30.3,,
BVR,50,2015,2015-06-19 12:58:00,5,43.23,18.9,5.72,,6.48,30.2,,
BVR,50,2015,2015-06-19 12:58:00,6,19.72,14.8,4.35,,6.09,30.8,,
BVR,50,2015,2015-06-19 12:58:00,7,7.335,11.4,2.37,,5.94,30.8,,
BVR,50,2015,2015-06-19 12:58:00,8,1.219,10.4,1.4,,5.86,31.2,,
BVR,50,2015,2015-06-19 12:58:00,9,0.3504,8.8,0.71,,5.81,43,,
BVR,50,2015,2015-06-19 12:58:00,10,0.0136,8.1,0.52,,5.95,68.9,,
BVR,50,2015,2015-06-19 12:58:00,11,0.0017,7.9,0.52,,6.1,79.3,,
BVR,50,2015,2015-07-02 12:16:00,-0.1,1470,,,,,,,
BVR,50,2015,2015-07-02 12:16:00,0.1,880,25.3,6.66,87,6.93,29.6,,
BVR,50,2015,2015-07-02 12:16:00,1,290,25.3,6.61,86.1,7.02,29.5,,
BVR,50,2015,2015-07-02 12:16:00,2,160,25.3,6.82,88.8,7.03,29.5,,
BVR,50,2015,2015-07-02 12:16:00,3,80,25.2,6.71,87.2,7.06,29.6,,
BVR,50,2015,2015-07-02 12:16:00,4,38,24.2,5.94,76.3,6.84,30.1,,
BVR,50,2015,2015-07-02 12:16:00,5,20.7,19,3.4,39.2,6.48,31.7,,
BVR,50,2015,2015-07-02 12:16:00,6,8.6,15.7,3.15,34,6.08,31.9,,
BVR,50,2015,2015-07-02 12:16:00,7,2.6,12.5,1.86,18.5,5.81,32.4,,
BVR,50,2015,2015-07-02 12:16:00,8,0.24,10.3,1.57,14.9,5.81,32.3,,
BVR,50,2015,2015-07-02 12:16:00,9,0.02,9.1,1.23,11.4,5.83,45.1,,
BVR,50,2015,2015-07-02 12:16:00,10,0,8.1,1.31,11.9,6.04,76.7,,
BVR,50,2015,2015-07-02 12:16:00,11,0,8,1.31,11.9,6.1,87.6,,
BVR,50,2015,2015-07-02 12:16:00,11.5,0,8,1.33,11.9,6.17,93.5,,
BVR,50,2015,2015-09-18 12:00:00,-0.1,40,,,,,,,
BVR,50,2015,2015-09-18 12:00:00,0.1,65,,,,,,,
BVR,50,2015,2015-09-18 12:00:00,1,35,,,,,,,
BVR,50,2015,2015-09-18 12:00:00,2,36,,,,,,,
BVR,50,2015,2015-09-18 12:00:00,3,44,,,,,,,
BVR,50,2015,2015-09-18 12:00:00,4,72,,,,,,,
BVR,50,2015,2015-09-18 12:00:00,5,42,,,,,,,
BVR,50,2015,2015-09-18 12:00:00,6,16.4,,,,,,,
BVR,50,2015,2015-09-18 12:00:00,7,5.9,,,,,,,
BVR,50,2015,2015-09-18 12:00:00,8,1.6,,,,,,,
BVR,50,2015,2015-09-18 12:00:00,9,0.385,,,,,,,
BVR,50,2015,2015-09-18 12:00:00,10,0.093,,,,,,,
BVR,50,2015,2015-09-18 12:00:00,11,0.012,,,,,,,
FCR,50,2015,2015-05-05 12:00:00,0.1,,,,,6.86,,,
FCR,50,2015,2015-05-05 12:00:00,0.8,,,,,6.83,,,
FCR,50,2015,2015-05-05 12:00:00,1.6,,,,,6.78,,,
FCR,50,2015,2015-05-05 12:00:00,2.8,,,,,6.71,,,
FCR,50,2015,2015-05-05 12:00:00,3.8,,,,,6.67,,,
FCR,50,2015,2015-05-05 12:00:00,5,,,,,6.48,,,
FCR,50,2015,2015-05-05 12:00:00,6.2,,,,,6.32,,,
FCR,50,2015,2015-05-05 12:00:00,8,,,,,6.24,,,
FCR,50,2015,2015-05-05 12:00:00,9,,,,,6.17,,,
FCR,50,2015,2015-09-28 12:00:00,-0.1,158,,,,,,,
FCR,50,2015,2015-09-28 12:00:00,0.1,103,,,,,,,
FCR,50,2015,2015-09-28 12:00:00,1,23.09,,,,,,,
FCR,50,2015,2015-09-28 12:00:00,2,7.69,,,,,,,
FCR,50,2015,2015-09-28 12:00:00,3,2.46,,,,,,,
FCR,50,2015,2015-09-28 12:00:00,4,0.717,,,,,,,
FCR,50,2015,2015-09-28 12:00:00,5,0.117,,,,,,,
FCR,50,2015,2015-09-28 12:00:00,6,0.012,,,,,,,
FCR,50,2015,2015-09-28 12:00:00,7,0.024,,,,,,,
FCR,50,2015,2015-09-28 12:00:00,8,0,,,,,,,
FCR,50,2015,2015-09-28 12:00:00,9,0,,,,,,,
FCR,50,2015,2015-10-19 12:00:00,-0.1,1398,,,,,,,
FCR,50,2015,2015-10-19 12:00:00,0.1,641,,,,6.16,,,
FCR,50,2015,2015-10-19 12:00:00,1,201.9,,,,6.06,,,
FCR,50,2015,2015-10-19 12:00:00,2,70.1,,,,6.01,,,
FCR,50,2015,2015-10-19 12:00:00,3,31.5,,,,5.99,,,
FCR,50,2015,2015-10-19 12:00:00,4,12.1,,,,5.99,,,
FCR,50,2015,2015-10-19 12:00:00,5,4.9,,,,6.02,,,
FCR,50,2015,2015-10-19 12:00:00,6,2,,,,5.99,,,
FCR,50,2015,2015-10-19 12:00:00,7,0.8,,,,5.99,,,
FCR,50,2015,2015-10-19 12:00:00,8,0.3,,,,6,,,
FCR,50,2015,2015-10-19 12:00:00,9,0.07,,,,5.99,,,
FCR,50,2015,2015-11-09 12:00:00,-0.1,111,,,,,,,
FCR,50,2015,2015-11-09 12:00:00,0.1,71,,,,6.38,,,
FCR,50,2015,2015-11-09 12:00:00,1,27.5,,,,6.32,,,
FCR,50,2015,2015-11-09 12:00:00,2,11.3,,,,6.31,,,
FCR,50,2015,2015-11-09 12:00:00,3,4.6,,,,6.31,,,
FCR,50,2015,2015-11-09 12:00:00,4,1.8,,,,6.31,,,
FCR,50,2015,2015-11-09 12:00:00,5,0.7,,,,6.22,,,
FCR,50,2015,2015-11-09 12:00:00,6,0.3,,,,6.16,,,
FCR,50,2015,2015-11-09 12:00:00,7,0.09,,,,6.14,,,
FCR,50,2015,2015-11-09 12:00:00,8,0.03,,,,6.12,,,
FCR,50,2015,2015-11-09 12:00:00,9,0.01,,,,6.11,,,
FCR,50,2015,2015-12-07 12:00:00,-0.1,333.6,,,,,,,
FCR,50,2015,2015-12-07 12:00:00,0.1,207.8,,,,6.69,,,
FCR,50,2015,2015-12-07 12:00:00,1,79,,,,6.64,,,
FCR,50,2015,2015-12-07 12:00:00,2,31.7,,,,6.61,,,
FCR,50,2015,2015-12-07 12:00:00,3,12.9,,,,6.55,,,
FCR,50,2015,2015-12-07 12:00:00,4,5.1,,,,6.55,,,
FCR,50,2015,2015-12-07 12:00:00,5,2,,,,6.51,,,
FCR,50,2015,2015-12-07 12:00:00,6,0.9,,,,6.48,,,
FCR,50,2015,2015-12-07 12:00:00,7,0.4,,,,6.45,,,
FCR,50,2015,2015-12-07 12:00:00,8,0.15,,,,6.43,,,
FCR,50,2015,2015-12-07 12:00:00,9,0.06,,,,6.42,,,
