Reservoir,Year,Date,Depth,YSI_TEMP_C,YSI_DO_mgL,YSI_PSAT,YSI_pH,YSI_COND_uScm,YSI_ORP_mV,YSI_PAR,Notes 
FCR,2016,2016-02-05 12:00:00,0.1,3.7,12.5,101.2,6.6,35.3,,,"CTD 45 CCC+RPM, May be shallow, YSI JD"
FCR,2016,2016-02-05 12:00:00,0.8,3.7,13.26,105.7,6.65,32.5,,,
FCR,2016,2016-02-05 12:00:00,1.6,3.7,13.67,108.8,6.64,32.6,,,
FCR,2016,2016-02-05 12:00:00,2.8,3.7,14.14,112.6,6.6,32.3,,,
FCR,2016,2016-02-05 12:00:00,3.8,3.7,14.46,115,6.64,32.7,,,
FCR,2016,2016-02-05 12:00:00,5,3.7,14.87,118,6.63,32.7,,,
FCR,2016,2016-02-05 12:00:00,6.2,3.7,14.81,117.7,6.62,33,,,
FCR,2016,2016-02-05 12:00:00,8,3.7,14.43,112.9,6.6,33.6,,,
FCR,2016,2016-02-05 12:00:00,9,4,12.6,100.6,6.58,36.3,,,
FCR,2016,2016-02-05 12:00:00,999,5.8,6,49.2,6.5,28.5,,,
FCR,2016,2016-03-30 12:00:00,0.1,12.4,9,,7.57,32.8,163.5,370.2,
FCR,2016,2016-03-30 12:00:00,0.8,12.4,8.82,,7.45,31.6,160.7,322.7,
FCR,2016,2016-03-30 12:00:00,1.6,12.1,8.92,,7.46,31.6,162,365.1,
FCR,2016,2016-03-30 12:00:00,2.8,11.5,8.56,,7.42,31.4,164,125.7,
FCR,2016,2016-03-30 12:00:00,3.8,11.2,9.29,,7.37,31.7,166.7,89.47,
FCR,2016,2016-03-30 12:00:00,5,9,9.06,,7.28,31.8,176.4,47.2,
FCR,2016,2016-03-30 12:00:00,6.2,8,8.56,,7.04,31.9,182.7,19.26,
FCR,2016,2016-03-30 12:00:00,8,7,6.82,,6.76,32.2,193.4,3.94,
FCR,2016,2016-03-30 12:00:00,9,6.8,7.04,,6.71,32,195.1,1.98,
FCR,2016,2016-04-04 12:00:00,0.1,12.6,8.95,89.1,7.97,33.4,74.2,,
FCR,2016,2016-04-04 12:00:00,0.4,12.5,8.19,83.4,7.75,31.6,89.1,,
FCR,2016,2016-04-04 12:00:00,0.7,12.5,8.1,80.8,7.63,31.6,91.8,,
FCR,2016,2016-04-04 12:00:00,1,12.5,8.13,80.4,7.58,31.5,97.2,,
FCR,2016,2016-04-04 12:00:00,1.3,12.5,7.93,79,7.58,31.7,98.8,,
FCR,2016,2016-04-04 12:00:00,1.6,12.5,8.17,82.4,7.57,31.6,101,,
FCR,2016,2016-04-04 12:00:00,1.9,12.5,8.32,82.7,7.57,31.5,104.8,,
FCR,2016,2016-04-04 12:00:00,2.3,12.5,8.23,81.9,7.56,31.4,106.9,,
FCR,2016,2016-04-04 12:00:00,2.6,12.5,7.88,78.6,7.56,31.6,108.4,,
FCR,2016,2016-04-04 12:00:00,2.9,12.5,8.14,81.1,7.55,31.5,110.6,,
FCR,2016,2016-04-04 12:00:00,3.2,12.3,8.14,80.8,7.53,31.5,114.4,,
FCR,2016,2016-04-04 12:00:00,3.5,12.3,8.03,79.7,7.51,31.6,117.2,,
FCR,2016,2016-04-04 12:00:00,3.8,11.9,8.02,79.5,7.42,31.5,124,,
FCR,2016,2016-04-04 12:00:00,4.1,11.8,8.39,82.9,7.41,31.6,126.6,,
FCR,2016,2016-04-04 12:00:00,4.4,11.4,8.57,83.5,7.36,31.7,130.8,,
FCR,2016,2016-04-04 12:00:00,4.7,10.5,8.52,80.9,7.25,31.9,137.3,,
FCR,2016,2016-04-04 12:00:00,5,10,8.9,83.6,7.13,32,143.2,,
FCR,2016,2016-04-04 12:00:00,5.3,9.3,8.73,81.7,7.04,31.8,148.9,,
FCR,2016,2016-04-04 12:00:00,5.6,9.1,8.35,77.1,6.99,31.9,151.1,,
FCR,2016,2016-04-04 12:00:00,5.9,8.6,7.98,73.6,6.87,32,156.4,,
FCR,2016,2016-04-04 12:00:00,6.2,8.4,7.96,71.6,6.87,31.8,160.4,,
FCR,2016,2016-04-04 12:00:00,6.5,7.9,7.69,68.9,6.81,31.7,161.3,,
FCR,2016,2016-04-04 12:00:00,6.8,7.7,6.93,61.7,6.75,32.2,166.8,,
FCR,2016,2016-04-04 12:00:00,7.1,7.6,6.84,60.8,6.74,32.1,170.6,,
FCR,2016,2016-04-04 12:00:00,7.4,7.4,6.54,57.9,6.7,32.1,171.1,,
FCR,2016,2016-04-04 12:00:00,7.7,7.4,6.01,52.8,6.67,32.5,173.2,,
FCR,2016,2016-04-04 12:00:00,8,7.3,5.81,50.8,6.65,32.6,174.2,,
FCR,2016,2016-04-04 12:00:00,8.3,7.2,5.91,52.2,6.67,32.6,176.6,,
FCR,2016,2016-04-04 12:00:00,8.7,7.2,5.96,52.4,6.67,32.5,176.3,,
FCR,2016,2016-04-04 12:00:00,9,7.2,6.13,53.8,6.67,32.5,177.1,,
FCR,2016,2016-04-04 12:00:00,9.3,7.1,5.96,52.2,6.66,32.7,172.6,,
FCR,2016,2016-04-06 12:00:00,0.1,12.2,9.45,92.4,,,,,
FCR,2016,2016-04-06 12:00:00,0.4,12.1,9.43,92.7,,,,,
FCR,2016,2016-04-06 12:00:00,0.7,12.1,9.46,92.6,,,,,
FCR,2016,2016-04-06 12:00:00,1,12.1,9.47,92.6,,,,,
FCR,2016,2016-04-06 12:00:00,1.3,12.1,9.46,92.6,,,,,
FCR,2016,2016-04-06 12:00:00,1.6,12.1,9.47,92.8,,,,,
FCR,2016,2016-04-06 12:00:00,1.9,11.9,9.55,93.2,,,,,
FCR,2016,2016-04-06 12:00:00,2.3,11.5,9.51,92,,,,,
FCR,2016,2016-04-06 12:00:00,2.6,11.3,9.39,90.1,,,,,
FCR,2016,2016-04-06 12:00:00,2.9,11.1,9.3,89.2,,,,,
FCR,2016,2016-04-06 12:00:00,3.2,11,9.21,88.2,,,,,
FCR,2016,2016-04-06 12:00:00,3.5,10.9,9.15,87,,,,,
FCR,2016,2016-04-06 12:00:00,3.8,10.8,9.12,86.8,,,,,
FCR,2016,2016-04-06 12:00:00,4.1,10.8,9.13,86.7,,,,,
FCR,2016,2016-04-06 12:00:00,4.4,10.7,9.13,86.6,,,,,
FCR,2016,2016-04-06 12:00:00,4.7,10.7,9.18,87,,,,,
FCR,2016,2016-04-06 12:00:00,5,10.1,9.3,87.1,,,,,
FCR,2016,2016-04-06 12:00:00,5.3,9.4,8.99,82.2,,,,,
FCR,2016,2016-04-06 12:00:00,5.6,8.8,8.75,79,,,,,
FCR,2016,2016-04-06 12:00:00,5.9,8.4,8.5,75.8,,,,,
FCR,2016,2016-04-06 12:00:00,6.2,8,7.8,69.2,,,,,
FCR,2016,2016-04-06 12:00:00,6.5,7.7,7.48,66.2,,,,,
FCR,2016,2016-04-06 12:00:00,6.8,7.6,7.3,64.4,,,,,
FCR,2016,2016-04-06 12:00:00,7.1,7.5,6.76,59.4,,,,,
FCR,2016,2016-04-06 12:00:00,7.4,7.4,6.75,59.4,,,,,
FCR,2016,2016-04-06 12:00:00,7.7,7.3,6.78,59.2,,,,,
FCR,2016,2016-04-06 12:00:00,8,7.2,6.79,59.2,,,,,
FCR,2016,2016-04-06 12:00:00,8.3,7.2,6.67,58.2,,,,,
FCR,2016,2016-04-06 12:00:00,8.7,7.1,5.71,49.5,,,,,
FCR,2016,2016-04-06 12:00:00,9,7.1,5.58,48.8,,,,,
FCR,2016,2016-04-06 12:00:00,9.3,7.1,5.73,49.7,,,,,
FCR,2016,2016-04-11 12:00:00,0.1,10.58,10.6,100.1,6.54,31.2,209.3,403.6,"YSI PRO Plus: Times 1 min @ each depth, see pro odo data, Flora not working well"
FCR,2016,2016-04-11 12:00:00,0.4,10.57,10.6,100.4,,,,,
FCR,2016,2016-04-11 12:00:00,0.7,10.64,10.5,99.6,,,,,
FCR,2016,2016-04-11 12:00:00,1,10.53,10.4,99.8,6.72,31.4,201.6,272.4,
FCR,2016,2016-04-11 12:00:00,1.3,10.56,10.4,99.4,,,,,
FCR,2016,2016-04-11 12:00:00,1.6,10.52,10.4,99.1,6.81,31.3,172,202.6,
FCR,2016,2016-04-11 12:00:00,1.9,10.53,10.4,99.1,,,,,
FCR,2016,2016-04-11 12:00:00,2.3,10.54,10.3,97.9,,,,,
FCR,2016,2016-04-11 12:00:00,2.6,10.4,10.1,98.1,,,,,
FCR,2016,2016-04-11 12:00:00,2.9,10.45,10.1,97.2,,,,,
FCR,2016,2016-04-11 12:00:00,3.2,10.43,10,96.6,,,,,
FCR,2016,2016-04-11 12:00:00,3.5,10.4,9.8,95.9,,,,,
FCR,2016,2016-04-11 12:00:00,3.8,10.32,9.7,95.9,6.9,31.3,202.3,93.92,
FCR,2016,2016-04-11 12:00:00,4.1,10.34,9.7,94.8,,,,,
FCR,2016,2016-04-11 12:00:00,4.4,10.27,9.6,93.9,,,,,
FCR,2016,2016-04-11 12:00:00,4.7,10.19,9.5,93.2,,,,,
FCR,2016,2016-04-11 12:00:00,5,10.14,9.4,92.5,6.89,31.3,201.8,22.39,
FCR,2016,2016-04-11 12:00:00,5.3,10.09,9.3,91.6,,,,,
FCR,2016,2016-04-11 12:00:00,5.6,9.96,9.3,88.7,,,,,
FCR,2016,2016-04-11 12:00:00,5.9,9.74,9.2,78.3,,,,,
FCR,2016,2016-04-11 12:00:00,6.2,8.74,8.7,71.7,6.83,31.3,208.3,10.74,
FCR,2016,2016-04-11 12:00:00,6.5,8.02,8.3,68.4,,,,,
FCR,2016,2016-04-11 12:00:00,6.8,7.7,7.9,64.7,,,,,
FCR,2016,2016-04-11 12:00:00,7.1,7.38,7.7,61,,,,,
FCR,2016,2016-04-11 12:00:00,7.4,6.94,7.5,59.6,,,,,
FCR,2016,2016-04-11 12:00:00,7.7,6.79,7.4,58.3,,,,,
FCR,2016,2016-04-11 12:00:00,8,6.66,7.4,57.1,6.55,32.6,222.8,2.74,
FCR,2016,2016-04-11 12:00:00,8.3,6.57,7.3,56.7,,,,,
FCR,2016,2016-04-11 12:00:00,8.7,6.49,7.3,50.6,,,,,
FCR,2016,2016-04-11 12:00:00,9,5.82,7.2,44.4,6.37,32.6,226.1,1.415,
FCR,2016,2016-04-11 12:00:00,9.3,5.09,7.2,9.96,,,,,
FCR,2016,2016-04-11 12:00:00,999,13.3,9.96,100.2,6.82,27.6,185.4,,
FCR,2016,2016-04-18 12:00:00,0.1,14.9,9.62,99.7,6.95,32,269.3,895.4,"Turn on SSS 4/18/16, YSI, Flora, PAR, Depths all before SSS activation"
FCR,2016,2016-04-18 12:00:00,0.4,14.8,9.62,99.8,,,,,
FCR,2016,2016-04-18 12:00:00,0.7,14.7,9.65,99.9,,,,,
FCR,2016,2016-04-18 12:00:00,0.8,,,,,,,584.5,
FCR,2016,2016-04-18 12:00:00,1,14.7,9.64,99.8,,,,,
FCR,2016,2016-04-18 12:00:00,1.3,14.7,9.65,99.8,,,,,
FCR,2016,2016-04-18 12:00:00,1.6,14.7,9.66,100.1,6.97,32,272.2,393.9,
FCR,2016,2016-04-18 12:00:00,1.9,14.7,9.68,100,,,,,
FCR,2016,2016-04-18 12:00:00,2.3,14.6,9.65,99.9,,,,,
FCR,2016,2016-04-18 12:00:00,2.6,14.3,9.61,99.4,,,,,
FCR,2016,2016-04-18 12:00:00,2.8,13.6,10.14,102.1,,,,257.2,
FCR,2016,2016-04-18 12:00:00,3.2,13,10.37,103.6,,,,,
FCR,2016,2016-04-18 12:00:00,3.5,12.7,10.46,103.4,,,,,
FCR,2016,2016-04-18 12:00:00,3.8,12.3,10.25,101.4,7.04,31.8,269.9,116.2,
FCR,2016,2016-04-18 12:00:00,4.1,11.6,10.37,100.2,,,,,
FCR,2016,2016-04-18 12:00:00,4.4,11.1,10.29,97.8,,,,,
FCR,2016,2016-04-18 12:00:00,4.7,10.7,10.11,95.1,,,,,
FCR,2016,2016-04-18 12:00:00,5,10.2,9.7,90.2,6.93,31.4,275,48.11,
FCR,2016,2016-04-18 12:00:00,5.3,9.9,9.39,86.9,,,,,
FCR,2016,2016-04-18 12:00:00,5.6,9.5,9.04,82.6,,,,,
FCR,2016,2016-04-18 12:00:00,5.9,9.4,8.65,79.2,,,,,
FCR,2016,2016-04-18 12:00:00,6.2,9.2,8.42,76.4,6.82,31.4,279.4,24.63,
FCR,2016,2016-04-18 12:00:00,6.5,9.1,8.25,74.6,,,,,
FCR,2016,2016-04-18 12:00:00,6.8,8.9,7.5,67.7,,,,,
FCR,2016,2016-04-18 12:00:00,7.1,8.5,6.22,55.6,,,,,
FCR,2016,2016-04-18 12:00:00,7.4,8.1,5.54,48.5,,,,,
FCR,2016,2016-04-18 12:00:00,7.7,7.9,5.28,46.3,,,,,
FCR,2016,2016-04-18 12:00:00,8,7.8,5.28,46.3,6.37,32.9,285.9,5.573,
FCR,2016,2016-04-18 12:00:00,8.3,7.7,5.16,45.1,,,,,
FCR,2016,2016-04-18 12:00:00,8.7,7.6,3.96,34.3,,,,,
FCR,2016,2016-04-18 12:00:00,9,7.5,3.73,32.6,6.21,34,285,1.854,
FCR,2016,2016-04-18 12:00:00,9.3,7.4,3.94,34.1,6.18,33.7,283,,
FCR,2016,2016-04-18 12:00:00,999,17.7,8.7,96.1,6.97,28.2,206.4,,
FCR,2016,2016-04-18 12:00:00,0.1,17.3,9.54,104.4,7.07,33.2,229.4,,Duplicate measurements? Maybe after SSS activation?
FCR,2016,2016-04-18 12:00:00,0.4,17.1,5.53,104.1,,,,,
FCR,2016,2016-04-18 12:00:00,0.7,16.9,9.56,103.8,,,,,
FCR,2016,2016-04-18 12:00:00,1,16.5,9.54,102.1,,,,,
FCR,2016,2016-04-18 12:00:00,1.3,15.7,9.56,101.9,,,,,
FCR,2016,2016-04-18 12:00:00,1.6,15.3,9.57,100.6,7.02,32.2,235.1,,
FCR,2016,2016-04-18 12:00:00,1.9,15.2,9.63,101.4,,,,,
FCR,2016,2016-04-18 12:00:00,2.3,14.9,9.61,100.4,,,,,
FCR,2016,2016-04-18 12:00:00,2.6,13.7,10.17,103.2,,,,,
FCR,2016,2016-04-18 12:00:00,2.9,13.2,10.29,104.2,,,,,
FCR,2016,2016-04-18 12:00:00,3.2,12.6,10.48,103.6,,,,,
FCR,2016,2016-04-18 12:00:00,3.5,12.2,10.39,102.5,,,,,
FCR,2016,2016-04-18 12:00:00,3.8,11.6,10.36,100,7.04,31.9,235.8,,
FCR,2016,2016-04-18 12:00:00,4.1,11.2,10.33,98.9,,,,,
FCR,2016,2016-04-18 12:00:00,4.4,10.9,10.29,98.4,,,,,
FCR,2016,2016-04-18 12:00:00,4.7,10.7,10.23,97.1,,,,,
FCR,2016,2016-04-18 12:00:00,5,10.5,10.23,96.1,7.01,31.5,235.8,,
FCR,2016,2016-04-18 12:00:00,5.3,10.4,10.17,95.8,,,,,
FCR,2016,2016-04-18 12:00:00,5.6,10.2,10.03,93.2,,,,,
FCR,2016,2016-04-18 12:00:00,5.9,9.9,9.57,89.4,,,,,
FCR,2016,2016-04-18 12:00:00,6.2,9.6,8.88,82,6.95,31.6,237.5,,
FCR,2016,2016-04-18 12:00:00,6.5,9.1,7.74,69.4,,,,,
FCR,2016,2016-04-18 12:00:00,6.8,8.8,6.7,60.7,,,,,
FCR,2016,2016-04-18 12:00:00,7.1,8.5,6.14,54.7,,,,,
FCR,2016,2016-04-18 12:00:00,7.4,8.3,5.7,50.9,,,,,
FCR,2016,2016-04-18 12:00:00,7.7,8,5.46,48.1,,,,,
FCR,2016,2016-04-18 12:00:00,8,7.9,5.26,46.5,6.21,33.1,260.3,,
FCR,2016,2016-04-18 12:00:00,8.3,7.8,5.2,45.5,,,,,
FCR,2016,2016-04-18 12:00:00,8.7,7.8,5.12,45.2,,,,,
FCR,2016,2016-04-18 12:00:00,9,7.7,5,44,6.13,33.8,261.3,,
FCR,2016,2016-04-18 12:00:00,9.3,7.7,4.95,43.6,5.96,34.5,261.7,,
FCR,2016,2016-04-20 12:00:00,0.1,16.9,9.23,100.6,,,,,
FCR,2016,2016-04-20 12:00:00,0.4,16.9,9.23,99.4,,,,,
FCR,2016,2016-04-20 12:00:00,0.7,16.6,9.31,100.4,,,,,
FCR,2016,2016-04-20 12:00:00,1,16.2,9.52,102.1,,,,,
FCR,2016,2016-04-20 12:00:00,1.3,16.1,9.64,102.6,,,,,
FCR,2016,2016-04-20 12:00:00,1.6,15.9,9.68,102.5,,,,,
FCR,2016,2016-04-20 12:00:00,1.9,15.7,9.72,102.8,,,,,
FCR,2016,2016-04-20 12:00:00,2.3,15.2,9.81,102.9,,,,,
FCR,2016,2016-04-20 12:00:00,2.6,14.4,10.12,104.5,,,,,
FCR,2016,2016-04-20 12:00:00,2.9,13.8,10.42,105.7,,,,,
FCR,2016,2016-04-20 12:00:00,3.2,13.6,10.42,105.3,,,,,
FCR,2016,2016-04-20 12:00:00,3.5,13.2,10.47,105.3,,,,,
FCR,2016,2016-04-20 12:00:00,3.8,12.8,10.47,104.3,,,,,
FCR,2016,2016-04-20 12:00:00,4.1,12.1,10.42,101.6,,,,,
FCR,2016,2016-04-20 12:00:00,4.4,11.6,10.33,100.4,,,,,
FCR,2016,2016-04-20 12:00:00,4.7,11,10.12,96.3,,,,,
FCR,2016,2016-04-20 12:00:00,5,10.7,9.94,93.6,,,,,
FCR,2016,2016-04-20 12:00:00,5.3,10.4,9.52,89.6,,,,,
FCR,2016,2016-04-20 12:00:00,5.6,10.2,9.18,85.3,,,,,
FCR,2016,2016-04-20 12:00:00,5.9,9.8,8.47,78,,,,,
FCR,2016,2016-04-20 12:00:00,6.2,8.8,7.41,67.2,,,,,
FCR,2016,2016-04-20 12:00:00,6.5,8.6,7.04,63.4,,,,,
FCR,2016,2016-04-20 12:00:00,6.8,8.4,7,62.5,,,,,
FCR,2016,2016-04-20 12:00:00,7.1,8.4,6.96,62.3,,,,,
FCR,2016,2016-04-20 12:00:00,7.4,8.3,6.95,62.1,,,,,
FCR,2016,2016-04-20 12:00:00,7.7,8.3,6.96,62.1,,,,,
FCR,2016,2016-04-20 12:00:00,8,8.3,6.96,61.8,,,,,
FCR,2016,2016-04-20 12:00:00,8.3,8.2,6.95,62.1,,,,,
FCR,2016,2016-04-20 12:00:00,8.7,8.2,6.95,61.8,,,,,
FCR,2016,2016-04-20 12:00:00,9,8.2,6.95,61.6,,,,,
FCR,2016,2016-04-20 12:00:00,9.3,8.2,6.86,61.4,,,,,
FCR,2016,2016-04-25 12:00:00,0.1,17,9.36,102.5,6.67,32.5,350.7,1193,"Collected 8m sed trap, 1004"
FCR,2016,2016-04-25 12:00:00,0.8,16.7,9.32,101.1,6.6,32.4,352.7,592.2,
FCR,2016,2016-04-25 12:00:00,1.6,16.5,9.38,101.7,6.53,32.3,354.8,352.4,
FCR,2016,2016-04-25 12:00:00,2.8,15.3,9.55,101.1,6.43,32.6,360.7,158.3,
FCR,2016,2016-04-25 12:00:00,3.8,13,10.79,108.8,6.38,32.1,362,77.03,
FCR,2016,2016-04-25 12:00:00,5,10.9,10.12,96.6,6.24,31.4,369.7,31.99,
FCR,2016,2016-04-25 12:00:00,6.2,9.1,9.05,82.9,5.76,33.3,387.8,12.56,
FCR,2016,2016-04-25 12:00:00,8,8.8,9.17,83.2,5.65,33.5,386.2,2.189,
FCR,2016,2016-04-25 12:00:00,9,8.7,9.17,83.3,5.63,33.5,385.3,0.914,
FCR,2016,2016-04-25 12:00:00,9.3,8.7,9.12,83.1,5.56,33.5,385.5,0.872,
FCR,2016,2016-04-25 12:00:00,777,13.4,6.63,67,6.91,201.1,19,,
FCR,2016,2016-04-25 12:00:00,999,16.7,9.26,101.2,7.25,28.3,254.1,,
FCR,2016,2016-05-02 12:00:00,0.1,19.4,8.9,102.9,6.87,34.2,320.2,1114,"Calibrated for 1 min @ each depth, Phyto grabs: chla @ 1.6 + 6.7, Sed trap @ 4m 1100, Pulled up pick ebullition trap @ catwalk b/c; 1) excessive algae build up, 2) low sample compared to others, 3) had dead salamanders in tube "
FCR,2016,2016-05-02 12:00:00,0.4,19.4,8.97,103.1,,,,,
FCR,2016,2016-05-02 12:00:00,0.7,19.3,8.97,103.5,6.78,34,321.1,477.6,
FCR,2016,2016-05-02 12:00:00,1,19.2,9.02,102.8,,,,,
FCR,2016,2016-05-02 12:00:00,1.3,19.1,9.06,103.2,,,,,
FCR,2016,2016-05-02 12:00:00,1.6,18.7,9.28,103.4,6.69,34.3,324.9,264,
FCR,2016,2016-05-02 12:00:00,1.9,18.2,9.62,107.8,,,,,
FCR,2016,2016-05-02 12:00:00,2.3,17.7,9.87,110.4,,,,,
FCR,2016,2016-05-02 12:00:00,2.6,17.1,9.9,109.4,,,,,
FCR,2016,2016-05-02 12:00:00,2.9,16.4,10.15,109.8,6.56,35.5,331.3,126.6,
FCR,2016,2016-05-02 12:00:00,3.2,15.5,10.42,110.7,,,,,
FCR,2016,2016-05-02 12:00:00,3.5,14.7,10.53,110,,,,,
FCR,2016,2016-05-02 12:00:00,3.8,13.3,10.38,106.4,6.44,35.2,84.39,337.8,
FCR,2016,2016-05-02 12:00:00,4.1,12.5,10.4,103.9,,,,,
FCR,2016,2016-05-02 12:00:00,4.4,12,10.3,100.8,,,,,
FCR,2016,2016-05-02 12:00:00,4.7,11.7,10.19,98.9,,,,,
FCR,2016,2016-05-02 12:00:00,5,11.5,9.96,97.1,6.31,35,342.5,47.96,
FCR,2016,2016-05-02 12:00:00,5.3,10.9,9.55,90.9,,,,,
FCR,2016,2016-05-02 12:00:00,5.6,10.4,8.67,81.9,,,,,
FCR,2016,2016-05-02 12:00:00,5.9,9.6,10,93.4,,,,,
FCR,2016,2016-05-02 12:00:00,6.2,9.4,10.42,96.6,5.96,36.7,359.8,20.12,
FCR,2016,2016-05-02 12:00:00,6.5,9.3,10.6,98.7,,,,,
FCR,2016,2016-05-02 12:00:00,6.8,9.3,10.66,99.1,,,,,
FCR,2016,2016-05-02 12:00:00,7.1,9.2,10.79,99.6,,,,,
FCR,2016,2016-05-02 12:00:00,7.4,9.2,10.83,100.1,,,,,
FCR,2016,2016-05-02 12:00:00,7.7,9.2,10.92,100.6,,,,,
FCR,2016,2016-05-02 12:00:00,8,9.2,10.92,100.6,5.77,36.5,360.4,3.98,
FCR,2016,2016-05-02 12:00:00,8.3,9.2,10.89,100.4,,,,,
FCR,2016,2016-05-02 12:00:00,8.7,9.2,10.89,100.2,,,,,
FCR,2016,2016-05-02 12:00:00,9,9.2,10.83,100.1,5.64,36.5,361.3,1.85,
FCR,2016,2016-05-02 12:00:00,9.3,9.2,10.89,100.5,,,,,
FCR,2016,2016-05-02 12:00:00,777,13.7,5.84,59.8,6.92,204,10.5,,
FCR,2016,2016-05-02 12:00:00,999,18.3,9.03,101.3,7.07,24.8,211.8,,
FCR,2016,2016-05-04 13:39:00,0.1,20.2,8.45,99.7,,,,,
FCR,2016,2016-05-04 13:39:00,0.4,20.1,8.43,99.6,,,,,
FCR,2016,2016-05-04 13:39:00,0.7,20,8.5,99.7,,,,,
FCR,2016,2016-05-04 13:39:00,1,19.7,8.43,98.7,,,,,
FCR,2016,2016-05-04 13:39:00,1.3,19.5,8.54,99.3,,,,,
FCR,2016,2016-05-04 13:39:00,1.6,19.1,8.73,101.5,,,,,
FCR,2016,2016-05-04 13:39:00,1.9,18.6,9.06,104.3,,,,,
FCR,2016,2016-05-04 13:39:00,2.3,18.1,9.09,103.4,,,,,
FCR,2016,2016-05-04 13:39:00,2.6,17.5,9.29,104.5,,,,,
FCR,2016,2016-05-04 13:39:00,2.9,16.8,9.57,106.8,,,,,
FCR,2016,2016-05-04 13:39:00,3.2,15.9,9.82,105.5,,,,,
FCR,2016,2016-05-04 13:39:00,3.5,14.9,10.01,106.7,,,,,
FCR,2016,2016-05-04 13:39:00,3.8,14,10.19,105.9,,,,,
FCR,2016,2016-05-04 13:39:00,4.1,13.3,10.06,103.1,,,,,
FCR,2016,2016-05-04 13:39:00,4.4,12.6,9.9,99.9,,,,,
FCR,2016,2016-05-04 13:39:00,4.7,12,9.58,95.8,,,,,
FCR,2016,2016-05-04 13:39:00,5,11.6,9.37,92.6,,,,,
FCR,2016,2016-05-04 13:39:00,5.3,11.1,8.83,86.1,,,,,
FCR,2016,2016-05-04 13:39:00,5.6,10.5,8.65,83.1,,,,,
FCR,2016,2016-05-04 13:39:00,5.9,9.9,10.02,93.9,,,,,
FCR,2016,2016-05-04 13:39:00,6.2,9.7,10.41,97.9,,,,,
FCR,2016,2016-05-04 13:39:00,6.5,9.6,10.58,99.6,,,,,
FCR,2016,2016-05-04 13:39:00,6.8,9.5,10.61,99.9,,,,,
FCR,2016,2016-05-04 13:39:00,7.1,9.5,10.69,100.2,,,,,
FCR,2016,2016-05-04 13:39:00,7.4,9.5,10.72,101.1,,,,,
FCR,2016,2016-05-04 13:39:00,7.7,9.5,10.78,100.3,,,,,
FCR,2016,2016-05-04 13:39:00,8,9.4,10.81,101.3,,,,,
FCR,2016,2016-05-04 13:39:00,8.3,9.4,10.83,101.5,,,,,
FCR,2016,2016-05-04 13:39:00,8.7,9.4,10.81,101.6,,,,,
FCR,2016,2016-05-04 13:39:00,9,9.4,10.87,101.4,,,,,
FCR,2016,2016-05-04 13:39:00,9.3,9.4,10.82,101.6,,,,,
FCR,2016,2016-05-09 12:00:00,0.1,17.7,8.75,96.5,6.99,35,129.4, ,"Phyto + chla @ 3.8 +5.0 dominated by greens, emax~10ug/l, tightened and strengthened hose on pick ebullition trap @ catwalk "
FCR,2016,2016-05-09 12:00:00,0.4,17.6,8.75,96.8,,,,,
FCR,2016,2016-05-09 12:00:00,0.7,17.5,8.75,96.7,6.99,35.1,130.2,664.3,
FCR,2016,2016-05-09 12:00:00,1,17.4,8.7,96.2,,,,,
FCR,2016,2016-05-09 12:00:00,1.3,17.1,8.86,97,,,,,
FCR,2016,2016-05-09 12:00:00,1.6,16.6,8.99,97.7,6.96,35.4,132.6,362.1,
FCR,2016,2016-05-09 12:00:00,1.9,16.4,9.03,97.9,,,,,
FCR,2016,2016-05-09 12:00:00,2.3,16.1,9.1,97.5,,,,,
FCR,2016,2016-05-09 12:00:00,2.6,16,9.12,97.5,,,,,
FCR,2016,2016-05-09 12:00:00,2.9,15.8,9.12,97.2,6.89,36.9,137.8,128.7,
FCR,2016,2016-05-09 12:00:00,3.2,15.6,9.2,97.1,,,,,
FCR,2016,2016-05-09 12:00:00,3.5,15.1,9.37,98.1,,,,,
FCR,2016,2016-05-09 12:00:00,3.8,14.3,9.45,97.6,3.8,36.4,142,60.8,
FCR,2016,2016-05-09 12:00:00,4.1,13.5,9.46,95.8,,,,,
FCR,2016,2016-05-09 12:00:00,4.4,12.9,9.05,90.2,,,,,
FCR,2016,2016-05-09 12:00:00,4.7,12,8.46,82.9,,,,,
FCR,2016,2016-05-09 12:00:00,5,11.2,8.06,77.6,6.61,35.8,182.8,25.3,
FCR,2016,2016-05-09 12:00:00,5.3,10.3,9.63,90.3,,,,,
FCR,2016,2016-05-09 12:00:00,5.6,10,10.67,100.3,,,,,
FCR,2016,2016-05-09 12:00:00,5.9,9.8,11.06,103.4,,,,,
FCR,2016,2016-05-09 12:00:00,6.2,9.8,11.18,103.8,6.37,36.2,168,8.9,
FCR,2016,2016-05-09 12:00:00,6.5,9.7,11.32,105,,,,,
FCR,2016,2016-05-09 12:00:00,6.8,9.7,11.35,105.5,,,,,
FCR,2016,2016-05-09 12:00:00,7.1,9.7,11.33,105.2,,,,,
FCR,2016,2016-05-09 12:00:00,7.4,9.7,11.3,105.1,,,,,
FCR,2016,2016-05-09 12:00:00,7.7,9.7,11.37,105.7,,,,,
FCR,2016,2016-05-09 12:00:00,8,9.6,11.35,105.2,6.15,36.3,176.4,3.2,
FCR,2016,2016-05-09 12:00:00,8.3,9.6,11.38,105.4,,,,,
FCR,2016,2016-05-09 12:00:00,8.7,9.6,11.31,104.6,,,,,
FCR,2016,2016-05-09 12:00:00,9,9.6,11.35,105.4,6.05,36.1,180.1,1.4,
FCR,2016,2016-05-09 12:00:00,9.3,9.6,11.35,105.6,,,,,
FCR,2016,2016-05-09 12:00:00,777,13,6.05,,6.79,30.8,-1,,
FCR,2016,2016-05-09 12:00:00,999,16.6,8.93,96.8,7.33,198.8,106.7,,
FCR,2016,2016-05-16 12:00:00,0.1,16.7,10.14,108.8,6.97,35.5,249.7,343,Take zoops onthursday at FCR 
FCR,2016,2016-05-16 12:00:00,0.8,16.6,10.12,109.1,6.95,35.5,249.6,222.8,
FCR,2016,2016-05-16 12:00:00,1.6,16.6,10.15,108.6,6.93,35.4,249.7,135.7,
FCR,2016,2016-05-16 12:00:00,2.8,16.6,10.1,109.2,6.91,35.4,250.3,76.35,
FCR,2016,2016-05-16 12:00:00,3.8,15.1,10.21,106.3,6.89,36.4,254.8,35.95,
FCR,2016,2016-05-16 12:00:00,5,12.3,9.06,97,6.74,36.7,264.2,12.32,
FCR,2016,2016-05-16 12:00:00,6.2,10.5,12.7,120,6.62,37.1,272.9,5.121,
FCR,2016,2016-05-16 12:00:00,8,10.1,13.5,126.4,6.5,36.4,274.9,1.376,
FCR,2016,2016-05-16 12:00:00,9,10.1,13.5,125.4,6.41,36.6,277.3,0.6208,
FCR,2016,2016-05-16 12:00:00,9.3,10.08,13.54,125.6,6.4,36.6,,,
FCR,2016,2016-05-16 12:00:00,777,13.1,6.54,,6.8,196.9,22.5,,
FCR,2016,2016-05-16 12:00:00,999,14.9,9.9,,7.09,30.9,106.5,155,
FCR,2016,2016-05-23 12:00:00,0.1,18,7.18,,6.76,35.2,145.2,95,"sediment trap collect @ 8m, 1200 "
FCR,2016,2016-05-23 12:00:00,0.8,17.9,8.19,,6.77,35.2,156.7,63,
FCR,2016,2016-05-23 12:00:00,1.6,17.9,8.28,,6.81,35.1,158.1,30.5,
FCR,2016,2016-05-23 12:00:00,2.8,16.8,8.57,,6.87,35.3,162.8,14.75,
FCR,2016,2016-05-23 12:00:00,3.8,14,8.37,,6.63,37.6,181.7,6.5,
FCR,2016,2016-05-23 12:00:00,5,12.7,8.41,,6.47,36.9,199.3,2.5,
FCR,2016,2016-05-23 12:00:00,6.2,10.5,12.57,,6.36,36.7,200,0.6,
FCR,2016,2016-05-23 12:00:00,8,10.3,13.03,,6.32,36.5,205.8,0.3,
FCR,2016,2016-05-23 12:00:00,9,10.3,13.24,,6.34,36.5,199.8,0.01,
FCR,2016,2016-05-23 12:00:00,777,13.6,4.85,,6.36,197.3,10.5,,
FCR,2016,2016-05-23 12:00:00,999,16.5,5.38,,6.18,31,184.9,,
FCR,2016,2016-05-30 09:04:00,0.1,21.4,9.11,109.3,6.99,37.5,184,946,"Sed trap um 0850, secchi=2.59 @1203 "
FCR,2016,2016-05-30 09:04:00,0.8,21.3,9.14,108.4,6.97,37.2,184.5,380,
FCR,2016,2016-05-30 09:04:00,1.6,20.9,9.6,113.3,7.02,37.7,183.6,223.9,
FCR,2016,2016-05-30 09:04:00,2.8,17.8,10.54,118.1,7.03,38.7,186.3,72.86,
FCR,2016,2016-05-30 09:04:00,3.8,16.1,9.62,103.1,6.98,41.4,195.2,29.52,
FCR,2016,2016-05-30 09:04:00,5,13.1,8.43,85.7,6.72,41.4,202.8,11.34,
FCR,2016,2016-05-30 09:04:00,6.2,11,13.21,126.8,6.43,41.2,210.8,3.91,
FCR,2016,2016-05-30 09:04:00,8,10.8,13.71,130.4,6.27,40.6,216.5,0.7989,
FCR,2016,2016-05-30 09:04:00,9,10.6,13.71,130.4,6.2,40.6,217.7,0.3231,
FCR,2016,2016-05-30 09:04:00,777,13.8,5.19,53.3,6.78,202.1,92.3,,
FCR,2016,2016-05-30 09:04:00,999,20.8,7.68,91,7.06,33.7,-2.4,,
FCR,2016,2016-05-30 10:56:00,0.1,22.2,8.22,100.6,7.17,37.4,173,,
FCR,2016,2016-05-30 10:56:00,0.8,21.8,8.28,99.9,7.18,37.4,173,,
FCR,2016,2016-05-30 10:56:00,1.6,19.9,9.02,105.6,7.09,37.2,181.8,,
FCR,2016,2016-05-30 10:56:00,2.8,18,9.71,108.5,7.08,38.1,176.1,,
FCR,2016,2016-05-30 10:56:00,3.8,15.9,8.86,94.9,6.92,41.6,188.1,,
FCR,2016,2016-05-30 10:56:00,5,12.8,7.82,78.5,6.52,41.1,198.3,,
FCR,2016,2016-05-30 10:56:00,6.2,10.6,11.9,116.1,6.26,40.2,207.8,,
FCR,2016,2016-05-30 10:56:00,8,10.5,12.57,118.6,6.14,38.4,211.7,,
FCR,2016,2016-05-30 10:56:00,9,10.5,12.55,118.4,6.12,38,215.7,,
FCR,2016,2016-05-30 13:23:00,0.1,23.4,8.32,102.9,7.19,37.7,137.9,,
FCR,2016,2016-05-30 13:23:00,0.8,21.4,9.06,108.3,7.15,38,142.8,,
FCR,2016,2016-05-30 13:23:00,1.6,19.9,9.2,106.7,6.99,37.8,149.7,,
FCR,2016,2016-05-30 13:23:00,2.8,18.2,9.95,112.1,7.04,38.3,141,,
FCR,2016,2016-05-30 13:23:00,3.8,16.2,9.47,102.4,6.97,41.3,153.7,,
FCR,2016,2016-05-30 13:23:00,5,13.6,8.08,82.8,6.68,40.8,166.1,,
FCR,2016,2016-05-30 13:23:00,6.2,11.2,10.27,100.8,6.35,40,180.3,,
FCR,2016,2016-05-30 13:23:00,8,10.6,12.63,120.4,6.19,38,188.6,,
FCR,2016,2016-05-30 13:23:00,9,10.6,12.75,121.9,6.15,38.2,193,,
FCR,2016,2016-05-30 15:24:00,0.1,22.9,9.26,113.3,7.18,37.4,169.2,,
FCR,2016,2016-05-30 15:24:00,0.8,20.4,9.54,111.8,6.99,37.8,179.6,,
FCR,2016,2016-05-30 15:24:00,1.6,20,9.55,110.7,6.83,37.6,180.9,,
FCR,2016,2016-05-30 15:24:00,2.8,18.3,9.86,111.8,6.79,37.9,177.8,,
FCR,2016,2016-05-30 15:24:00,3.8,16.6,10.21,111.6,6.74,40.4,181.3,,
FCR,2016,2016-05-30 15:24:00,5,14.7,9.75,103.4,6.58,40.5,189.8,,
FCR,2016,2016-05-30 15:24:00,6.2,11.6,8.67,86.1,6.29,38.6,199.7,,
FCR,2016,2016-05-30 15:24:00,8,10.6,13,124.3,6.16,38.1,206.7,,
FCR,2016,2016-05-30 15:24:00,9,10.6,13.27,126.2,6.12,37.4,209.5,,
FCR,2016,2016-05-30 16:40:00,0.1,23.2,9.31,115.6,7.1,36.5,172,716.4,
FCR,2016,2016-05-30 16:40:00,0.8,20.6,9.6,114.2,6.88,36.7,180,446.8,
FCR,2016,2016-05-30 16:40:00,1.6,19.7,9.6,111.6,6.61,36.7,191,244.9,
FCR,2016,2016-05-30 16:40:00,2.8,18.2,9.86,111,6.77,37.5,178.2,102,
FCR,2016,2016-05-30 16:40:00,3.8,16.1,10.14,111,6.63,38.9,190.4,44.72,
FCR,2016,2016-05-30 16:40:00,5,14.9,9.96,111,6.49,38.8,194.2,13.12,
FCR,2016,2016-05-30 16:40:00,6.2,11.1,9.3,104.8,6.25,38,204,4.288,
FCR,2016,2016-05-30 16:40:00,8,10.6,13.15,93.6,6.09,37.6,213.7,0.8487,
FCR,2016,2016-05-30 16:40:00,9,10.6,13.35,126.4,6.11,38.3,215.5,0.2211,
FCR,2016,2016-05-30 16:40:00,777,13.5,5.92,127.2,6.79,198.6,1.6,,
FCR,2016,2016-05-30 16:40:00,999,22.2,7.92,58.6,7.09,33.1,90.5,,
FCR,2016,2016-05-31 10:46:00,0.1,22.3,8.88,108.5,7.13,37,178.1,1300,
FCR,2016,2016-05-31 10:46:00,0.8,22.2,8.93,108.8,7.11,36.7,177.5,610,
FCR,2016,2016-05-31 10:46:00,1.6,20.1,9.62,113.2,6.91,37.6,138.1,254,
FCR,2016,2016-05-31 10:46:00,2.8,18.1,9.97,110.6,6.75,37.9,101.3,116,
FCR,2016,2016-05-31 10:46:00,3.8,16.9,9.97,108.7,6.63,38.7,197.3,52,
FCR,2016,2016-05-31 10:46:00,5,15,9.79,102.6,6.46,39.7,203.1,23.9,
FCR,2016,2016-05-31 10:46:00,6.2,11.4,12.61,120.7,6.3,38.9,213.3,9.9,
FCR,2016,2016-05-31 10:46:00,8,10.6,13.38,127.1,6.14,37.7,220.7,3,
FCR,2016,2016-05-31 10:46:00,9,10.6,13.36,127,6.11,37.5,223.7,1.1,
FCR,2016,2016-05-31 10:46:00,777,13.7,5.78,59.1,6.82,199.7,1.3,,
FCR,2016,2016-05-31 10:46:00,999,22.5,7.58,92.4,7,32.4,116.1,,
FCR,2016,2016-06-02 12:00:00,0.1,24.2,9.56,120.5,,36.6,616,498.7,"Time for light:223, thunderstorm coming in, variable clouds, time for YSI:230"
FCR,2016,2016-06-02 12:00:00,0.8,23.2,10.19,125.9,,36.6,661.8,464.3,
FCR,2016,2016-06-02 12:00:00,1.6,21.8,10.77,130,,37.4,644.7,452.4,
FCR,2016,2016-06-02 12:00:00,2.8,19.5,10.64,123.3,,37.7,636.7,72.33,
FCR,2016,2016-06-02 12:00:00,3.8,17.1,10.53,114.8,,38.8,633.7,34.48,
FCR,2016,2016-06-02 12:00:00,5,14.8,9.04,94.1,,40.2,634.4,13.2,
FCR,2016,2016-06-02 12:00:00,6.2,12.7,7.14,71.5,,40.4,633.1,4.301,
FCR,2016,2016-06-02 12:00:00,8,11,13.63,129.7,,38.2,632.8,0.9711,
FCR,2016,2016-06-02 12:00:00,9,10.8,13.7,130.5,,38.1,625.9,0.3895,
FCR,2016,2016-06-02 12:00:00,777,14.2,5.55,57.5,6.73,197.5,-19.6,,
FCR,2016,2016-06-02 12:00:00,999,22.5,8.14,100.1,6.87,33.1,176.8,,
FCR,2016,2016-06-06 12:00:00,0.1,24.3,9.37,120,7.37,37.5,131.8,3444,"Zoops in different bottles, Sed traps 1156, YSI at 1145, CMAX @ 3.8 + 5m"
FCR,2016,2016-06-06 12:00:00,0.8,23.8,9.72,120.8,7.41,37.7,147.2,845.4,
FCR,2016,2016-06-06 12:00:00,1.6,22.6,12.04,148.6,7.04,38.2,176.5,109.2,
FCR,2016,2016-06-06 12:00:00,2.8,19.7,11.74,137,6.88,38.6,192.2,83.1,
FCR,2016,2016-06-06 12:00:00,3.8,16.9,11.34,125.6,6.41,39.6,214.4,63.18,
FCR,2016,2016-06-06 12:00:00,5,14.7,8.35,87.5,5.86,41.5,229.8,7.687,
FCR,2016,2016-06-06 12:00:00,6.2,11.4,12.42,122.5,5.62,40.1,240.7,2.626,
FCR,2016,2016-06-06 12:00:00,8,11.1,14.42,138.5,5.6,38.7,244.9,0.517,
FCR,2016,2016-06-06 12:00:00,9,11,14.45,140.1,5.49,38.9,255.5,0.1514,
FCR,2016,2016-06-06 12:00:00,777,14.2,5.55,57.5,6.73,197.5,-19.6,,
FCR,2016,2016-06-06 12:00:00,999,22.5,8.14,100.1,6.87,33.1,176.8,,
FCR,2016,2016-06-13 10:00:00,0.1,23.6,8.85,109.3,7.42,38.8,150.1,1200,"Phytoplankton samples @1.6,3.8,5.0, CMAX~5.0+about 25ug/l: mostly changes (~13-15ug/L)"
FCR,2016,2016-06-13 10:00:00,0.8,23.6,8.73,108.7,7.43,38.8,148.4,717,
FCR,2016,2016-06-13 10:00:00,1.6,23.4,8.71,108.2,7.44,38.7,149.1,530,
FCR,2016,2016-06-13 10:00:00,2.8,20.1,13.09,153.7,7.58,39.6,145,157.4,
FCR,2016,2016-06-13 10:00:00,3.8,18.3,13.22,150.3,7.54,39.5,151.8,75.3,
FCR,2016,2016-06-13 10:00:00,5,15.7,7.98,84.5,7.26,41.2,166.9,32.3,
FCR,2016,2016-06-13 10:00:00,6.2,12,12.75,125.8,6.9,40.9,185.3,17.5,
FCR,2016,2016-06-13 10:00:00,8,11.5,13.5,130.5,6.5,38.6,192.9,2.4,
FCR,2016,2016-06-13 10:00:00,9,11.5,13.52,130.8,6.4,39,195,1.003,
FCR,2016,2016-06-13 10:00:00,777,14,5.43,98.3,4.28,195.2,131.5,,
FCR,2016,2016-06-13 10:00:00,999,20,8.46,55.5,7.3,33.9,158.5,,
FCR,2016,2016-06-20 09:00:00,0.1,23.6,8.58,105.2,7.36,38.2,173.4,1097,"Sed traps, HOBO downloads potentially, outflow, inflow, methane ebullition, DO sonde retrieve 0945, phtodepth 3.8+5, CMAX~28ug/l @ 4m; mostly greens + diatoms "
FCR,2016,2016-06-20 09:00:00,0.8,23.5,8.49,104.8,7.34,38.1,174.8,493,
FCR,2016,2016-06-20 09:00:00,1.6,23.5,8.4,103.6,7.32,38.1,176.8,243.1,
FCR,2016,2016-06-20 09:00:00,2.8,21.7,11.02,131.6,7.33,39.4,179.3,92.57,
FCR,2016,2016-06-20 09:00:00,3.8,18.7,12.51,141.1,7.04,40.6,193.4,36.21,
FCR,2016,2016-06-20 09:00:00,5,15.3,5.55,57.8,6.5,42.5,210.5,13.52,
FCR,2016,2016-06-20 09:00:00,6.2,12.3,11.21,110.6,6.23,41.1,220.7,3.471,
FCR,2016,2016-06-20 09:00:00,8,11.9,12.4,120.2,6.08,40.1,225.6,0.8164,
FCR,2016,2016-06-20 09:00:00,9,11.8,12.43,120.2,6.04,39.9,227.7,0.3299,
FCR,2016,2016-06-20 09:00:00,777,14.5,5.27,54.2,6.75,195.9,-13.2,,
FCR,2016,2016-06-20 09:00:00,999,21.2,9.05,95.1,7.14,33.9,177.5,,
FCR,2016,2016-06-27 09:30:00,0.1,23.6,8.59,107.1,6.79,36.6,161.3,,"VEM on @10:10, Max drop @x hours 15 SCFM"
FCR,2016,2016-06-27 09:30:00,0.8,23.7,8.63,107.6,6.94,36.9,161,,
FCR,2016,2016-06-27 09:30:00,1.6,23.7,8.58,106.7,7.02,36.8,163,,
FCR,2016,2016-06-27 09:30:00,2.8,21.5,9.1,108.2,6.8,39.5,178.1,,
FCR,2016,2016-06-27 09:30:00,3.8,18.3,11.09,123.2,6.15,40,228.5,,
FCR,2016,2016-06-27 09:30:00,5,14.6,4.05,42,6.13,0.3,235.2,,
FCR,2016,2016-06-27 09:30:00,6.2,12.4,12.04,118.9,5.82,43,255.6,,
FCR,2016,2016-06-27 09:30:00,8,12,12.31,120.8,5.6,41,260.7,,
FCR,2016,2016-06-27 09:30:00,9,11.9,12.38,120.5,5.75,41.5,262.2,,
FCR,2016,2016-06-27 09:30:00,777,15.1,4.94,51.8,6.84,194.3,,,
FCR,2016,2016-06-27 09:30:00,999,23,7.56,92.6,6.77,33,159.1,,
FCR,2016,2016-06-27 14:00:00,0.1,25.2,8.12,,7.29,36.9,119.1,,
FCR,2016,2016-06-27 14:00:00,0.8,24.2,8.43,,7.17,36.5,127.3,,
FCR,2016,2016-06-27 14:00:00,1.6,23.4,8.41,,7.09,38.1,133.9,,
FCR,2016,2016-06-27 14:00:00,2.8,21.5,8.44,,6.9,37.5,141.9,,
FCR,2016,2016-06-27 14:00:00,3.8,19.3,10.03,,6.78,39.9,149.9,,
FCR,2016,2016-06-27 14:00:00,5,16.4,5.47,,6.63,41.7,164.1,,
FCR,2016,2016-06-27 14:00:00,6.2,12.7,8.01,,6.24,42.4,183.5,,
FCR,2016,2016-06-27 14:00:00,8,12,11.39,,6.15,40.3,192.4,,
FCR,2016,2016-06-27 14:00:00,9,12,11.5,,6.1,40.4,198.4,,
FCR,2016,2016-06-27 16:00:00,0.1,25.7,8.2,106.1,7.24,37.5,179.3,,
FCR,2016,2016-06-27 16:00:00,0.4,24.4,8.45,106.8,7.24,37.9,178.9,,
FCR,2016,2016-06-27 16:00:00,0.7,23.9,8.5,106.8,7.18,37.6,181.2,,
FCR,2016,2016-06-27 16:00:00,1,23.7,8.5,106.6,7.12,37.7,1824,,
FCR,2016,2016-06-27 16:00:00,1.3,23.4,8.4,104.8,7.09,37.8,183.1,,
FCR,2016,2016-06-27 16:00:00,1.6,23.2,8.42,103.4,7.04,37.8,184.3,,
FCR,2016,2016-06-27 16:00:00,1.9,23.1,8.32,102.6,7.01,37.9,184.6,,
FCR,2016,2016-06-27 16:00:00,2.3,22.6,8.24,101.4,6.96,38,186.4,,
FCR,2016,2016-06-27 16:00:00,2.6,22.4,8.29,101.4,6.92,38.6,188.3,,
FCR,2016,2016-06-27 16:00:00,2.9,21.8,8.38,102.3,9.88,39.1,189.9,,
FCR,2016,2016-06-27 16:00:00,3.2,20.3,9.6,113.6,6.82,40,190.2,,
FCR,2016,2016-06-27 16:00:00,3.5,19.8,10.05,116,6.78,40.4,191,,
FCR,2016,2016-06-27 16:00:00,3.8,18.9,9.66,110.3,6.7,40.6,193.9,,
FCR,2016,2016-06-27 16:00:00,4.1,18.1,8.16,91.2,6.57,40.6,203.5,,
FCR,2016,2016-06-27 16:00:00,4.4,17.5,8.32,92.6,6.51,40.3,201.5,,
FCR,2016,2016-06-27 16:00:00,4.7,16.6,7.3,79.7,6.45,41.1,205.7,,
FCR,2016,2016-06-27 16:00:00,5,16,6.83,72.6,6.34,41.2,212.2,,
FCR,2016,2016-06-27 16:00:00,5.3,15.6,6.31,66.4,6.26,41.6,214,,
FCR,2016,2016-06-27 16:00:00,5.6,15.2,5.44,57.4,6.22,42.2,215.2,,
FCR,2016,2016-06-27 16:00:00,5.9,14.6,4.61,46.3,6.19,42.6,216,,
FCR,2016,2016-06-27 16:00:00,6.2,14,4.36,45.2,6.17,42.3,216.7,,
FCR,2016,2016-06-27 16:00:00,6.5,12.5,8.06,81.3,6.11,41.2,22.13,,
FCR,2016,2016-06-27 16:00:00,6.8,12.1,10.49,103.6,6.1,41,224,,
FCR,2016,2016-06-27 16:00:00,7.1,12,11.06,109.7,6.07,40.5,224.4,,
FCR,2016,2016-06-27 16:00:00,7.4,12,11.29,110.4,6.06,40.3,224.7,,
FCR,2016,2016-06-27 16:00:00,7.7,12,11.24,110.9,6.05,40.3,225.7,,
FCR,2016,2016-06-27 16:00:00,8,12,11.33,110.7,6.04,40.1,226.7,,
FCR,2016,2016-06-27 16:00:00,8.3,12,11.24,110.6,6.05,40.6,230.1,,
FCR,2016,2016-06-27 16:00:00,8.7,11.9,11.3,110.1,6.04,40.2,228.7,,
FCR,2016,2016-06-27 16:00:00,9,11.9,11.31,110.4,6.04,40.2,229.5,,
FCR,2016,2016-06-27 16:00:00,9.3,11.9,11.27,110.2,6.08,40.7,228.8,,
FCR,2016,2016-06-28 14:20:00,0.1,25.9,7.96,103.4,6.86,37.7,114.2,,VEM off @ 10:11
FCR,2016,2016-06-28 14:20:00,0.8,24.2,8.14,102.5,6.87,37.5,116.1,,
FCR,2016,2016-06-28 14:20:00,1.6,23.3,8.14,101.1,6.85,37.8,119.2,,
FCR,2016,2016-06-28 14:20:00,2.8,21.9,7.89,95.4,6.7,38.4,135.1,,
FCR,2016,2016-06-28 14:20:00,3.8,20.5,8.02,94.5,6.56,39.2,143.3,,
FCR,2016,2016-06-28 14:20:00,5,18.5,7.67,87.3,6.43,40.2,154.5,,
FCR,2016,2016-06-28 14:20:00,6.2,15.6,6.44,70.1,6.26,41.8,164.4,,
FCR,2016,2016-06-28 14:20:00,8,12.2,10.97,109.5,6.1,41.5,182.2,,
FCR,2016,2016-06-28 14:20:00,9,12.1,11.38,112.1,6.04,41.5,158.8,,
FCR,2016,2016-06-28 14:20:00,777,14.9,5.1,53.9,6.75,194.4,-4.7,,
FCR,2016,2016-06-28 14:20:00,999,23.8,7.49,94.1,6.97,33.2,147.2,,
FCR,2016,2016-06-30 12:00:00,0.1,24.5,8.51,107.7,7.02,37.6,203,412.2,"Special redox depths: 50-5m, 45-5m, 30-5m, 20-3.5m, 10-2.8m"
FCR,2016,2016-06-30 12:00:00,0.8,24.2,8.69,109.5,6.99,37.6,201.5,246.5,
FCR,2016,2016-06-30 12:00:00,1.6,23.2,9.43,116.7,6.84,37.9,208.2,97,
FCR,2016,2016-06-30 12:00:00,2.8,21.8,8.73,105.1,6.63,38.5,213.3,30.33,
FCR,2016,2016-06-30 12:00:00,3.8,19.9,8.68,100.6,6.41,39.3,222.8,14.14,
FCR,2016,2016-06-30 12:00:00,5,18.2,7.82,88.7,6.26,39.9,228.9,3.585,
FCR,2016,2016-06-30 12:00:00,6.2,15.3,4.42,46.5,6.13,43.8,236.9,0.8965,
FCR,2016,2016-06-30 12:00:00,8,12.4,11.9,117.7,6.04,41.6,244.4,0.145,
FCR,2016,2016-06-30 12:00:00,9,12.2,12.16,119.7,6.03,41.5,247.1,0.04959,
FCR,2016,2016-06-30 12:00:00,777,15,5.45,57,6.78,192.8,-1.1,,
FCR,2016,2016-06-30 12:00:00,999,22.1,8.29,100,7.09,32.5,185,,
FCR,2016,2016-07-05 12:00:00,0.1,22.9,8.58,105.2,6.82,37.5,142.3,175,
FCR,2016,2016-07-05 12:00:00,1.6,22.8,8.66,106.2,6.88,37.5,142.6,67,
FCR,2016,2016-07-05 12:00:00,3.8,20.5,8.43,99.8,6.7,39.6,165.5,15,
FCR,2016,2016-07-05 12:00:00,5,17.8,5.5,61.1,6.25,41.6,177.3,8.2,
FCR,2016,2016-07-05 12:00:00,6.2,15,2.6,27.2,5.83,45.2,207.3,4.6,
FCR,2016,2016-07-05 12:00:00,8,12.6,11.74,117,6.04,43.5,201.7,0.4,
FCR,2016,2016-07-05 12:00:00,9,12.5,11.96,119,5.7,43.2,224.7,0.6,
FCR,2016,2016-07-05 12:00:00,777,15.8,5.33,56.9,5.21,197.5,62,,
FCR,2016,2016-07-05 12:00:00,999,23.3,7.6,94.9,6.86,32.4,134.8,,
FCR,2016,2016-07-11 12:00:00,0.1,25.4,7.7,99.5,7.08,37.5,138.1,201,
FCR,2016,2016-07-11 12:00:00,0.8,25.1,7.77,99.2,7.15,37.2,141.2,143,
FCR,2016,2016-07-11 12:00:00,1.6,24.69,8.25,104.2,7.12,37.9,148.6,116,
FCR,2016,2016-07-11 12:00:00,2.8,22.4,9.1,110.7,6.9,39.9,161.3,51,
FCR,2016,2016-07-11 12:00:00,3.8,20.6,7.45,87.5,6.08,40.2,202.5,48.78,
FCR,2016,2016-07-11 12:00:00,5,18.2,2.62,29.7,6.48,44.3,188.5,15.98,
FCR,2016,2016-07-11 12:00:00,6.2,14.5,2.8,29,6.04,46.8,199.9,2.91,
FCR,2016,2016-07-11 12:00:00,8,13,9.73,97.3,5.99,45.1,209.1,0.289,
FCR,2016,2016-07-11 12:00:00,9,12.8,9.94,99,5.99,44.9,213.3,0.0245,
FCR,2016,2016-07-11 12:00:00,777,23.3,7.48,93,6.92,33,154.6,,
FCR,2016,2016-07-11 12:00:00,999,15.1,5.16,54.2,6.64,195.6,-8.7,,
FCR,2016,2016-07-18 12:00:00,0.1,27.8,8.07,107,6.76,37.9,229.6,415,
FCR,2016,2016-07-18 12:00:00,0.8,26.4,8.17,107.8,6.99,37.7,271.3,180,
FCR,2016,2016-07-18 12:00:00,1.6,25,9.57,123.3,7.16,39.4,181.1,92.75,
FCR,2016,2016-07-18 12:00:00,2.8,24,11.25,140.4,7.15,40.2,182.7,37.2,
FCR,2016,2016-07-18 12:00:00,3.8,21.2,7.963,93.2,6.69,40.8,201.6,17.1,
FCR,2016,2016-07-18 12:00:00,5,17.7,1.31,14.5,6.17,47.2,217.1,5.4,
FCR,2016,2016-07-18 12:00:00,6.2,14.2,4.52,46.2,6.01,48,163.3,1.1,
FCR,2016,2016-07-18 12:00:00,8,13.3,9.2,92.3,5.92,46.9,196.4,0.08,
FCR,2016,2016-07-18 12:00:00,9,13.2,9.3,93.3,5.71,46.9,235.1,0.02,
FCR,2016,2016-07-18 12:00:00,777,25.5,6.97,89.4,6.51,33.5,210.1,,
FCR,2016,2016-07-18 12:00:00,999,15.7,4.91,52.5,6.08,195.8,39.3,,
FCR,2016,2016-07-25 12:00:00,0.1,28.3,7.64,104.7,7.2,37.9,135.1,,"VEM on @ 10:10 7, SCF. @15:22 up to 25 SCFM for 30 min, 17:08 VEM to 12.5 SCFM, 17:11 SSS to 0.400 SCFM"
FCR,2016,2016-07-25 12:00:00,0.8,28.2,7.63,103.2,7.2,37.8,135,,
FCR,2016,2016-07-25 12:00:00,1.6,28.1,7.7,104.1,7.22,37.8,136.3,,
FCR,2016,2016-07-25 12:00:00,2.8,24.4,11.26,142.9,7.25,39.3,138,,
FCR,2016,2016-07-25 12:00:00,3.8,21.7,6.53,78.6,7.06,40.4,153.8,,
FCR,2016,2016-07-25 12:00:00,5,17.4,0.82,8.9,6.14,49.4,187.7,,
FCR,2016,2016-07-25 12:00:00,6.2,16.3,0.43,4.6,5.94,49,167.1,,
FCR,2016,2016-07-25 12:00:00,8,13.7,7.94,80.8,5.89,48.1,182,,
FCR,2016,2016-07-25 12:00:00,9,13.4,8.1,82,5.9,47.4,188.6,,
FCR,2016,2016-07-25 12:00:00,777,25.6,7.19,93.1,6.81,34.5,170.6,,
FCR,2016,2016-07-25 12:00:00,999,15.9,4.84,51.6,6.79,199.7,-21.2,,
FCR,2016,2016-07-27 12:00:00,0.1,27.1,7.23,96.1,6.7,39.5,193.4,,"VEM turned off @ 18:22 pm 7/25, back on 7/26 @ 10:22 am, Turned off @ 11:32 25 SCFM, SSS to 57gpm, 0.500 SCFM @13:30, 1930 YSI post VEM!"
FCR,2016,2016-07-27 12:00:00,0.8,26.7,7.05,93.6,6.62,40.4,197.4,,
FCR,2016,2016-07-27 12:00:00,1.6,26.2,6.66,87,6.53,40.6,202,,
FCR,2016,2016-07-27 12:00:00,2.8,25.2,6.53,84.4,6.46,41.3,205,,
FCR,2016,2016-07-27 12:00:00,3.8,24.9,6.13,78.6,6.38,41.6,208.4,,
FCR,2016,2016-07-27 12:00:00,5,23.5,5.67,70.4,6.3,42.3,213.5,,
FCR,2016,2016-07-27 12:00:00,6.2,20.6,4.07,47.5,6.15,43.3,219.6,,
FCR,2016,2016-07-27 12:00:00,8,13.9,8.1,83.3,5.97,49.9,234.9,,
FCR,2016,2016-07-27 12:00:00,9,13.8,8.38,86.1,5.92,49.8,238.8,,
FCR,2016,2016-07-28 12:00:00,0.1,,,,,,,400,Only PAR
FCR,2016,2016-07-28 12:00:00,0.8,,,,,,,253,
FCR,2016,2016-07-28 12:00:00,1.6,,,,,,,73,
FCR,2016,2016-07-28 12:00:00,2.8,,,,,,,19,
FCR,2016,2016-07-28 12:00:00,3.8,,,,,,,7.6,
FCR,2016,2016-07-28 12:00:00,5,,,,,,,1.6,
FCR,2016,2016-07-28 12:00:00,6.2,,,,,,,0.16,
FCR,2016,2016-07-28 12:00:00,8,,,,,,,0.012,
FCR,2016,2016-07-28 12:00:00,9,,,,,,,0.002,
FCR,2016,2016-08-01 12:00:00,0.1,27.4,8.69,115.4,6.83,39.1,150.8,618,"Weather station download not done, 8m sed traps @11:00"
FCR,2016,2016-08-01 12:00:00,0.8,27.2,8.71,116.3,6.84,39.3,152.8,230,
FCR,2016,2016-08-01 12:00:00,1.6,27.1,8.81,116,6.83,39.1,153.3,104,
FCR,2016,2016-08-01 12:00:00,2.8,25.5,7.02,90.3,6.5,41.1,169.1,45,
FCR,2016,2016-08-01 12:00:00,3.8,24.5,5.25,66.5,6.28,41.5,176.3,17.4,
FCR,2016,2016-08-01 12:00:00,5,22.8,2.74,33.6,6.14,42.6,182.2,6.8,
FCR,2016,2016-08-01 12:00:00,6.2,19.2,0.66,7.6,6.02,48,151.8,1.06,
FCR,2016,2016-08-01 12:00:00,8,14.1,11.97,122.5,5.91,50.3,203.6,0.09,
FCR,2016,2016-08-01 12:00:00,9,14.1,11.96,122.7,5.88,50.4,219.2,0.02,
FCR,2016,2016-08-01 12:00:00,777,26,7.23,94.4,6.72,33.4,181.1,,
FCR,2016,2016-08-01 12:00:00,999,17,4.86,52.9,6.37,198.3,-20.4,,
FCR,2016,2016-08-08 12:00:00,0.1,25.4,8.25,106.5,6.99,39,142,71.3,"ORP act up to 166 and drew moved the YSI unit and cord did not move and reading jumped down to 140 and slowly climed back up, PAR got very wet over BVR MSN and may be reading unhappily, waterlogged values; 120 seems low above surface, although it is totally overcast"
FCR,2016,2016-08-08 12:00:00,0.8,25.4,8.32,107.3,7.02,39.1,142.1,38.5,
FCR,2016,2016-08-08 12:00:00,1.6,25.3,8.36,107.5,6.94,39.1,166,22.3,
FCR,2016,2016-08-08 12:00:00,2.8,24.7,2.95,37.5,6.34,41.7,173.2,9.49,
FCR,2016,2016-08-08 12:00:00,3.8,23.8,1.38,17.3,6.2,42.2,176.6,4.33,
FCR,2016,2016-08-08 12:00:00,5,22.4,0.25,3.1,6.11,44.8,179.5,0.854,
FCR,2016,2016-08-08 12:00:00,6.2,17.9,0.22,2.6,6.21,59.4,10.5,0.351,
FCR,2016,2016-08-08 12:00:00,8,14.6,13.57,140.8,5.41,52.2,187.9,0.084,
FCR,2016,2016-08-08 12:00:00,9,14.6,13.77,142.9,5.42,52.3,210,0.06,
FCR,2016,2016-08-08 12:00:00,777,22.8,7.96,97.1,6.38,32.7,180,,
FCR,2016,2016-08-08 12:00:00,999,17,5.22,56.9,6.7,201.5,-15,,
FCR,2016,2016-08-15 12:00:00,0.1,28.7,8.05,109.2,7.29,39.9,204.9,262,Outflow was taken after a strong thunderstorm 
FCR,2016,2016-08-15 12:00:00,0.8,27.8,7.85,105.2,7.25,39.8,201.1,146.2,
FCR,2016,2016-08-15 12:00:00,1.6,26.7,9.1,120,7.24,39.4,194.8,90.42,
FCR,2016,2016-08-15 12:00:00,2.8,25.4,6.66,85.4,7.01,40.8,200.3,41.98,
FCR,2016,2016-08-15 12:00:00,3.8,24.5,2.84,35.7,6.62,42.2,208.1,18.11,
FCR,2016,2016-08-15 12:00:00,5,22.2,0.4,4.9,6.19,61.6,11,4.69,
FCR,2016,2016-08-15 12:00:00,6.2,18.6,0.39,4.4,6.18,70,-14.4,2.21,
FCR,2016,2016-08-15 12:00:00,8,15.6,14.1,148,6.07,55.1,61.6,0.1545,
FCR,2016,2016-08-15 12:00:00,9,15.2,14.9,156,5.99,54.9,87.3,0.04387,
FCR,2016,2016-08-15 12:00:00,777,25.8,7.79,100.9,7.35,34.8,26,,
FCR,2016,2016-08-15 12:00:00,999,20.3,5.97,5.97,6.99,192.1,-26.7,,
FCR,2016,2016-08-26 12:00:00,0.1,28.4,8.96,122.9,6.44,39.6,139,681,"SSS turned down to .35 @ 16:25, passing cloud"
FCR,2016,2016-08-26 12:00:00,0.8,28.1,8.99,121,6.38,39.6,157.9,203,
FCR,2016,2016-08-26 12:00:00,1.6,26.7,9.01,118.5,6.32,39.2,168.2,90.5,
FCR,2016,2016-08-26 12:00:00,2.8,25.1,6.22,79.6,5.86,40.7,199.6,76.5,
FCR,2016,2016-08-26 12:00:00,3.8,24.9,1.22,15.3,5.19,42.4,133,32.4,
FCR,2016,2016-08-26 12:00:00,5,21.9,0.35,4.2,4.68,73.6,30.4,6.52,
FCR,2016,2016-08-26 12:00:00,6.2,17.4,3.36,36,4.36,56.5,112.4,0.885,
FCR,2016,2016-08-26 12:00:00,8,15.6,16.54,176.2,4.14,55.8,166.4,0.829,
FCR,2016,2016-08-26 12:00:00,9,15.6,16.69,176.7,4.1,56.4,181.5,0.015,
FCR,2016,2016-08-26 12:00:00,777,24.7,8.24,104.8,6.77,34.2,134.5,,
FCR,2016,2016-08-26 12:00:00,999,18.2,5.36,59.8,5.14,202,41.1,,
FCR,2016,2016-09-02 12:00:00,0.1,25.5,8.37,107.1,7.09,40.1,157.7,189,"dead fish in cement containment area @ outflow, would not be surprised with high nutrient values, overcast, dropped a completely insignificant amount of H20 into 8m "
FCR,2016,2016-09-02 12:00:00,1.6,25.5,8.4,108.8,7.06,39.9,157.4,92,
FCR,2016,2016-09-02 12:00:00,2.8,25.5,8.39,108.7,7.02,40,158.5,48.3,
FCR,2016,2016-09-02 12:00:00,3.8,25.2,3.54,45.9,6.48,41.3,176.4,9.42,
FCR,2016,2016-09-02 12:00:00,5,21.5,0.25,5.73,5.73,73.4,-0.2,2.89,
FCR,2016,2016-09-02 12:00:00,6.2,17.3,7.46,81.8,5.5,57.6,108.9,0.071,
FCR,2016,2016-09-02 12:00:00,8,15.9,14.67,156.7,5.12,57,156.8,0.008,
FCR,2016,2016-09-02 12:00:00,9,15.8,14.85,159.2,5.09,56.8,174.7,0.002,
FCR,2016,2016-09-02 12:00:00,777,21,8.38,99.1,6.05,34,222.9,,
FCR,2016,2016-09-02 12:00:00,999,18,5.11,56.8,6.65,205.7,-5.5,,
FCR,2016,2016-09-09 12:00:00,0.1,26.6,8.05,106.9,6.8,40.4,106.1,466,"Not worth using YSI all over the place, passing clouds"
FCR,2016,2016-09-09 12:00:00,0.8,25.8,8.27,107.4,6.7,40.4,113.9,306.1,
FCR,2016,2016-09-09 12:00:00,1.6,25,8.76,112,6.65,40,120.8,236.1,
FCR,2016,2016-09-09 12:00:00,2.8,24.3,9.12,114.6,7.19,40.1,91.9,82.2,
FCR,2016,2016-09-09 12:00:00,3.8,23.7,3.87,48.4,6.9,41.1,106,22.75,
FCR,2016,2016-09-09 12:00:00,5,21,0.49,5.8,5.77,73,46.6,1.115,
FCR,2016,2016-09-09 12:00:00,6.2,17.9,9.33,101.2,5.75,59.6,78.5,0.1755,
FCR,2016,2016-09-09 12:00:00,8,16.2,13.55,148,5.58,57.4,132.7,0.017,
FCR,2016,2016-09-09 12:00:00,9,16,13.93,149.8,4.91,56.7,180.2,0.005,
FCR,2016,2016-09-09 12:00:00,777,22.9,7.86,96.8,6.95,35.3,224.8,,
FCR,2016,2016-09-09 12:00:00,999,18.1,4.97,55.4,6.41,207.3,17,,
FCR,2016,2016-09-20 12:00:00,0.1,23.9,8.23,103,7.29,38.5,240.3,199,"YSI quattro started10:07, ProODO start @ 10:40, Sed trap mishap: one blew over while I was pouring the other one, didnêt think we lost much sediment but did loose H20 volume, need to measure H20 volume for that rep before filtering "
FCR,2016,2016-09-20 12:00:00,0.8,23.8,8.17,102,7.31,38.5,239.8,88.6,
FCR,2016,2016-09-20 12:00:00,1.6,23.7,8.24,102.2,7.32,38.5,239.5,42.3,
FCR,2016,2016-09-20 12:00:00,2.8,23.7,8.12,101.1,7.3,38.5,241.4,17.7,
FCR,2016,2016-09-20 12:00:00,3.8,23.6,8.09,100.6,7.28,38.5,241.7,10.4,
FCR,2016,2016-09-20 12:00:00,5,21.5,0.63,7.5,6.12,59.8,53.4,0.583,
FCR,2016,2016-09-20 12:00:00,6.2,17,7.55,82.3,5.68,55.8,143.8,0.156,
FCR,2016,2016-09-20 12:00:00,8,16.4,10.55,113.8,5.61,56.7,164.1,0.132,
FCR,2016,2016-09-20 12:00:00,9,16.3,10.67,114.5,5.6,56.6,174.3,0.13,
FCR,2016,2016-09-20 12:00:00,777,21.6,8.19,98.1,6.95,32.1,111.9,,
FCR,2016,2016-09-20 12:00:00,999,18,3,38.6,6.72,207.7,-12.6,,
FCR,2016,2016-09-30 12:00:00,0.1,21,7.25,87.1,6.83,37.9,181.3,436,"Lots of rain, hugh outflow, level ~1ft above 0 "
FCR,2016,2016-09-30 12:00:00,0.8,21,7.22,86.3,6.72,37.9,184.5,167,
FCR,2016,2016-09-30 12:00:00,1.6,21.5,7.06,84,6.79,38,182,75.8,
FCR,2016,2016-09-30 12:00:00,2.8,21.4,6.94,82.7,6.73,38.1,184.7,16.8,
FCR,2016,2016-09-30 12:00:00,3.8,20.8,4,47.9,6.34,40.4,215.4,1.73,
FCR,2016,2016-09-30 12:00:00,5,20.3,6,70.1,6.32,35.4,197.2,0.105,
FCR,2016,2016-09-30 12:00:00,6.2,17.7,3.74,40.9,5.76,56.5,146.8,0.006,
FCR,2016,2016-09-30 12:00:00,8,16.6,7.04,82.4,5.78,58.6,182.9,0.014,
FCR,2016,2016-09-30 12:00:00,9,16.6,7.7,83.8,5.67,58.5,196.2,0.008,
FCR,2016,2016-09-30 12:00:00,777,19,8.6,98.2,6.58,27.5,88.8,,
FCR,2016,2016-09-30 12:00:00,999,19.4,5.6,64.5,6.65,188.2,10.4,,
FCR,2016,2016-10-07 12:00:00,0.1,19.6,7.65,88,6.79,37.6,203.1,39.9,
FCR,2016,2016-10-07 12:00:00,0.8,19.7,7.62,87.8,6.82,38.5,202.3,15.9,
FCR,2016,2016-10-07 12:00:00,1.6,19.7,7.58,87.4,6.76,35.5,203.4,6.76,
FCR,2016,2016-10-07 12:00:00,2.8,19.7,7.63,87.9,6.73,35.8,204.7,2.22,
FCR,2016,2016-10-07 12:00:00,3.8,19.4,6.86,78.6,6.65,36.2,207.6,0.711,
FCR,2016,2016-10-07 12:00:00,5,19.3,5.87,67,6.53,36.2,211,0.22,
FCR,2016,2016-10-07 12:00:00,6.2,19.2,5.1,58.3,6.41,38,214.7,0.059,
FCR,2016,2016-10-07 12:00:00,8,18.7,4.11,46.4,6.19,42.1,223.8,0.019,
FCR,2016,2016-10-07 12:00:00,9,18.6,3.91,44.1,6.12,43,226.1,0.117,
FCR,2016,2016-10-14 12:00:00,0.1,16.7,8.53,91.4,6.69,34.8,244.5,,No PAR sensor today 
FCR,2016,2016-10-14 12:00:00,0.8,16.5,8.43,90.3,6.65,35,243,,
FCR,2016,2016-10-14 12:00:00,1.6,16.3,8.16,86.8,6.69,35.1,246.3,,
FCR,2016,2016-10-14 12:00:00,2.8,16.1,8.04,85.5,6.64,35.1,247.8,,
FCR,2016,2016-10-14 12:00:00,3.8,16.1,7.79,82.5,6.61,35,247,,
FCR,2016,2016-10-14 12:00:00,5,16,7.77,82.4,6.56,35.6,249,,
FCR,2016,2016-10-14 12:00:00,6.2,16,7.83,83,6.54,35.3,275.2,,*ORP changed from 251.2 to 275.2
FCR,2016,2016-10-14 12:00:00,8,16,7.87,83.4,6.08,35.2,251.2,,
FCR,2016,2016-10-14 12:00:00,9,16,7.85,83.6,6.55,35.5,249.8,,
FCR,2016,2016-10-14 12:00:00,777,16.1,9.26,98.7,6.39,29.6,261.4,,
FCR,2016,2016-10-14 12:00:00,999,17.5,4.94,54,5,218.9,95.5,,%sat and mg/l mixed up?
FCR,2016,2016-12-02 12:00:00,0.1,8.7,10.57,96,6.53,33.2,349.7,,
FCR,2016,2016-12-02 12:00:00,0.8,8.6,10.52,95.8,6.92,33.2,297.2,,
FCR,2016,2016-12-02 12:00:00,1.6,8.5,10.5,94.5,6.94,33.2,298.6,,
FCR,2016,2016-12-02 12:00:00,2.8,8.4,10.48,94.5,6.93,33.2,300.7,,
FCR,2016,2016-12-02 12:00:00,3.8,8.3,10.25,92.2,6.95,33.1,302.2,,
FCR,2016,2016-12-02 12:00:00,5,8.2,10.09,89.9,6.93,33.2,305.5,,
FCR,2016,2016-12-02 12:00:00,6.2,8,9.91,88.5,6.9,33.2,396.4,,
FCR,2016,2016-12-02 12:00:00,8,7.9,9.7,86.4,6.91,33.2,396.7,,
FCR,2016,2016-12-02 12:00:00,9,7.9,9.66,86,6.93,33.3,313.4,,
FCR,2016,2016-12-02 12:00:00,777,8.4,11.02,99.3,6.65,28.7,328.2,,