Date,Depth_m,Temp_C,Chla_ugL,Turb_NTU,Cond_uScm,Spec_Cond_uScm,DO_mgL,DO_pSat,pH,ORP_mV,PAR,Salinity,Descent Rate (m/s),Flag
2018-05-04T13:50:57Z,0.007,19.625,0.4839,0.5858,35.159,31.388195,8.816,96.269,7.213,352.5332,2340.7,2.080216714,3.73E-09,0
2018-05-04T13:50:57Z,0.007,19.6243,0.4987,0.6048,35.194,31.42515,8.8064,96.177,7.198,352.1345,2341.9,2.082446395,4.10E-08,0
2018-05-04T13:50:57Z,0.007,19.6261,0.4978,0.654,35.214,31.445779,8.7937,96.045,7.188,351.2902,2342,2.083613291,4.51E-07,0
2018-05-04T13:50:57Z,0.007,19.6271,0.4819,0.7538,35.216,31.447086,8.7836,95.933,7.182,350.6711,2340.7,2.083689944,0,0
2018-05-04T13:50:57Z,0.007,19.633,0.481,0.8034,35.21,31.440957,8.7786,95.879,7.18,351.446,2338,2.083025788,0,0
2018-05-04T13:50:57Z,0.006,19.6427,0.4874,0.7958,35.201,31.435183,8.7788,95.887,7.178,353.0017,2337.2,2.081988481,0.001,0
2018-05-04T13:50:57Z,0.006,19.6466,0.486,0.7836,35.205,31.440785,8.7851,95.96,7.17,353.4772,2337.5,2.082049229,0.002,0
2018-05-04T13:50:57Z,0.006,19.6435,0.4817,0.7175,35.212,31.445184,8.7963,96.079,7.155,352.722,2336.8,2.082639264,0.003,0
2018-05-04T13:50:57Z,0.007,19.6422,0.4723,0.6077,35.193,31.424857,8.808,96.196,7.134,351.4419,2335.9,2.081511167,0.004,0
2018-05-04T13:50:57Z,0.009,19.6475,0.4735,0.5546,35.153,31.385544,8.8158,96.271,7.118,350.5611,2335.9,2.078745052,0.005,0
2018-05-04T13:50:57Z,0.011,19.6514,0.4865,0.564,35.116,31.350909,8.8158,96.266,7.112,351.3642,2332.4,2.076235878,0.008,0
2018-05-04T13:50:57Z,0.012,19.6484,0.4735,0.568,35.085,31.323626,8.8105,96.21,7.119,353.2367,2297,2.074438427,0.012,0
2018-05-04T13:50:57Z,0.013,19.6418,0.4364,0.5727,35.067,31.309702,8.8038,96.143,7.136,354.0143,2160.7,2.073630474,0.017,0
2018-05-04T13:50:57Z,0.016,19.6367,0.4142,0.5907,35.068,31.309572,8.7974,96.07,7.161,353.2806,1788.7,2.073940678,0.022,0
2018-05-04T13:50:57Z,0.024,19.6326,0.4163,0.6017,35.091,31.322054,8.7944,96.017,7.189,352.0238,1183.2,2.075581841,0.027,0
2018-05-04T13:50:57Z,0.034,19.6342,0.4344,0.6447,35.116,31.333593,8.7967,96.011,7.217,351.208,638.32,2.077071444,0.031,0
2018-05-04T13:50:57Z,0.045,19.6408,0.4591,0.7144,35.116,31.322056,8.8022,96.039,7.246,351.074,353.39,2.076750281,0.033,0
2018-05-04T13:50:57Z,0.053,19.6396,0.4753,0.7428,35.115,31.309565,8.8083,96.076,7.276,351.2644,262.14,2.076745749,0.033,0
2018-05-04T13:50:57Z,0.06,19.6282,0.4747,0.7438,35.126,31.309566,8.8154,96.126,7.303,351.4441,338.59,2.077989786,0.033,0
2018-05-04T13:50:57Z,0.067,19.61,0.4607,0.6955,35.151,31.32206,8.8213,96.164,7.323,351.2691,512.12,2.080444119,0.033,0
2018-05-04T13:50:57Z,0.075,19.5927,0.4351,0.6169,35.172,31.333588,8.8228,96.159,7.331,350.8691,639.26,2.082605465,0.034,0
2018-05-04T13:50:57Z,0.084,19.5778,0.4128,0.5868,35.165,31.321926,8.8181,96.093,7.332,350.3929,712.73,2.082892848,0.034,0
2018-05-04T13:50:57Z,0.096,19.5629,0.4115,0.5757,35.155,31.30807,8.8077,95.967,7.336,349.5555,914.58,2.082991772,0.034,0
2018-05-04T13:50:57Z,0.106,19.5482,0.4381,0.5742,35.145,31.293069,8.7983,95.849,7.344,349.0901,1151.4,2.083080951,0.033,0
2018-05-04T13:50:57Z,0.114,19.5367,0.4771,0.5999,35.122,31.267562,8.7935,95.783,7.354,349.7559,1176.4,2.082196858,0.031,0
2018-05-04T13:50:57Z,0.12,19.5312,0.4885,0.6115,35.109,31.253696,8.7906,95.743,7.364,350.3792,1408.2,2.081648095,0.029,0
2018-05-04T13:50:57Z,0.126,19.5251,0.484,0.5924,35.109,31.252425,8.7893,95.725,7.375,350.603,1611.7,2.081945745,0.028,0
2018-05-04T13:50:57Z,0.132,19.5157,0.4869,0.5822,35.113,31.252197,8.791,95.734,7.387,350.8269,1355.1,2.082656146,0.028,0
2018-05-04T13:50:57Z,0.139,19.5077,0.4861,0.5793,35.124,31.250939,8.7953,95.75,7.397,349.817,1175.8,2.08373871,0.029,0
2018-05-04T13:50:57Z,0.146,19.5027,0.4831,0.558,35.124,31.237198,8.8,95.764,7.404,348.0292,1025.7,2.083982966,0.032,0
2018-05-04T13:50:57Z,0.154,19.5034,0.4782,0.5376,35.106,31.213056,8.805,95.794,7.409,347.5367,811.92,2.08281631,0.035,0
2018-05-04T13:50:57Z,0.164,19.5035,0.4737,0.5457,35.111,31.213056,8.8092,95.829,7.412,347.8207,758.97,2.083125709,0.038,0
2018-05-04T13:50:57Z,0.174,19.4839,0.4828,0.5655,35.144,31.23719,8.8122,95.85,7.415,348.5367,672.23,2.086160451,0.04,0
2018-05-04T13:50:57Z,0.186,19.4571,0.4972,0.5625,35.166,31.250818,8.8167,95.883,7.417,349.7415,482.19,2.088858347,0.041,0
2018-05-04T13:50:57Z,0.197,19.4477,0.5003,0.5714,35.174,31.25081,8.8219,95.919,7.419,349.0516,340.74,2.089823055,0.042,0
2018-05-04T13:50:57Z,0.207,19.4457,0.4928,0.5817,35.166,31.237077,8.8238,95.921,7.419,346.734,286.94,2.089416991,0.042,0
2018-05-04T13:50:57Z,0.217,19.4377,0.4799,0.5644,35.141,31.211788,8.8216,95.889,7.419,345.81,238.88,2.088234231,0.041,0
2018-05-04T13:50:57Z,0.228,19.4308,0.4736,0.5763,35.128,31.199078,8.8173,95.839,7.42,346.1398,195.71,2.08775322,0.04,0
2018-05-04T13:50:57Z,0.239,19.4188,0.4803,0.6033,35.146,31.210414,8.8136,95.786,7.421,347.0224,184.06,2.089476033,0.039,0
2018-05-04T13:50:57Z,0.249,19.4051,0.4877,0.5849,35.17,31.221829,8.8123,95.746,7.421,348.4789,181.24,2.091661724,0.039,0
2018-05-04T13:50:57Z,0.258,19.4038,0.4894,0.5689,35.168,31.210064,8.8113,95.706,7.422,349.2955,180.61,2.091599303,0.039,0
2018-05-04T13:50:57Z,0.268,19.4054,0.4916,0.5919,35.159,31.195166,8.8101,95.675,7.422,348.7229,179.23,2.090952936,0.039,0
2018-05-04T13:50:57Z,0.277,19.3999,0.4961,0.5885,35.135,31.168711,8.8122,95.685,7.422,347.4919,176.45,2.089709505,0.039,0
2018-05-04T13:50:57Z,0.286,19.383,0.4983,0.5575,35.118,31.144225,8.8172,95.711,7.421,346.8873,174.46,2.089467013,0.04,0
2018-05-04T13:50:57Z,0.296,19.3652,0.4904,0.5836,35.148,31.153125,8.8226,95.72,7.416,347.1781,174.9,2.092234571,0.042,0
2018-05-04T13:50:57Z,0.307,19.3566,0.4834,0.6607,35.163,31.149278,8.8277,95.729,7.411,347.9097,177.76,2.093604331,0.044,0
2018-05-04T13:50:57Z,0.318,19.3543,0.487,0.6958,35.118,31.097688,8.832,95.744,7.407,348.4192,183.77,2.090876546,0.045,0
2018-05-04T13:50:57Z,0.331,19.3437,0.4877,0.6733,35.067,31.037411,8.8345,95.73,7.403,348.6064,186.43,2.088177512,0.047,0
2018-05-04T13:50:57Z,0.345,19.3112,0.4837,0.632,35.046,30.992027,8.8367,95.68,7.4,348.5391,183.08,2.088447502,0.047,0
2018-05-04T13:50:57Z,0.357,19.2818,0.4928,0.6242,35.012,30.929971,8.8386,95.613,7.397,348.1213,180.84,2.087743335,0.046,0
2018-05-04T13:50:57Z,0.368,19.2733,0.5239,0.6395,34.97,30.858622,8.8392,95.525,7.396,347.9436,184.38,2.085505305,0.045,0
2018-05-04T13:50:57Z,0.379,19.2585,0.5478,0.603,34.917,30.764401,8.8422,95.427,7.393,348.0251,188.53,2.082879934,0.045,0
2018-05-04T13:50:57Z,0.39,19.2134,0.5435,0.5494,34.894,30.679793,8.8511,95.347,7.391,348.2456,184.9,2.083637786,0.044,0
2018-05-04T13:50:57Z,0.4,19.1632,0.5355,0.5412,35.022,30.724656,8.8635,95.294,7.389,349.4912,180.07,2.09421895,0.044,0
2018-05-04T13:50:57Z,0.412,19.1262,0.5343,0.5643,35.322,30.925693,8.8719,95.214,7.386,350.9545,183.97,2.115089902,0.045,0
2018-05-04T13:50:57Z,0.425,19.0587,0.5375,0.5853,35.631,31.141682,8.8735,95.082,7.381,350.9674,198.59,2.138121382,0.048,0
2018-05-04T13:50:57Z,0.436,18.9579,0.5461,0.5808,35.734,31.176811,8.8737,94.935,7.375,350.421,208.17,2.149794854,0.051,0
2018-05-04T13:50:57Z,0.447,18.857,0.5474,0.5706,35.639,31.032829,8.8751,94.785,7.37,349.8545,216.46,2.148863017,0.053,0
2018-05-04T13:50:57Z,0.462,18.7664,0.5441,0.5839,35.513,30.861429,8.8771,94.639,7.367,349.1945,226.66,2.145412167,0.053,0
2018-05-04T13:50:57Z,0.479,18.696,0.5427,0.6201,35.457,30.75556,8.8746,94.459,7.366,350.1845,237.84,2.145408329,0.052,0
2018-05-04T13:50:57Z,0.494,18.623,0.5397,0.6419,35.451,30.70532,8.8551,94.13,7.368,352.3601,245.84,2.148749448,0.051,0
2018-05-04T13:50:57Z,0.507,18.5325,0.5351,0.6035,35.406,30.634967,8.8145,93.613,7.369,353.1293,223.82,2.150485259,0.05,0
2018-05-04T13:50:57Z,0.518,18.4439,0.5337,0.5534,35.325,30.539967,8.7567,92.932,7.369,352.9464,221.09,2.149804398,0.048,0
2018-05-04T13:50:57Z,0.528,18.3602,0.5412,0.5546,35.247,30.445737,8.6866,92.116,7.365,352.4713,267.49,2.149060649,0.047,0
2018-05-04T13:50:57Z,0.538,18.2949,0.5524,0.5866,35.147,30.321201,8.6146,91.251,7.36,351.4286,304.21,2.145942035,0.047,0
2018-05-04T13:50:57Z,0.551,18.2558,0.5582,0.6055,35.042,30.177283,8.5542,90.472,7.355,350.9226,294.33,2.141145804,0.048,0
2018-05-04T13:50:57Z,0.566,18.2236,0.5562,0.5997,34.955,30.039206,8.5161,89.9,7.35,352.2033,281.12,2.137155367,0.05,0
2018-05-04T13:50:57Z,0.579,18.1908,0.5465,0.5774,34.901,29.921754,8.5033,89.578,7.346,354.611,296.37,2.135330855,0.053,0
2018-05-04T13:50:57Z,0.591,18.1388,0.5333,0.5497,34.887,29.836674,8.5131,89.487,7.343,355.7707,303.27,2.13708364,0.055,0
2018-05-04T13:50:57Z,0.604,18.0593,0.5243,0.5391,34.893,29.772481,8.542,89.606,7.342,355.2976,325.36,2.141553254,0.056,0
2018-05-04T13:50:57Z,0.619,17.9671,0.5217,0.5416,34.898,29.717057,8.5865,89.916,7.34,354.4833,341.48,2.146627277,0.056,0
2018-05-04T13:50:57Z,0.634,17.8648,0.5201,0.5488,34.907,29.674509,8.6455,90.4,7.34,354.2713,287.43,2.152505169,0.057,0
2018-05-04T13:50:57Z,0.649,17.7551,0.5229,0.5651,34.916,29.639,8.7181,91.04,7.34,355.1423,256.22,2.158793053,0.059,0
2018-05-04T13:50:57Z,0.664,17.653,0.5368,0.5857,34.925,29.605185,8.8005,91.788,7.34,356.6693,313.04,2.164711746,0.059,0
2018-05-04T13:50:57Z,0.679,17.5681,0.5505,0.6453,34.945,29.583126,8.8865,92.578,7.34,357.6773,465.79,2.170476651,0.058,0
2018-05-04T13:50:57Z,0.694,17.4984,0.5509,0.7363,34.962,29.562755,8.9736,93.388,7.337,357.7797,588.63,2.175263167,0.057,0
2018-05-04T13:50:57Z,0.709,17.4379,0.5507,0.8003,34.983,29.549345,9.0597,94.198,7.332,357.4771,516.38,2.179841938,0.055,0
2018-05-04T13:50:57Z,0.723,17.3786,0.5569,0.8401,35.012,29.547959,9.138,94.939,7.325,357.1155,428.52,2.184898576,0.051,0
2018-05-04T13:50:57Z,0.738,17.3218,0.5534,0.8521,35.029,29.545961,9.2016,95.554,7.321,356.5915,477.54,2.18904004,0.047,0
2018-05-04T13:50:57Z,0.75,17.2721,0.5448,0.8221,35.012,29.525167,9.2494,96.031,7.321,356.0456,497.75,2.190556917,0.044,0
2018-05-04T13:50:57Z,0.759,17.2286,0.5443,0.7836,34.975,29.487042,9.2821,96.35,7.321,356.4512,427.62,2.190417503,0.044,0
2018-05-04T13:50:57Z,0.764,17.1883,0.5477,0.7821,34.969,29.466021,9.2997,96.488,7.319,357.5377,462.34,2.192167682,0.046,0
2018-05-04T13:50:57Z,0.773,17.1622,0.567,0.8046,34.988,29.461486,9.3037,96.47,7.317,357.9977,531.03,2.194825032,0.051,0
2018-05-04T13:50:57Z,0.788,17.1598,0.6026,0.812,34.979,29.432179,9.2979,96.349,7.316,357.9695,451.15,2.194354066,0.056,0
2018-05-04T13:50:57Z,0.807,17.157,0.6204,0.8097,34.933,29.365668,9.2894,96.18,7.316,358.0573,331.29,2.191442533,0.061,0
2018-05-04T13:50:57Z,0.826,17.13,0.6168,0.8075,34.885,29.292299,9.2819,96.009,7.314,357.5102,272.34,2.189688337,0.066,0
2018-05-04T13:50:57Z,0.844,17.0951,0.6332,0.7854,34.863,29.243586,9.2734,95.834,7.307,356.4309,310.22,2.190085406,0.068,0
2018-05-04T13:50:57Z,0.86,17.0729,0.6703,0.7566,34.873,29.221171,9.2643,95.65,7.295,356.1928,448.36,2.191937378,0.066,0
2018-05-04T13:50:57Z,0.877,17.031,0.68,0.7646,34.898,29.211745,9.257,95.488,7.285,356.5245,538.29,2.195846902,0.062,0
2018-05-04T13:50:57Z,0.895,16.976,0.6671,0.7905,34.899,29.193088,9.2524,95.385,7.282,357.0864,475,2.198863814,0.059,0
2018-05-04T13:50:57Z,0.911,16.94,0.6713,0.7948,34.836,29.122565,9.2511,95.322,7.284,357.8239,389.6,2.196584906,0.057,0
2018-05-04T13:50:57Z,0.921,16.8936,0.685,0.7859,34.798,29.057572,9.2526,95.243,7.287,356.9227,359.13,2.196533968,0.057,0
2018-05-04T13:50:57Z,0.932,16.8394,0.6859,0.7745,34.832,29.042242,9.2566,95.158,7.291,354.7947,347.22,2.201727936,0.058,0
2018-05-04T13:50:57Z,0.948,16.8172,0.6818,0.7487,34.829,29.000663,9.2611,95.09,7.295,354.1208,375.24,2.202723256,0.061,0
2018-05-04T13:50:57Z,0.965,16.8089,0.6818,0.7477,34.794,28.935809,9.264,95.019,7.299,354.5384,380.59,2.200822505,0.064,0
2018-05-04T13:50:57Z,0.983,16.7562,0.695,0.7932,34.786,28.893084,9.2674,94.95,7.302,355.2838,328.13,2.203128309,0.068,0
2018-05-04T13:50:57Z,1.001,16.6785,0.7124,0.811,34.794,28.865044,9.2704,94.882,7.304,356.4221,295.69,2.207868868,0.071,0
2018-05-04T13:50:57Z,1.019,16.626,0.7089,0.8106,34.812,28.850744,9.2707,94.802,7.304,356.9449,286.73,2.211929264,0.071,0
2018-05-04T13:50:57Z,1.038,16.5811,0.707,0.8189,34.842,28.847158,9.2711,94.722,7.303,355.8399,312.53,2.216394572,0.071,0
2018-05-04T13:50:57Z,1.056,16.5241,0.7269,0.8191,34.85,28.821655,9.2771,94.691,7.3,353.7313,344.28,2.220043789,0.069,0
2018-05-04T13:50:57Z,1.074,16.4723,0.7476,0.844,34.857,28.796351,9.2891,94.725,7.294,352.615,306.02,2.223349388,0.064,0
2018-05-04T13:50:57Z,1.091,16.4354,0.7454,0.8451,34.886,28.79518,9.3037,94.803,7.291,352.4957,260.12,2.227334568,0.058,0
2018-05-04T13:50:57Z,1.107,16.3945,0.7279,0.8025,34.921,28.807462,9.3211,94.934,7.292,353.0642,250.13,2.231953327,0.053,0
2018-05-04T13:50:57Z,1.12,16.3462,0.7189,0.7868,34.943,28.817824,9.3381,95.083,7.292,354.2393,261.07,2.236106985,0.051,0
2018-05-04T13:50:57Z,1.127,16.2999,0.7204,0.8082,34.921,28.793452,9.3498,95.184,7.291,354.3139,304.91,2.237169062,0.053,0
2018-05-04T13:50:57Z,1.135,16.2617,0.727,0.8467,34.905,28.766783,9.3578,95.226,7.288,353.1926,318.19,2.238192764,0.058,0
2018-05-04T13:50:57Z,1.149,16.2388,0.7349,0.8558,34.909,28.749372,9.3602,95.19,7.285,352.4689,276.24,2.239731719,0.065,0
2018-05-04T13:50:57Z,1.17,16.2295,0.7324,0.7962,34.889,28.709911,9.3521,95.042,7.283,352.3603,316.44,2.238884635,0.072,0
2018-05-04T13:50:57Z,1.193,16.2276,0.7249,0.706,34.87,28.670643,9.3355,94.804,7.285,352.4813,397.96,2.237695823,0.077,0
2018-05-04T13:50:57Z,1.218,16.2085,0.727,0.6192,34.88,28.655571,9.312,94.499,7.288,352.8143,358.24,2.239433253,0.077,0
2018-05-04T13:50:57Z,1.24,16.1717,0.7301,0.5716,34.899,28.654641,9.2834,94.161,7.292,353.1165,283.46,2.242767347,0.073,0
2018-05-04T13:50:57Z,1.258,16.1418,0.7258,0.5571,34.916,28.659383,9.2565,93.862,7.295,353.469,257.72,2.245587126,0.066,0
2018-05-04T13:50:57Z,1.271,16.1074,0.7484,0.5357,34.913,28.649401,9.2383,93.657,7.298,353.6343,253.92,2.24729588,0.06,0
2018-05-04T13:50:57Z,1.282,16.0686,0.8101,0.5574,34.865,28.597436,9.2337,93.574,7.299,353.1355,249.82,2.246176914,0.055,0
2018-05-04T13:50:57Z,1.293,16.0439,0.8469,0.575,34.816,28.539071,9.2415,93.603,7.298,352.6868,228.58,2.244202131,0.052,0
2018-05-04T13:50:57Z,1.307,16.0353,0.8442,0.565,34.81,28.515211,9.2545,93.679,7.298,352.7693,211.92,2.244270144,0.052,0
2018-05-04T13:50:57Z,1.322,16.0291,0.8319,0.6499,34.813,28.499417,9.2669,93.754,7.297,352.9292,208.57,2.244819979,0.053,0
2018-05-04T13:50:57Z,1.337,16.011,0.8088,0.7769,34.803,28.47509,9.2794,93.835,7.296,353.587,210.34,2.245143413,0.053,0
2018-05-04T13:50:57Z,1.35,15.9826,0.7854,0.8191,34.818,28.475065,9.2934,93.94,7.296,354.6995,218.84,2.247753187,0.052,0
2018-05-04T13:50:57Z,1.362,15.9533,0.7796,0.8246,34.857,28.499092,9.3077,94.061,7.296,355.024,232.48,2.252061307,0.05,0
2018-05-04T13:50:57Z,1.376,15.9275,0.7841,0.8442,34.875,28.511582,9.3202,94.18,7.295,354.7566,237.73,2.254739024,0.05,0
2018-05-04T13:50:57Z,1.387,15.9048,0.7854,0.8421,34.859,28.49908,9.3301,94.283,7.288,354.4782,234.96,2.254913039,0.05,0
2018-05-04T13:50:57Z,1.397,15.8852,0.7855,0.8299,34.828,28.474939,9.3407,94.393,7.281,353.8944,234.12,2.25388358,0.05,0
2018-05-04T13:50:57Z,1.41,15.8733,0.7856,0.8189,34.829,28.473691,9.3549,94.53,7.277,353.2047,237.66,2.254618916,0.049,0
2018-05-04T13:50:57Z,1.426,15.871,0.8044,0.8009,34.848,28.483989,9.3691,94.66,7.277,354.1403,246.63,2.256052114,0.049,0
2018-05-04T13:50:57Z,1.441,15.8734,0.8387,0.7953,34.842,28.472445,9.3766,94.715,7.278,356.4303,255.33,2.25550496,0.049,0
2018-05-04T13:50:57Z,1.451,15.8777,0.8502,0.8114,34.84,28.4611,9.3753,94.676,7.28,357.405,259.43,2.255126308,0.051,0
2018-05-04T13:50:57Z,1.46,15.8733,0.8518,0.8133,34.867,28.473811,9.3668,94.562,7.28,357.149,252.86,2.25722689,0.053,0
2018-05-04T13:50:57Z,1.472,15.8652,0.8586,0.7262,34.91,28.499121,9.3561,94.427,7.28,356.3464,246.23,2.260634914,0.054,0
2018-05-04T13:50:57Z,1.488,15.8569,0.8596,0.6128,34.938,28.513114,9.3485,94.324,7.28,355.1865,255.07,2.263025082,0.055,0
2018-05-04T13:50:57Z,1.507,15.8423,0.8546,0.6019,34.949,28.515975,9.3415,94.236,7.281,355.5997,270.57,2.264602687,0.056,0
2018-05-04T13:50:57Z,1.524,15.8276,0.844,0.6248,34.972,28.533714,9.3355,94.171,7.281,357.5571,284.7,2.267012211,0.056,0
2018-05-04T13:50:57Z,1.536,15.8145,0.8318,0.6153,34.98,28.537094,9.3351,94.158,7.282,358.6349,287.12,2.268301466,0.056,0
2018-05-04T13:50:57Z,1.547,15.8002,0.8266,0.6403,34.94,28.493338,9.3402,94.178,7.282,358.5642,277.69,2.266356363,0.057,0
2018-05-04T13:50:57Z,1.559,15.7892,0.8362,0.7124,34.905,28.449153,9.3476,94.208,7.28,357.9927,278.43,2.264567978,0.058,0
2018-05-04T13:50:57Z,1.574,15.7921,0.8472,0.7859,34.917,28.44734,9.3504,94.204,7.278,357.1451,290.27,2.265229863,0.061,0
2018-05-04T13:50:57Z,1.592,15.7918,0.8492,0.8269,34.95,28.47141,9.344,94.132,7.276,356.7477,294.68,2.26751736,0.065,0
2018-05-04T13:50:57Z,1.611,15.7736,0.8606,0.8714,34.969,28.486165,9.3273,93.962,7.273,357.1466,288.2,2.269853034,0.067,0
2018-05-04T13:50:57Z,1.63,15.7463,0.8841,0.9581,34.99,28.49874,9.2971,93.643,7.27,358.0958,280.83,2.272843907,0.067,0
2018-05-04T13:50:57Z,1.648,15.7258,0.9031,0.9911,34.998,28.496452,9.2561,93.206,7.269,358.8467,270.48,2.274556497,0.065,0
2018-05-04T13:50:57Z,1.664,15.7267,0.9162,0.9641,34.963,28.458487,9.2121,92.735,7.269,358.9992,272.02,2.272092063,0.062,0
2018-05-04T13:50:57Z,1.678,15.7315,0.9229,0.8765,34.929,28.420702,9.17,92.283,7.27,358.821,296.07,2.269476286,0.058,0
2018-05-04T13:50:57Z,1.692,15.7231,0.919,0.6951,34.942,28.420587,9.1344,91.894,7.27,358.5843,311.45,2.270847349,0.056,0
2018-05-04T13:50:57Z,1.706,15.7083,0.9151,0.5707,35.001,28.457087,9.1074,91.589,7.27,358.4597,302,2.275754327,0.055,0
2018-05-04T13:50:57Z,1.72,15.694,0.9223,0.5629,35.046,28.481,9.0915,91.394,7.269,358.1743,285.08,2.279670846,0.056,0
2018-05-04T13:50:57Z,1.733,15.6803,0.9416,0.6006,35.031,28.455695,9.0907,91.351,7.267,357.9732,290.43,2.279414161,0.057,0
2018-05-04T13:50:57Z,1.747,15.6654,0.9643,0.6299,34.986,28.405116,9.1042,91.449,7.267,358.4377,306.92,2.277153956,0.058,0
2018-05-04T13:50:57Z,1.762,15.6472,0.9763,0.6429,34.97,28.377436,9.1247,91.613,7.266,358.8859,307.68,2.277082788,0.058,0
2018-05-04T13:50:57Z,1.778,15.6288,0.9767,0.6354,34.986,28.375014,9.1457,91.781,7.265,359.0048,306.85,2.279234217,0.058,0
2018-05-04T13:50:57Z,1.795,15.612,0.9597,0.6004,35.006,28.375807,9.1674,91.955,7.265,359.1009,326.23,2.281572918,0.058,0
2018-05-04T13:50:57Z,1.81,15.5926,0.927,0.5861,35.038,28.387009,9.1855,92.094,7.264,358.5851,338.68,2.284892101,0.058,0
2018-05-04T13:50:57Z,1.823,15.5708,0.9033,0.5841,35.053,28.383442,9.1951,92.148,7.263,357.6725,319.18,2.28717501,0.058,0
2018-05-04T13:50:57Z,1.836,15.5486,0.9025,0.5763,35.009,28.332652,9.196,92.113,7.261,357.4456,327.82,2.285396803,0.059,0
2018-05-04T13:50:57Z,1.85,15.5267,0.9174,0.583,34.965,28.280907,9.1875,91.985,7.259,357.6481,372.43,2.28359945,0.061,0
2018-05-04T13:50:57Z,1.866,15.5054,0.9186,0.5745,34.965,28.265775,9.1704,91.77,7.257,357.7971,368.88,2.284815982,0.063,0
2018-05-04T13:50:57Z,1.885,15.4835,0.917,0.5642,34.998,28.276675,9.1485,91.506,7.256,358.2154,326.84,2.288356824,0.065,0
2018-05-04T13:50:57Z,1.904,15.4605,0.9257,0.5817,35.031,28.285674,9.1286,91.258,7.255,358.8337,324.84,2.291964607,0.065,0
2018-05-04T13:50:57Z,1.921,15.4387,0.9217,0.6017,35.008,28.247554,9.1169,91.084,7.254,358.2175,345.66,2.291618278,0.064,0
2018-05-04T13:50:57Z,1.936,15.4176,0.9153,0.6533,34.972,28.196755,9.1162,91.018,7.252,356.5301,350.44,2.290328046,0.063,0
2018-05-04T13:50:57Z,1.95,15.3945,0.9127,0.748,34.975,28.179447,9.126,91.061,7.251,355.9838,349.52,2.291862377,0.061,0
2018-05-04T13:50:57Z,1.964,15.3699,0.909,0.8313,34.979,28.165262,9.1434,91.186,7.248,356.2587,388.17,2.29355398,0.061,0
2018-05-04T13:50:57Z,1.981,15.3418,0.9165,0.8669,34.984,28.152222,9.167,91.374,7.242,356.5834,434.71,2.295518415,0.06,0
2018-05-04T13:50:57Z,1.998,15.309,0.9386,0.8438,35,28.148758,9.1958,91.614,7.235,357.2427,398.3,2.298522622,0.056,0
2018-05-04T13:50:57Z,2.013,15.2803,0.965,0.7952,34.987,28.123357,9.2246,91.859,7.23,356.9175,362.61,2.29927244,0.051,0
2018-05-04T13:50:57Z,2.028,15.2568,0.9874,0.7668,34.974,28.099089,9.2441,92.013,7.229,355.5768,380.92,2.299722513,0.045,0
2018-05-04T13:50:57Z,2.039,15.2321,0.9975,0.7757,35,28.109323,9.2497,92.038,7.229,354.9705,369.96,2.302964774,0.04,0
2018-05-04T13:50:57Z,2.044,15.2085,0.9949,0.7812,35.023,28.120081,9.2436,91.956,7.229,354.9205,342.02,2.305937778,0.036,0
2018-05-04T13:50:57Z,2.049,15.1867,0.9925,0.7723,35.003,28.102146,9.2319,91.833,7.229,355.1446,346.39,2.305804184,0.032,0
2018-05-04T13:50:57Z,2.056,15.1669,0.9876,0.7895,34.977,28.082977,9.2223,91.743,7.228,355.874,347.34,2.305134659,0.03,0
2018-05-04T13:50:57Z,2.066,15.1506,0.9722,0.8063,34.971,28.078816,9.2155,91.677,7.228,356.3404,327.59,2.305660158,0.031,0
2018-05-04T13:50:57Z,2.076,15.1377,0.9637,0.7609,34.944,28.051834,9.211,91.618,7.228,356.1377,321.66,2.304519261,0.036,0
2018-05-04T13:50:57Z,2.083,15.1343,0.9663,0.6684,34.905,28.010729,9.2095,91.574,7.227,355.5732,334.78,2.301987478,0.045,0
2018-05-04T13:50:57Z,2.089,15.1424,0.9676,0.6042,34.865,27.962805,9.2128,91.562,7.225,355.2799,352.95,2.298720131,0.055,0
2018-05-04T13:50:57Z,2.101,15.146,0.9704,0.565,34.834,27.916869,9.2208,91.582,7.221,355.5164,346.54,2.296343484,0.066,0
2018-05-04T13:50:57Z,2.123,15.1359,0.9816,0.5601,34.844,27.899788,9.2315,91.62,7.216,355.9382,316.21,2.297626073,0.08,0
2018-05-04T13:50:57Z,2.151,15.1235,1.0019,0.6369,34.863,27.883248,9.2448,91.661,7.21,356.3357,323.48,2.299672055,0.095,0
2018-05-04T13:50:57Z,2.177,15.1006,1.0225,0.7304,34.865,27.843849,9.2597,91.691,7.203,356.6226,350.12,2.301137677,0.107,0
2018-05-04T13:50:57Z,2.204,15.0668,1.0378,0.7752,34.872,27.804369,9.2757,91.722,7.197,356.8266,344.67,2.303587654,0.114,0
2018-05-04T13:50:57Z,2.236,15.0369,1.0397,0.8125,34.902,27.786834,9.2912,91.756,7.192,356.9095,342.9,2.307427447,0.117,0
2018-05-04T13:50:57Z,2.271,14.9923,1.0178,0.8448,34.912,27.758781,9.306,91.799,7.187,356.7644,335.37,2.310725329,0.117,0
2018-05-04T13:50:57Z,2.303,14.9284,0.9941,0.8304,34.9,27.719133,9.3181,91.834,7.183,356.6207,304.84,2.313610495,0.116,0
2018-05-04T13:50:57Z,2.329,14.8617,0.9831,0.7905,34.895,27.688415,9.3248,91.825,7.18,356.6344,305.17,2.317160389,0.115,0
2018-05-04T13:50:57Z,2.355,14.7991,0.9859,0.7898,34.867,27.641331,9.3266,91.771,7.178,356.9294,319.19,2.318856086,0.114,0
2018-05-04T13:50:57Z,2.384,14.7481,1.0084,0.8223,34.839,27.594304,9.3214,91.649,7.175,357.6932,299.74,2.319873238,0.115,0
2018-05-04T13:50:57Z,2.413,14.7071,1.0352,0.8172,34.833,27.564278,9.3108,91.473,7.173,358.384,291.21,2.321859465,0.119,0
2018-05-04T13:50:57Z,2.442,14.6698,1.0427,0.7887,34.825,27.532248,9.2996,91.288,7.17,358.3989,306.79,2.323489207,0.123,0
2018-05-04T13:50:57Z,2.474,14.6344,1.0357,0.7828,34.848,27.524502,9.2867,91.088,7.169,358.1308,298.85,2.327205573,0.121,0
2018-05-04T13:50:57Z,2.51,14.5998,1.0244,0.8076,34.887,27.534093,9.2794,90.956,7.169,357.8953,275.55,2.332015266,0.112,0
2018-05-04T13:50:57Z,2.548,14.5634,0.9972,0.8138,34.887,27.521183,9.2784,90.911,7.172,357.5311,261.41,2.334171062,0.1,0
2018-05-04T13:50:57Z,2.576,14.526,0.9741,0.7959,34.863,27.495397,9.2723,90.832,7.175,357.0832,257.87,2.334684581,0.085,0
2018-05-04T13:50:57Z,2.589,14.4858,0.9742,0.8045,34.849,27.476296,9.2698,90.784,7.177,357.2979,257.61,2.336076711,0.069,0
2018-05-04T13:50:57Z,2.594,14.452,0.9812,0.796,34.869,27.480716,9.2719,90.772,7.177,358.1484,253.23,2.339510613,0.054,0
2018-05-04T13:50:57Z,2.603,14.4376,0.9849,0.7857,34.89,27.485334,9.2765,90.782,7.178,358.4177,259.34,2.341863647,0.042,0
2018-05-04T13:50:57Z,2.616,14.4319,0.9816,0.8019,34.883,27.468617,9.2904,90.887,7.178,358.1448,271.11,2.341704485,0.037,0
2018-05-04T13:50:57Z,2.626,14.4219,0.9777,0.8092,34.896,27.469082,9.304,90.99,7.179,357.688,264,2.343226807,0.036,0
2018-05-04T13:50:57Z,2.635,14.4029,0.9841,0.813,34.938,27.490932,9.3136,91.053,7.181,357.1103,248.99,2.347354883,0.036,0
2018-05-04T13:50:57Z,2.643,14.3832,1.0035,0.8173,34.939,27.478801,9.3256,91.135,7.183,356.8383,246.15,2.348604487,0.035,0
2018-05-04T13:50:57Z,2.651,14.369,1.0295,0.8306,34.919,27.449396,9.3385,91.221,7.184,357.4118,247.79,2.348027401,0.034,0
2018-05-04T13:50:57Z,2.659,14.3548,1.0407,0.8206,34.937,27.452871,9.3433,91.239,7.187,358.6231,251.6,2.350162043,0.035,0
2018-05-04T13:50:57Z,2.668,14.3391,1.0277,0.7871,34.945,27.4573,9.3351,91.154,7.189,359.1803,260.5,2.35167406,0.036,0
2018-05-04T13:50:57Z,2.677,14.3216,1.002,0.7919,34.911,27.439443,9.3243,91.075,7.19,358.8144,259.03,2.350294918,0.038,0
2018-05-04T13:50:57Z,2.687,14.2991,0.9867,0.8174,34.876,27.427468,9.3185,91.06,7.191,358.1569,251.66,2.349142763,0.041,0
2018-05-04T13:50:57Z,2.698,14.2806,0.9898,0.8215,34.884,27.439529,9.3121,91.014,7.191,357.6836,251.98,2.350823862,0.043,0
2018-05-04T13:50:57Z,2.71,14.2782,0.9849,0.8112,34.919,27.458294,9.3036,90.906,7.192,357.9964,245.83,2.353470479,0.044,0
2018-05-04T13:50:57Z,2.721,14.2913,0.9733,0.8142,34.937,27.463837,9.2932,90.78,7.192,359.0139,235.21,2.353970138,0.045,0
2018-05-04T13:50:57Z,2.734,14.3233,0.9774,0.8279,34.916,27.443045,9.2852,90.689,7.192,359.7468,237.9,2.350548357,0.046,0
2018-05-04T13:50:57Z,2.746,14.3371,0.9802,0.8246,34.879,27.397382,9.2873,90.664,7.192,359.8889,245.74,2.347078878,0.046,0
2018-05-04T13:50:57Z,2.757,14.3122,0.979,0.8045,34.869,27.356192,9.2966,90.658,7.192,359.6999,246.2,2.347855331,0.047,0
2018-05-04T13:50:57Z,2.768,14.294,0.9905,0.8596,34.878,27.325969,9.3017,90.603,7.192,359.4405,242.1,2.349588931,0.048,0
2018-05-04T13:50:57Z,2.781,14.3027,0.9996,1.0028,34.869,27.285914,9.3022,90.513,7.192,359.3337,238.35,2.348423753,0.048,0
2018-05-04T13:50:57Z,2.794,14.2862,0.9967,1.0711,34.867,27.252836,9.3019,90.42,7.192,359.0972,230.6,2.349269487,0.048,0
2018-05-04T13:50:57Z,2.807,14.2211,0.9924,1.0436,34.896,27.243478,9.298,90.292,7.191,359.0758,220.17,2.355254916,0.047,0
2018-05-04T13:50:57Z,2.82,14.1671,1.003,0.9764,34.936,27.23623,9.2903,90.109,7.191,359.591,220.57,2.361376831,0.045,0
2018-05-04T13:50:57Z,2.831,14.1238,1.0241,0.8683,34.989,27.22866,9.2812,89.884,7.19,359.9921,228.12,2.367799604,0.042,0
2018-05-04T13:50:57Z,2.84,14.075,1.0368,0.8043,35.035,27.215378,9.273,89.665,7.19,360.1399,227.12,2.374067306,0.039,0
2018-05-04T13:50:57Z,2.849,14.0356,1.037,0.8137,35.071,27.202578,9.2655,89.478,7.189,360.2589,220.35,2.3790564,0.036,0
2018-05-04T13:50:57Z,2.858,13.9836,1.0359,0.8292,35.107,27.20085,9.2567,89.309,7.189,360.3132,215.25,2.384825645,0.034,0
2018-05-04T13:50:57Z,2.867,13.9076,1.0413,0.8396,35.128,27.194449,9.2449,89.134,7.189,359.9353,212.99,2.390999497,0.033,0
2018-05-04T13:50:57Z,2.875,13.8307,1.0474,0.8477,35.141,27.188658,9.2301,88.945,7.188,359.3896,210.42,2.396670917,0.032,0
2018-05-04T13:50:57Z,2.882,13.7735,1.0545,0.8351,35.162,27.194312,9.2131,88.751,7.188,359.4806,203.2,2.401723163,0.031,0
2018-05-04T13:50:57Z,2.89,13.7331,1.0527,0.8099,35.18,27.199299,9.195,88.552,7.187,359.8309,196.57,2.405529239,0.031,0
2018-05-04T13:50:57Z,2.899,13.7021,1.0353,0.7869,35.178,27.185454,9.1824,88.397,7.186,360.1833,196.88,2.407306075,0.031,0
2018-05-04T13:50:57Z,2.906,13.6784,1.0283,0.8018,35.16,27.153891,9.1762,88.287,7.186,360.6436,198.32,2.407469111,0.032,0
2018-05-04T13:50:57Z,2.914,13.6648,1.0416,0.8376,35.169,27.135141,9.1695,88.153,7.185,359.9765,193,2.408967629,0.034,0
2018-05-04T13:50:57Z,2.923,13.6557,1.049,0.8226,35.226,27.149211,9.1643,88.018,7.183,358.3981,188.35,2.413677661,0.035,0
2018-05-04T13:50:57Z,2.932,13.6396,1.0436,0.7735,35.245,27.133472,9.1643,87.936,7.181,357.8204,186.41,2.416062429,0.036,0
2018-05-04T13:50:57Z,2.942,13.6144,1.0409,0.762,35.199,27.071799,9.1651,87.871,7.18,357.9818,181.9,2.414285211,0.038,0
2018-05-04T13:50:57Z,2.951,13.5783,1.0445,0.8053,35.186,27.038472,9.1627,87.783,7.179,358.1119,179.47,2.415589177,0.04,0
2018-05-04T13:50:57Z,2.961,13.5318,1.0406,0.8398,35.227,27.047977,9.1585,87.683,7.178,358.7061,179.74,2.421484075,0.042,0
2018-05-04T13:50:57Z,2.972,13.4862,1.0119,0.8429,35.262,27.059707,9.15,87.56,7.177,359.5735,178.38,2.426897256,0.043,0
2018-05-04T13:50:57Z,2.985,13.4503,0.9739,0.8425,35.264,27.053289,9.1347,87.391,7.175,358.8777,174.32,2.429298621,0.045,0
2018-05-04T13:50:57Z,2.996,13.4197,0.9672,0.8358,35.25,27.033871,9.1169,87.196,7.173,356.9179,169.11,2.430199242,0.047,0
2018-05-04T13:50:57Z,3.007,13.3832,0.9861,0.8232,35.236,27.01541,9.0966,86.98,7.172,356.1834,166.68,2.431472503,0.047,0
2018-05-04T13:50:57Z,3.02,13.3605,0.9906,0.8113,35.248,27.020555,9.0729,86.743,7.171,356.5358,169.73,2.433782403,0.047,0
2018-05-04T13:50:57Z,3.032,13.3581,0.9846,0.8449,35.276,27.032574,9.0531,86.527,7.169,357.2204,171.21,2.435985554,0.047,0
2018-05-04T13:50:57Z,3.044,13.3429,0.9874,0.8929,35.313,27.033731,9.0407,86.335,7.168,358.1802,164.34,2.439658483,0.047,0
2018-05-04T13:50:57Z,3.056,13.3251,0.9871,0.8737,35.367,27.034512,9.0331,86.153,7.167,358.7619,157.83,2.444746438,0.046,0
2018-05-04T13:50:57Z,3.068,13.3286,0.972,0.8258,35.435,27.041969,9.0279,85.983,7.165,358.2317,158.27,2.449513198,0.045,0
2018-05-04T13:50:57Z,3.079,13.3243,0.9614,0.8031,35.519,27.060341,9.0227,85.811,7.162,356.845,160.9,2.455950792,0.045,0
2018-05-04T13:50:57Z,3.091,13.2801,0.9696,0.8128,35.581,27.066111,9.0166,85.641,7.16,356.1061,161.42,2.463325097,0.046,0
2018-05-04T13:50:57Z,3.102,13.2168,0.9795,0.8203,35.6,27.048179,9.0077,85.471,7.157,356.3536,160.15,2.468776766,0.047,0
2018-05-04T13:50:57Z,3.113,13.1545,0.9795,0.8032,35.616,27.033979,8.9977,85.304,7.155,356.8258,160.42,2.473958456,0.047,0
2018-05-04T13:50:57Z,3.126,13.0889,0.9972,0.7892,35.637,27.021399,8.9916,85.169,7.152,357.1688,164.37,2.47973709,0.048,0
2018-05-04T13:50:57Z,3.14,13.0248,1.0457,0.8032,35.676,27.023031,8.9899,85.079,7.15,357.403,167.52,2.486767763,0.048,0
2018-05-04T13:50:57Z,3.152,12.9826,1.079,0.8192,35.744,27.053671,8.9882,85.008,7.147,357.593,166.23,2.494543632,0.047,0
2018-05-04T13:50:57Z,3.163,12.9535,1.088,0.7994,35.794,27.074363,8.9862,84.944,7.144,357.3153,165.89,2.500145931,0.047,0
2018-05-04T13:50:57Z,3.174,12.9083,1.0802,0.8084,35.832,27.082698,8.9866,84.892,7.141,356.5403,167.88,2.505919621,0.047,0
2018-05-04T13:50:57Z,3.186,12.8639,1.05,0.898,35.877,27.090934,8.9878,84.837,7.138,356.0519,166.54,2.512173846,0.047,0
2018-05-04T13:50:57Z,3.198,12.838,1.035,0.9971,35.935,27.110415,8.9861,84.757,7.135,355.8841,159.29,2.518190511,0.048,0
2018-05-04T13:50:57Z,3.211,12.8188,1.0455,1.0303,35.986,27.127727,8.9806,84.649,7.132,355.8881,154.34,2.523251761,0.05,0
2018-05-04T13:50:57Z,3.224,12.7914,1.0668,0.9634,35.997,27.109742,8.9747,84.522,7.129,356.1862,157.36,2.525880756,0.052,0
2018-05-04T13:50:57Z,3.237,12.7515,1.0911,0.8591,36.011,27.083414,8.9657,84.342,7.126,356.8207,164.53,2.529564794,0.052,0
2018-05-04T13:50:57Z,3.251,12.7156,1.0991,0.8069,36.038,27.063349,8.9466,84.057,7.124,357.4512,169.65,2.533960506,0.051,0
2018-05-04T13:50:57Z,3.265,12.6932,1.0998,0.7899,36.078,27.057581,8.9125,83.642,7.121,357.4428,166.24,2.538436587,0.048,0
2018-05-04T13:50:57Z,3.278,12.6586,1.1093,0.8069,36.144,27.077135,8.8653,83.122,7.119,357.3219,158.59,2.545676372,0.045,0
2018-05-04T13:50:57Z,3.289,12.6028,1.1122,0.8291,36.219,27.109247,8.8183,82.618,7.117,357.1939,152.58,2.555024926,0.043,0
2018-05-04T13:50:57Z,3.298,12.5437,1.1067,0.815,36.276,27.128337,8.7778,82.179,7.115,356.8418,149.55,2.563271739,0.042,0
2018-05-04T13:50:57Z,3.306,12.4923,1.1075,0.7886,36.288,27.117427,8.7349,81.727,7.112,357.8834,152.26,2.567640225,0.042,0
2018-05-04T13:50:57Z,3.315,12.4524,1.1032,0.7535,36.283,27.10431,8.6927,81.307,7.108,360.0651,158.68,2.569961492,0.044,0
2018-05-04T13:50:57Z,3.327,12.4211,1.092,0.726,36.282,27.096718,8.6615,80.997,7.103,360.9364,161.82,2.572004919,0.048,0
2018-05-04T13:50:57Z,3.34,12.389,1.092,0.732,36.299,27.089123,8.6421,80.765,7.098,360.7607,157.92,2.575461556,0.05,0
2018-05-04T13:50:57Z,3.354,12.3536,1.1033,0.7644,36.327,27.07596,8.6272,80.541,7.095,360.2647,149.13,2.579977513,0.05,0
2018-05-04T13:50:57Z,3.37,12.3449,1.1086,0.7824,36.363,27.064523,8.6088,80.275,7.094,359.4126,142.47,2.583284783,0.048,0
2018-05-04T13:50:57Z,3.385,12.3477,1.0734,0.7665,36.426,27.077784,8.5858,79.978,7.09,359.0623,142.52,2.587846472,0.045,0
2018-05-04T13:50:57Z,3.394,12.3171,1.0086,0.7552,36.497,27.109271,8.5595,79.678,7.087,360.2447,147.01,2.595297843,0.04,0
2018-05-04T13:50:57Z,3.401,12.2654,0.9691,0.7676,36.534,27.127726,8.5305,79.386,7.085,362.352,151.3,2.601640514,0.036,0
2018-05-04T13:50:57Z,3.409,12.2093,0.9635,0.7946,36.509,27.11041,8.5015,79.118,7.083,363.29,151.74,2.603606088,0.032,0
2018-05-04T13:50:57Z,3.416,12.1596,0.9957,0.8064,36.473,27.090398,8.4755,78.892,7.08,363.1539,148.78,2.604300105,0.03,0
2018-05-04T13:50:57Z,3.424,12.1296,1.0552,0.7885,36.453,27.076258,8.4564,78.716,7.077,362.5128,144.22,2.604850485,0.03,0
2018-05-04T13:50:57Z,3.433,12.1202,1.0939,0.7919,36.458,27.066446,8.447,78.596,7.075,361.3893,140.78,2.60587801,0.029,0
2018-05-04T13:50:57Z,3.441,12.1213,1.1059,0.8172,36.525,27.098745,8.4443,78.53,7.073,360.7553,138.02,2.610888138,0.028,0
2018-05-04T13:50:57Z,3.448,12.1363,1.1171,0.8807,36.6,27.149267,8.4398,78.476,7.071,361.3855,133.88,2.615543628,0.027,0
2018-05-04T13:50:57Z,3.453,12.1453,1.119,0.9797,36.626,27.169319,8.4312,78.396,7.069,362.814,131.37,2.616893488,0.027,0
2018-05-04T13:50:57Z,3.459,12.1198,1.1011,1.0072,36.624,27.150704,8.4244,78.291,7.067,363.5731,132.18,2.618508443,0.028,0
2018-05-04T13:50:57Z,3.465,12.0842,1.0946,0.9996,36.628,27.114671,8.4197,78.155,7.064,363.25,136.35,2.621282298,0.03,0
2018-05-04T13:50:57Z,3.473,12.0804,1.1037,1.0097,36.691,27.114588,8.4155,78.002,7.062,362.5211,140.35,2.626335481,0.033,0
2018-05-04T13:50:57Z,3.483,12.1003,1.1007,0.9769,36.801,27.149643,8.4105,77.844,7.06,362.0731,138.79,2.633310795,0.036,0
2018-05-04T13:50:57Z,3.493,12.0757,1.0954,0.9387,36.868,27.157482,8.4005,77.651,7.057,361.9639,135.22,2.640123245,0.038,0
2018-05-04T13:50:57Z,3.503,12.0133,1.1047,0.9443,36.905,27.145823,8.3855,77.42,7.054,361.9752,133.02,2.647313404,0.04,0
2018-05-04T13:50:57Z,3.514,11.9475,1.1117,0.9533,36.945,27.135632,8.3703,77.185,7.052,362.2952,131.37,2.654993628,0.042,0
2018-05-04T13:50:57Z,3.524,11.8799,1.1067,0.9558,36.949,27.097726,8.3567,76.961,7.049,362.9078,130.17,2.660072284,0.043,0
2018-05-04T13:50:57Z,3.535,11.8265,1.0986,0.9748,36.959,27.068438,8.3402,76.723,7.046,363.4453,127.92,2.664618735,0.044,0
2018-05-04T13:50:57Z,3.547,11.7767,1.0963,0.9997,37.035,27.098967,8.3167,76.447,7.043,363.5459,125.4,2.673982195,0.044,0
2018-05-04T13:50:57Z,3.559,11.7218,1.0978,1.0128,37.119,27.149327,8.2842,76.122,7.038,363.3491,125.35,2.684349318,0.04,0
2018-05-04T13:50:57Z,3.572,11.6654,1.0801,1.0413,37.146,27.169351,8.2461,75.773,7.035,362.6151,127.33,2.690467354,0.031,0
2018-05-04T13:50:57Z,3.584,11.6105,1.0484,1.0697,37.103,27.150574,8.2072,75.444,7.032,361.8125,128.82,2.691099312,0.019,0
2018-05-04T13:50:57Z,3.589,11.5748,1.0361,1.0517,37.014,27.112809,8.1658,75.128,7.029,362.2486,128.07,2.686802961,0.007,0
2018-05-04T13:50:57Z,3.586,11.5631,1.0321,1.0367,36.939,27.093759,8.1237,74.823,7.025,362.8971,126.07,2.681858333,-0.003,0
2018-05-04T13:50:57Z,3.577,11.5634,1.0091,1.0411,36.92,27.110764,8.0889,74.573,7.023,362.9428,126.66,2.680371848,-0.009,0
2018-05-04T13:50:57Z,3.569,11.5768,0.9783,1.0136,36.909,27.127961,8.0656,74.417,7.02,363.3177,129.68,2.678564465,-0.009,0
2018-05-04T13:50:57Z,3.565,11.6174,0.9632,0.9781,36.859,27.111211,8.0563,74.378,7.016,363.9029,132.31,2.671810589,-0.002,0
2018-05-04T13:50:57Z,3.565,11.6759,0.9643,0.9785,36.849,27.098761,8.0633,74.431,7.011,363.1354,132.89,2.666873093,0.012,0
2018-05-04T13:50:57Z,3.569,11.7161,0.974,0.9881,36.914,27.104425,8.0832,74.517,7.006,361.436,130.91,2.669007742,0.027,0
2018-05-04T13:50:57Z,3.579,11.744,0.9792,0.9718,37.023,27.116148,8.1112,74.617,7.002,360.9081,128.25,2.675390282,0.042,0
2018-05-04T13:50:57Z,3.594,11.7876,0.9721,0.9647,37.122,27.113423,8.1417,74.724,6.999,361.2269,125.42,2.679876184,0.053,0
2018-05-04T13:50:57Z,3.612,11.7901,0.9612,0.9934,37.151,27.071404,8.1658,74.8,6.996,362.0207,121.61,2.681921114,0.06,0
2018-05-04T13:50:57Z,3.631,11.7203,0.9573,1.0143,37.18,27.052517,8.1758,74.799,6.993,363.3648,118.07,2.689140957,0.063,0
2018-05-04T13:50:57Z,3.65,11.623,0.9621,1.0034,37.238,27.07551,8.1686,74.688,6.991,364.1423,119.13,2.700599258,0.061,0
2018-05-04T13:50:57Z,3.665,11.5081,0.9642,0.9839,37.281,27.095391,8.1487,74.48,6.988,363.0757,122.33,2.712229214,0.056,0
2018-05-04T13:50:57Z,3.679,11.4197,0.9641,0.9915,37.32,27.102401,8.1221,74.189,6.985,360.8795,122.18,2.72167806,0.048,0
2018-05-04T13:50:57Z,3.69,11.3682,0.9605,1.0038,37.346,27.096744,8.0898,73.839,6.983,359.958,124.44,2.727455312,0.038,0
2018-05-04T13:50:57Z,3.699,11.345,0.9574,0.9499,37.33,27.09046,8.0477,73.465,6.981,360.1936,126.07,2.727910591,0.028,0
2018-05-04T13:50:57Z,3.705,11.3452,0.9637,0.8587,37.272,27.089925,7.9963,73.09,6.979,360.8024,120.63,2.723392551,0.019,0
2018-05-04T13:50:57Z,3.709,11.3138,0.9633,0.8163,37.223,27.090316,7.9498,72.747,6.978,361.6404,115.16,2.721881105,0.013,0
2018-05-04T13:50:57Z,3.709,11.2593,0.9518,0.8033,37.228,27.095235,7.9176,72.455,6.975,361.4639,113.56,2.726257129,0.012,0
2018-05-04T13:50:57Z,3.707,11.2553,0.9359,0.824,37.235,27.085905,7.8961,72.226,6.972,360.3894,115.18,2.727094976,0.018,0
2018-05-04T13:50:57Z,3.707,11.344,0.9178,0.9143,37.225,27.040988,7.8873,72.062,6.967,359.7478,118.7,2.719831439,0.03,0
2018-05-04T13:50:57Z,3.712,11.4153,0.9077,0.9798,37.298,26.996596,7.8957,71.922,6.959,359.6433,121.09,2.720293001,0.044,0
2018-05-04T13:50:57Z,3.727,11.3891,0.9047,0.9741,37.487,26.993536,7.9082,71.727,6.95,359.9,120.34,2.736862871,0.055,0
2018-05-04T13:50:57Z,3.753,11.3709,0.8912,0.9684,37.67,27.003837,7.9096,71.471,6.941,360.443,116.69,2.752404129,0.06,0
2018-05-04T13:50:57Z,3.779,11.3577,0.8652,0.9718,37.76,26.994012,7.9043,71.259,6.936,360.8739,112.59,2.760368751,0.059,0
2018-05-04T13:50:57Z,3.797,11.2153,0.8465,0.9538,37.824,27.001667,7.8989,71.127,6.931,361.3244,109.67,2.775937447,0.049,0
2018-05-04T13:50:57Z,3.805,10.9871,0.8393,0.9641,37.888,27.032847,7.8894,71.01,6.926,361.7597,109.39,2.798081371,0.034,0
2018-05-04T13:50:57Z,3.809,10.8144,0.8425,1.0047,37.908,27.053514,7.8707,70.856,6.923,361.5763,112.8,2.812754267,0.017,0
2018-05-04T13:50:57Z,3.809,10.7255,0.8492,1.0177,37.877,27.06106,7.8464,70.702,6.922,360.9138,116.87,2.817087803,0.002,0
2018-05-04T13:50:57Z,3.806,10.6821,0.8466,1,37.818,27.060618,7.8239,70.59,6.922,360.5478,117.37,2.815737567,-0.006,0
2018-05-04T13:50:57Z,3.8,10.6635,0.8472,0.974,37.755,27.048218,7.8024,70.466,6.921,360.5918,113.03,2.812172138,-0.009,0
2018-05-04T13:50:57Z,3.795,10.6689,0.8667,0.9766,37.715,27.038164,7.7772,70.279,6.92,360.7587,109.68,2.808594347,-0.008,0
2018-05-04T13:50:57Z,3.792,10.7119,0.8986,1.0016,37.736,27.066069,7.7492,70.053,6.92,361.2745,110.38,2.806979423,-0.003,0
2018-05-04T13:50:57Z,3.792,10.783,0.9201,1.0321,37.73,27.068146,7.7234,69.833,6.92,362.0097,110.64,2.80110116,0.008,0
2018-05-04T13:50:57Z,3.793,10.8272,0.9245,1.0401,37.65,26.999794,7.7075,69.665,6.917,362.4209,111.22,2.791446254,0.023,0
2018-05-04T13:50:57Z,3.798,10.844,0.915,1.0066,37.635,26.938087,7.7067,69.549,6.912,362.8046,111.01,2.788995655,0.039,0
2018-05-04T13:50:57Z,3.809,10.8613,0.9065,0.9935,37.713,26.893469,7.7168,69.425,6.907,363.1216,105.5,2.793830586,0.054,0
2018-05-04T13:50:57Z,3.828,10.8743,0.9131,1.0037,37.815,26.841189,7.7281,69.26,6.902,362.8984,99.163,2.800875946,0.067,0
2018-05-04T13:50:57Z,3.853,10.8733,0.9131,1.0075,37.94,26.813822,7.7353,69.077,6.897,362.6008,96.698,2.810791961,0.078,0
2018-05-04T13:50:57Z,3.877,10.8149,0.9061,1.0099,38.075,26.816432,7.738,68.903,6.892,363.3952,96.213,2.825885431,0.086,0
2018-05-04T13:50:57Z,3.897,10.6653,0.8743,0.9711,38.168,26.809158,7.7348,68.719,6.885,364.9322,95.493,2.844737104,0.091,0
2018-05-04T13:50:57Z,3.918,10.4809,0.8138,0.905,38.233,26.789294,7.7243,68.489,6.878,365.5252,94.728,2.864211582,0.094,0
2018-05-04T13:50:57Z,3.941,10.3225,0.7809,0.851,38.288,26.766682,7.7074,68.21,6.873,365.403,94.077,2.881009473,0.095,0
2018-05-04T13:50:57Z,3.967,10.2023,0.7707,0.8068,38.313,26.726189,7.6863,67.903,6.869,365.0893,92.991,2.892497178,0.099,0
2018-05-04T13:50:57Z,3.995,10.1153,0.7545,0.7981,38.329,26.680622,7.6618,67.568,6.867,364.5717,92.262,2.900682968,0.104,0
2018-05-04T13:50:57Z,4.022,10.0309,0.7327,0.8062,38.386,26.660147,7.6345,67.203,6.866,364.4783,91.609,2.912001004,0.108,0
2018-05-04T13:50:57Z,4.049,9.9492,0.7178,0.8132,38.485,26.669055,7.6023,66.798,6.861,365.509,89.999,2.926545146,0.11,0
2018-05-04T13:50:57Z,4.078,9.8763,0.7121,0.7908,38.545,26.661274,7.5634,66.354,6.855,367.2248,88.611,2.9372784,0.111,0
2018-05-04T13:50:57Z,4.108,9.8047,0.7284,0.719,38.553,26.629514,7.5221,65.916,6.85,368.0161,88.69,2.943723681,0.112,0
2018-05-04T13:50:57Z,4.136,9.7249,0.822,0.8308,38.554,26.602491,7.4848,65.531,6.847,367.8492,88.573,2.95028843,0.112,0
2018-05-04T13:50:57Z,4.164,9.6414,0.944,1.1349,38.573,26.588491,7.4537,65.205,6.846,367.2719,86.428,2.958647079,0.111,0
2018-05-04T13:50:57Z,4.192,9.5766,0.972,1.2218,38.612,26.587212,7.4292,64.934,6.846,366.543,83.955,2.967137923,0.107,0
2018-05-04T13:50:57Z,4.222,9.5288,0.9409,1.0886,38.647,26.586993,7.414,64.753,6.847,366.6932,82.807,2.973928123,0.102,0
2018-05-04T13:50:57Z,4.249,9.4966,0.9437,1.0495,38.669,26.585819,7.4108,64.692,6.847,367.6261,83.127,2.978381895,0.096,0
2018-05-04T13:50:57Z,4.273,9.466,0.9872,1.1455,38.661,26.572995,7.421,64.766,6.847,368.1857,83.571,2.980251637,0.09,0
2018-05-04T13:50:57Z,4.293,9.4228,1.0353,1.1825,38.65,26.55893,7.4458,64.971,6.845,368.2116,82.638,2.982920091,0.083,0
2018-05-04T13:50:57Z,4.312,9.3919,1.0292,1.0998,38.663,26.542758,7.4807,65.223,6.844,367.9389,81.43,2.986545604,0.077,0
2018-05-04T13:50:57Z,4.33,9.3695,0.9874,1.1222,38.674,26.504426,7.5195,65.47,6.843,367.5556,80.45,2.989306431,0.072,0
2018-05-04T13:50:57Z,4.348,9.3594,0.98,1.27,38.701,26.476391,7.5626,65.751,6.842,367.4484,79.291,2.992363854,0.071,0
2018-05-04T13:50:57Z,4.364,9.3689,0.9947,1.3304,38.736,26.457723,7.6069,66.048,6.84,367.417,77.959,2.994450958,0.073,0
2018-05-04T13:50:57Z,4.38,9.3355,0.9906,1.2419,38.728,26.405663,7.647,66.301,6.839,367.1763,76.954,2.996571069,0.077,0
2018-05-04T13:50:57Z,4.399,9.2614,0.9756,1.085,38.728,26.354852,7.685,66.526,6.838,367.2057,76.686,3.002749151,0.08,0
2018-05-04T13:50:57Z,4.423,9.2011,0.9969,1.0811,38.799,26.351288,7.728,66.791,6.837,367.6,76.397,3.013655807,0.081,0
2018-05-04T13:50:57Z,4.448,9.1518,1.0459,1.226,38.883,26.362513,7.7797,67.143,6.835,367.729,76.124,3.024745012,0.08,0
2018-05-04T13:50:57Z,4.472,9.0917,1.0453,1.2186,38.937,26.363535,7.8419,67.606,6.834,367.6463,76.531,3.034292261,0.078,0
2018-05-04T13:50:57Z,4.492,9.0234,1.0259,1.1444,38.973,26.363612,7.9129,68.167,6.834,367.7182,76.918,3.0430717,0.073,0
2018-05-04T13:50:57Z,4.506,8.9544,1.0419,1.1529,38.995,26.363412,7.9909,68.807,6.833,367.3932,76.328,3.05077605,0.069,0
2018-05-04T13:50:57Z,4.519,8.8919,1.0635,1.1689,39.005,26.361113,8.0828,69.578,6.831,366.7294,74.605,3.05694924,0.067,0
2018-05-04T13:50:57Z,4.534,8.8468,1.0948,1.2469,38.977,26.335811,8.1838,70.434,6.828,366.7474,72.867,3.058475701,0.067,0
2018-05-04T13:50:57Z,4.551,8.8174,1.1166,1.3022,38.947,26.311455,8.2822,71.271,6.825,367.1794,72.249,3.058490444,0.071,0
2018-05-04T13:50:57Z,4.57,8.7996,1.1343,1.3185,38.965,26.320601,8.3747,72.061,6.822,367.3932,72.149,3.061520555,0.076,0
2018-05-04T13:50:57Z,4.592,8.7891,1.171,1.414,38.969,26.319403,8.4602,72.787,6.819,367.6974,71.896,3.062755463,0.08,0
2018-05-04T13:50:57Z,4.615,8.7814,1.1743,1.4182,38.944,26.296972,8.5371,73.437,6.816,368.1902,71.505,3.061325742,0.084,0
2018-05-04T13:50:57Z,4.637,8.7762,1.1089,1.2473,38.962,26.303363,8.6075,74.029,6.812,367.9314,71.314,3.063276413,0.086,0
2018-05-04T13:50:57Z,4.659,8.7734,1.0238,1.0877,39.015,26.333169,8.6681,74.538,6.808,366.9779,70.704,3.067948358,0.088,0
2018-05-04T13:50:57Z,4.68,8.7689,1.0095,1.1056,39.031,26.339879,8.7162,74.942,6.804,366.6419,69.449,3.069673021,0.088,0
2018-05-04T13:50:57Z,4.702,8.7611,1.0464,1.2504,39.007,26.320988,8.7527,75.248,6.802,366.88,68.404,3.068336004,0.087,0
2018-05-04T13:50:57Z,4.725,8.7527,1.0472,1.2511,38.971,26.295241,8.7731,75.419,6.801,367.3614,66.898,3.066045879,0.084,0
2018-05-04T13:50:57Z,4.749,8.7458,1.0471,1.1145,38.954,26.282552,8.7842,75.513,6.799,368.0753,65.101,3.065215772,0.08,0
2018-05-04T13:50:57Z,4.77,8.7398,1.1092,1.1251,38.973,26.29456,8.7932,75.588,6.796,368.6285,63.825,3.067321461,0.079,0
2018-05-04T13:50:57Z,4.788,8.7355,1.1732,1.2573,39.002,26.313432,8.7988,75.637,6.793,368.4573,62.678,3.070118692,0.08,0
2018-05-04T13:50:57Z,4.804,8.7345,1.1958,1.3088,39.012,26.320243,8.8042,75.682,6.788,367.5534,61.709,3.071041431,0.082,0
2018-05-04T13:50:57Z,4.821,8.7336,1.2453,1.2594,39.003,26.313421,8.8094,75.724,6.784,366.9917,61.164,3.070364807,0.087,0
2018-05-04T13:50:57Z,4.844,8.7322,1.3298,1.2705,38.977,26.294435,8.8163,75.779,6.781,367.0006,60.549,3.068307477,0.092,0
2018-05-04T13:50:57Z,4.873,8.7318,1.3903,1.412,38.96,26.28117,8.8265,75.863,6.778,367.2308,59.63,3.066917107,0.096,0
2018-05-04T13:50:57Z,4.902,8.732,1.4349,1.4448,38.96,26.280025,8.8365,75.946,6.777,367.6243,58.927,3.066898407,0.097,0
2018-05-04T13:50:57Z,4.929,8.731,1.5286,1.3617,38.964,26.280592,8.8456,76.021,6.775,367.8,58.087,3.06731813,0.097,0
2018-05-04T13:50:57Z,4.952,8.7285,1.6682,1.3838,38.978,26.288025,8.8531,76.08,6.772,367.7205,57.004,3.068704599,0.093,0
2018-05-04T13:50:57Z,4.973,8.7264,1.7541,1.498,39.007,26.306399,8.8533,76.079,6.77,367.5234,56.484,3.071313025,0.087,0
2018-05-04T13:50:57Z,4.994,8.7247,1.7864,1.6139,39.014,26.312266,8.8473,76.029,6.77,367.2236,56.194,3.072044829,0.081,0
2018-05-04T13:50:57Z,5.015,8.7228,1.8377,1.5939,38.988,26.295466,8.8441,76.004,6.769,366.8493,55.639,3.070030198,0.076,0
2018-05-04T13:50:57Z,5.035,8.7196,1.8968,1.4704,38.987,26.293754,8.8438,75.999,6.769,366.5249,55.075,3.070221342,0.073,0
2018-05-04T13:50:57Z,5.051,8.717,1.9494,1.4941,38.988,26.29157,8.8421,75.977,6.767,366.3995,54.603,3.070528543,0.073,0
2018-05-04T13:50:57Z,5.066,8.7189,2.0047,1.6371,38.962,26.26905,8.8408,75.954,6.764,366.4517,53.708,3.068186395,0.074,0
2018-05-04T13:50:57Z,5.083,8.7223,2.0144,1.6728,38.981,26.275442,8.841,75.94,6.761,367.2415,52.204,3.069483905,0.077,0
2018-05-04T13:50:57Z,5.103,8.72,1.9566,1.5901,39.035,26.305361,8.84,75.917,6.758,368.2916,50.762,3.074204085,0.08,0
2018-05-04T13:50:57Z,5.127,8.7152,1.8935,1.5221,39.055,26.31331,8.838,75.887,6.757,368.2223,49.766,3.07629273,0.082,0
2018-05-04T13:50:57Z,5.152,8.7106,1.886,1.583,39.055,26.308049,8.8367,75.865,6.756,367.6077,48.958,3.076688957,0.084,0
2018-05-04T13:50:57Z,5.174,8.7008,1.9215,1.7164,39.055,26.305239,8.8343,75.837,6.754,367.3133,48.073,3.077534965,0.085,0
2018-05-04T13:50:57Z,5.193,8.6912,1.9086,1.7009,39.018,26.279331,8.8315,75.811,6.75,367.3296,47.1,3.075262478,0.085,0
2018-05-04T13:50:57Z,5.212,8.6849,1.8402,1.5483,38.973,26.248786,8.8321,75.814,6.747,368.4067,46.052,3.072033324,0.085,0
2018-05-04T13:50:57Z,5.233,8.6783,1.8024,1.5186,38.981,26.253394,8.8352,75.838,6.745,370.442,45.104,3.073272899,0.084,0
2018-05-04T13:50:57Z,5.258,8.6748,1.8188,1.6467,39.01,26.271539,8.8394,75.871,6.743,371.2895,44.181,3.076005973,0.081,0
2018-05-04T13:50:57Z,5.282,8.6738,1.8548,1.6932,39.021,26.277699,8.8459,75.925,6.743,370.8238,43.208,3.077013782,0.077,0
2018-05-04T13:50:57Z,5.303,8.673,1.8693,1.6232,39.004,26.26437,8.8509,75.964,6.743,370.4899,42.498,3.075656147,0.072,0
2018-05-04T13:50:57Z,5.319,8.672,1.8938,1.6551,38.966,26.237378,8.8517,75.967,6.743,369.919,42.111,3.072554849,0.066,0
2018-05-04T13:50:57Z,5.331,8.6704,1.9489,1.8042,38.923,26.205317,8.851,75.955,6.743,368.9975,41.716,3.06908637,0.061,0
2018-05-04T13:50:57Z,5.343,8.6689,2.0209,1.8692,38.914,26.194193,8.8503,75.936,6.743,369.2437,41.125,3.068460401,0.058,0
2018-05-04T13:50:57Z,5.358,8.6664,2.0853,1.7401,38.978,26.229865,8.8503,75.919,6.742,370.6586,40.539,3.074043157,0.058,0
2018-05-04T13:50:57Z,5.373,8.6647,2.0832,1.5247,39.027,26.255648,8.8504,75.903,6.741,371.4786,40.049,3.078299831,0.061,0
2018-05-04T13:50:57Z,5.389,8.6629,2.0774,1.4932,39.03,26.251947,8.851,75.895,6.739,371.6716,39.566,3.078706532,0.063,0
2018-05-04T13:50:57Z,5.406,8.6562,2.0894,1.5731,39.03,26.248602,8.8544,75.915,6.738,371.96,39.047,3.079285612,0.063,0
2018-05-04T13:50:57Z,5.424,8.6451,2.0529,1.5136,38.984,26.2152,8.8636,75.989,6.737,371.9541,38.493,3.076384848,0.064,0
2018-05-04T13:50:57Z,5.441,8.6349,2.0137,1.5053,38.913,26.165562,8.8795,76.121,6.735,371.6867,38.048,3.071306134,0.066,0
2018-05-04T13:50:57Z,5.455,8.6279,2.0108,1.564,38.903,26.156393,8.8982,76.275,6.733,371.7382,37.793,3.071070678,0.069,0
2018-05-04T13:50:57Z,5.47,8.6234,2.0548,1.6137,38.927,26.167834,8.9177,76.43,6.731,372.0602,37.716,3.073474121,0.072,0
2018-05-04T13:50:57Z,5.489,8.6208,2.1134,1.7102,38.95,26.176889,8.9406,76.611,6.729,372.3963,37.637,3.075629525,0.073,0
2018-05-04T13:50:57Z,5.511,8.6193,2.1127,1.693,38.995,26.202375,8.9631,76.794,6.726,372.6195,37.247,3.079537703,0.072,0
2018-05-04T13:50:57Z,5.534,8.6166,2.0923,1.7108,39.027,26.222003,8.9795,76.929,6.724,372.8656,36.509,3.082458558,0.07,0
2018-05-04T13:50:57Z,5.554,8.6097,2.1057,1.8639,39.03,26.223721,8.9925,77.04,6.724,373.1349,35.644,3.083307978,0.066,0
2018-05-04T13:50:57Z,5.569,8.6001,2.1281,1.8349,39.027,26.223141,9.0054,77.155,6.724,373.2084,35.014,3.083888153,0.062,0
2018-05-04T13:50:57Z,5.579,8.594,2.1326,1.6053,39.012,26.214994,9.0193,77.277,6.722,372.5493,34.668,3.083156394,0.061,0
2018-05-04T13:50:57Z,5.589,8.5917,2.1243,1.4678,38.972,26.188717,9.0358,77.421,6.719,371.3598,34.442,3.079993196,0.064,0
2018-05-04T13:50:57Z,5.603,8.5917,2.138,1.5149,38.927,26.159412,9.051,77.552,6.715,371.0447,34.284,3.076210192,0.072,0
2018-05-04T13:50:57Z,5.623,8.5941,2.1785,1.6257,38.955,26.178147,9.0608,77.637,6.712,371.4074,33.97,3.078354707,0.082,0
2018-05-04T13:50:57Z,5.649,8.5968,2.1815,1.6474,39.024,26.224749,9.0698,77.714,6.708,371.9597,33.424,3.083918671,0.092,0
2018-05-04T13:50:57Z,5.677,8.5979,2.147,1.6251,39.012,26.214906,9.0793,77.792,6.705,372.7314,32.857,3.082813138,0.099,0
2018-05-04T13:50:57Z,5.704,8.5976,2.1568,1.7231,38.973,26.186129,9.0845,77.831,6.703,372.9939,32.215,3.079560094,0.101,0
2018-05-04T13:50:57Z,5.732,8.598,2.2446,1.8547,38.989,26.194287,9.0826,77.808,6.702,371.8646,31.393,3.080868849,0.098,0
2018-05-04T13:50:57Z,5.758,8.5987,2.3536,1.8735,38.981,26.186552,9.0767,77.751,6.703,370.0911,30.576,3.080134394,0.092,0
2018-05-04T13:50:57Z,5.781,8.5976,2.3807,1.7975,38.939,26.156094,9.0697,77.686,6.704,369.6186,29.928,3.076698971,0.085,0
2018-05-04T13:50:57Z,5.801,8.5939,2.3425,1.7598,38.922,26.143484,9.0607,77.605,6.704,369.937,29.463,3.075589788,0.078,0
2018-05-04T13:50:57Z,5.819,8.5897,2.3613,1.8757,38.948,26.161081,9.0512,77.524,6.703,369.9836,29.168,3.078137908,0.073,0
2018-05-04T13:50:57Z,5.835,8.5862,2.4149,1.9773,38.974,26.178376,9.0451,77.472,6.702,370.1814,29.03,3.080626029,0.071,0
2018-05-04T13:50:57Z,5.85,8.5834,2.4118,1.9205,38.952,26.162103,9.0432,77.452,6.7,370.8659,28.864,3.079018536,0.072,0
2018-05-04T13:50:57Z,5.867,8.5816,2.3877,1.8609,38.945,26.154818,9.0462,77.472,6.699,370.8605,28.403,3.07858528,0.074,0
2018-05-04T13:50:57Z,5.888,8.5821,2.4085,1.9278,38.946,26.153783,9.0551,77.544,6.698,369.514,27.719,3.078624979,0.076,0
2018-05-04T13:50:57Z,5.911,8.5837,2.453,2.0588,38.94,26.149585,9.0672,77.646,6.696,368.6103,27.081,3.07798072,0.079,0
2018-05-04T13:50:57Z,5.932,8.5805,2.4474,2.0713,38.967,26.167556,9.0829,77.781,6.694,368.7095,26.558,3.080527056,0.082,0
2018-05-04T13:50:57Z,5.951,8.5759,2.4132,1.9568,38.988,26.180578,9.1059,77.978,6.693,368.9069,26.154,3.082691057,0.084,0
2018-05-04T13:50:57Z,5.97,8.5744,2.4349,1.9251,38.988,26.180045,9.1316,78.195,6.692,369.1902,25.823,3.082820343,0.084,0
2018-05-04T13:50:57Z,5.992,8.5743,2.6089,1.9625,38.961,26.161106,9.1517,78.364,6.692,369.7256,25.438,3.080557376,0.083,0
2018-05-04T13:50:57Z,6.017,8.5744,2.8818,1.9824,38.935,26.142067,9.1652,78.475,6.692,370.2178,24.958,3.078361077,0.082,0
2018-05-04T13:50:57Z,6.04,8.5736,3.0133,1.9827,38.935,26.140336,9.1719,78.528,6.69,370.3225,24.518,3.078429217,0.082,0
2018-05-04T13:50:57Z,6.06,8.5727,3.0045,1.9048,38.937,26.140179,9.1732,78.537,6.686,370.046,24.262,3.078674363,0.082,0
2018-05-04T13:50:57Z,6.078,8.5716,3.088,1.8647,38.938,26.140165,9.1727,78.53,6.684,369.886,24.036,3.07885306,0.081,0
2018-05-04T13:50:57Z,6.096,8.569,3.2693,1.8337,38.94,26.140163,9.1695,78.5,6.682,369.7648,23.641,3.07924586,0.08,0
2018-05-04T13:50:57Z,6.118,8.5661,3.3498,1.713,38.942,26.140154,9.161,78.424,6.682,369.4402,23.135,3.079664377,0.08,0
2018-05-04T13:50:57Z,6.142,8.5654,3.3537,1.7174,38.942,26.14005,9.1518,78.344,6.682,369.4027,22.684,3.079723835,0.081,0
2018-05-04T13:50:57Z,6.162,8.5644,3.4902,1.9179,38.941,26.138905,9.1505,78.333,6.68,370.4297,22.308,3.079725444,0.082,0
2018-05-04T13:50:57Z,6.181,8.5624,3.7323,2.0919,38.923,26.126311,9.1545,78.366,6.678,371.964,21.912,3.078383882,0.082,0
2018-05-04T13:50:57Z,6.201,8.5608,3.8452,2.0517,38.907,26.114766,9.1586,78.399,6.677,372.3801,21.487,3.077175744,0.081,0
2018-05-04T13:50:57Z,6.222,8.5598,3.8357,1.9196,38.926,26.12631,9.1643,78.445,6.677,372.1047,21.056,3.0788597,0.078,0
2018-05-04T13:50:57Z,6.245,8.5603,3.9569,1.9595,38.946,26.138905,9.1737,78.523,6.676,371.7322,20.68,3.080497663,0.077,0
2018-05-04T13:50:57Z,6.266,8.5599,4.2088,2.1066,38.948,26.14005,9.186,78.628,6.674,371.1461,20.453,3.080699419,0.077,0
2018-05-04T13:50:57Z,6.284,8.5582,4.345,2.1724,38.948,26.140153,9.1978,78.728,6.671,371.9016,20.338,3.080846108,0.079,0
2018-05-04T13:50:57Z,6.298,8.5568,4.3441,2.1148,38.949,26.140153,9.206,78.798,6.668,373.8971,20.158,3.08105121,0.082,0
2018-05-04T13:50:57Z,6.316,8.5555,4.3082,1.9903,38.951,26.140039,9.2099,78.829,6.666,374.797,19.772,3.081331438,0.087,0
2018-05-04T13:50:57Z,6.341,8.5549,4.2785,2.009,38.95,26.13878,9.2124,78.847,6.665,374.6076,19.29,3.081298023,0.091,0
2018-05-04T13:50:57Z,6.369,8.5555,4.2791,2.158,38.93,26.124927,9.2148,78.867,6.664,374.1019,18.839,3.079561867,0.095,0
2018-05-04T13:50:57Z,6.398,8.555,4.2691,2.1435,38.893,26.099539,9.215,78.867,6.665,373.3297,18.409,3.076490933,0.095,0
2018-05-04T13:50:57Z,6.425,8.5529,4.2311,1.9561,38.874,26.085791,9.212,78.839,6.665,372.9279,18.025,3.075073096,0.091,0
2018-05-04T13:50:57Z,6.447,8.5519,4.234,1.8452,38.875,26.085687,9.2083,78.805,6.665,373.2884,17.741,3.075242791,0.084,0
2018-05-04T13:50:57Z,6.465,8.552,4.3129,1.9326,38.895,26.098281,9.2055,78.78,6.666,373.9015,17.563,3.076915862,0.077,0
2018-05-04T13:50:57Z,6.481,8.5513,4.3954,2.0659,38.914,26.111073,9.1999,78.731,6.666,374.1467,17.417,3.078574414,0.07,0
2018-05-04T13:50:57Z,6.497,8.5497,4.4133,2.0227,38.916,26.113372,9.1943,78.686,6.665,374.2747,17.205,3.078880689,0.065,0
2018-05-04T13:50:57Z,6.515,8.5481,4.4557,1.9594,38.934,26.126071,9.1934,78.681,6.665,374.3292,16.947,3.08053324,0.062,0
2018-05-04T13:50:57Z,6.531,8.5471,4.5952,2.0641,38.95,26.137624,9.1948,78.693,6.665,374.0315,16.743,3.08196564,0.062,0
2018-05-04T13:50:57Z,6.545,8.5472,4.694,2.0983,38.933,26.12607,9.1983,78.723,6.665,373.6874,16.596,3.080525733,0.062,0
2018-05-04T13:50:57Z,6.559,8.5483,4.7038,2.0061,38.916,26.113362,9.2033,78.764,6.664,373.2659,16.407,3.07899916,0.062,0
2018-05-04T13:50:57Z,6.576,8.55,4.6858,1.9564,38.915,26.110959,9.2079,78.8,6.663,372.8067,16.182,3.07876665,0.063,0
2018-05-04T13:50:57Z,6.593,8.5512,4.6425,1.9558,38.895,26.097022,9.213,78.842,6.663,372.8675,15.96,3.076978973,0.065,0
2018-05-04T13:50:57Z,6.609,8.5506,4.6299,2.0298,38.858,26.071835,9.218,78.884,6.663,373.1403,15.712,3.073917208,0.068,0
2018-05-04T13:50:57Z,6.627,8.549,4.6345,2.0564,38.841,26.060404,9.219,78.893,6.662,373.266,15.45,3.072624596,0.069,0
2018-05-04T13:50:57Z,6.646,8.5473,4.5607,1.9424,38.878,26.0858,9.2189,78.891,6.66,373.5266,15.215,3.075884025,0.069,0
2018-05-04T13:50:57Z,6.664,8.5462,4.4724,1.9334,38.937,26.124917,9.2204,78.904,6.66,373.8827,14.998,3.080943249,0.07,0
2018-05-04T13:50:57Z,6.682,8.546,4.4584,2.0694,38.978,26.152394,9.2214,78.912,6.66,373.3554,14.79,3.084410265,0.071,0
2018-05-04T13:50:57Z,6.699,8.5461,4.4746,2.1214,38.996,26.164043,9.2229,78.924,6.659,372.1421,14.619,3.085915742,0.072,0
2018-05-04T13:50:57Z,6.716,8.5463,4.4666,2.0134,38.959,26.13877,9.224,78.931,6.658,371.7745,14.429,3.082783598,0.074,0
2018-05-04T13:50:57Z,6.735,8.5465,4.4261,1.8624,38.903,26.1008,9.2235,78.925,6.657,372.0076,14.165,3.078052647,0.076,0
2018-05-04T13:50:57Z,6.756,8.5461,4.4162,1.8824,38.882,26.085927,9.2246,78.934,6.656,372.1212,13.87,3.076319207,0.078,0
2018-05-04T13:50:57Z,6.777,8.5452,4.4663,2.0409,38.882,26.085927,9.2256,78.943,6.656,372.4602,13.584,3.076396099,0.079,0
2018-05-04T13:50:57Z,6.799,8.544,4.4799,2.0701,38.904,26.100802,9.223,78.922,6.655,373.0086,13.342,3.078350423,0.079,0
2018-05-04T13:50:57Z,6.82,8.5433,4.489,1.9608,38.959,26.138782,9.2225,78.92,6.653,372.729,13.156,3.083038927,0.078,0
2018-05-04T13:50:57Z,6.839,8.5429,4.5764,1.9088,38.995,26.164178,9.2269,78.96,6.653,371.747,12.969,3.08610285,0.076,0
2018-05-04T13:50:57Z,6.857,8.5429,4.6631,1.9913,38.978,26.153883,9.23,78.989,6.652,371.3738,12.74,3.08467113,0.076,0
2018-05-04T13:50:57Z,6.875,8.5435,4.7199,2.135,38.959,26.14129,9.232,79.006,6.651,371.4868,12.512,3.083018967,0.076,0
2018-05-04T13:50:57Z,6.894,8.5447,4.7581,2.1206,38.956,26.138906,9.235,79.031,6.649,371.7368,12.293,3.082661274,0.076,0
2018-05-04T13:50:57Z,6.914,8.5465,4.7758,1.9996,38.936,26.125053,9.2368,79.045,6.648,372.2452,12.041,3.080820909,0.077,0
2018-05-04T13:50:57Z,6.935,8.5476,4.8043,2.0452,38.901,26.100791,9.2358,79.036,6.646,372.6424,11.784,3.077779188,0.079,0
2018-05-04T13:50:57Z,6.956,8.5475,4.8453,2.1527,38.9,26.099541,9.2334,79.013,6.644,372.5824,11.585,3.077702665,0.081,0
2018-05-04T13:50:57Z,6.976,8.5469,4.8776,2.0788,38.917,26.10994,9.2282,78.966,6.642,372.1227,11.412,3.079184269,0.082,0
2018-05-04T13:50:57Z,6.996,8.5465,4.882,1.8847,38.903,26.099532,9.2192,78.886,6.641,371.7298,11.193,3.07803991,0.082,0
2018-05-04T13:50:57Z,7.017,8.546,4.8798,1.8804,38.905,26.100677,9.2117,78.821,6.64,371.7033,10.967,3.078250465,0.083,0
2018-05-04T13:50:57Z,7.039,8.5451,4.9058,2.0582,38.94,26.123783,9.2093,78.801,6.638,371.8892,10.769,3.081272906,0.085,0
2018-05-04T13:50:57Z,7.061,8.5434,4.9115,2.0814,38.942,26.124928,9.209,78.798,6.636,372.17,10.577,3.081587686,0.088,0
2018-05-04T13:50:57Z,7.083,8.542,4.8657,1.947,38.927,26.11452,9.2091,78.798,6.633,372.5167,10.387,3.080445689,0.093,0
2018-05-04T13:50:57Z,7.106,8.5419,4.8305,1.8681,38.943,26.124928,9.2111,78.814,6.628,372.9838,10.203,3.081799867,0.099,0
2018-05-04T13:50:57Z,7.131,8.5416,4.8443,1.9205,38.943,26.123784,9.215,78.846,6.624,373.3438,10.008,3.081824715,0.104,0
2018-05-04T13:50:57Z,7.158,8.5416,4.8579,2.0003,38.908,26.100687,9.2169,78.862,6.622,373.1699,9.7539,3.078877813,0.106,0
2018-05-04T13:50:57Z,7.19,8.5411,4.8117,1.9481,38.907,26.099637,9.2166,78.859,6.621,372.7734,9.4589,3.078835372,0.105,0
2018-05-04T13:50:57Z,7.223,8.54,4.7447,1.8699,38.924,26.111086,9.2196,78.884,6.62,372.5079,9.2326,3.080359713,0.103,0
2018-05-04T13:50:57Z,7.249,8.5396,4.7372,1.9395,38.925,26.112126,9.2256,78.936,6.62,372.369,9.0876,3.080477346,0.099,0
2018-05-04T13:50:57Z,7.268,8.5395,4.7852,2.0873,38.925,26.112212,9.2306,78.979,6.621,372.3846,8.9379,3.080485277,0.095,0
2018-05-04T13:50:57Z,7.288,8.5395,4.8558,2.1623,38.925,26.112125,9.2358,79.024,6.621,372.8691,8.7474,3.080484331,0.092,0
2018-05-04T13:50:57Z,7.31,8.5397,4.9194,2.0826,38.923,26.111085,9.2425,79.082,6.62,373.5807,8.5414,3.080297493,0.091,0
2018-05-04T13:50:57Z,7.334,8.5398,4.9304,1.9166,38.906,26.099636,9.2474,79.124,6.619,373.5894,8.3532,3.078856788,0.093,0
2018-05-04T13:50:57Z,7.359,8.5395,4.9421,1.8954,38.907,26.100677,9.2501,79.147,6.617,373.2324,8.1703,3.078965828,0.096,0
2018-05-04T13:50:57Z,7.385,8.5395,5.0242,1.9789,38.942,26.12367,9.2511,79.156,6.617,372.9635,7.9769,3.081910448,0.096,0
2018-05-04T13:50:57Z,7.412,8.5399,5.0962,1.9497,38.942,26.12367,9.249,79.138,6.618,372.6614,7.7934,3.081874327,0.094,0
2018-05-04T13:50:57Z,7.437,8.5402,5.096,1.9698,38.907,26.100667,9.2448,79.101,6.618,372.5049,7.6441,3.078901183,0.092,0
2018-05-04T13:50:57Z,7.459,8.5403,5.0865,2.039,38.906,26.099522,9.2391,79.052,6.618,372.7926,7.5252,3.078807351,0.089,0
2018-05-04T13:50:57Z,7.479,8.54,5.0913,2.0229,38.921,26.109827,9.2328,78.998,6.618,373.4716,7.4065,3.080094911,0.084,0
2018-05-04T13:50:57Z,7.5,8.5397,5.0904,2.0194,38.904,26.098274,9.2285,78.961,6.618,373.8323,7.274,3.078689117,0.081,0
2018-05-04T13:50:57Z,7.521,8.5397,5.0656,1.9654,38.887,26.086824,9.225,78.931,6.615,373.8838,7.1381,3.077257242,0.081,0
2018-05-04T13:50:57Z,7.542,8.54,5.0214,1.9502,38.905,26.098387,9.2224,78.909,6.613,374.0086,7.0268,3.078745123,0.083,0
2018-05-04T13:50:57Z,7.56,8.5399,4.997,2.0497,38.924,26.111087,9.2217,78.903,6.612,374.0511,6.9261,3.080352106,0.088,0
2018-05-04T13:50:57Z,7.58,8.5396,4.9725,2.0388,38.927,26.113386,9.2207,78.895,6.611,373.9665,6.7837,3.080629797,0.094,0
2018-05-04T13:50:57Z,7.605,8.5392,4.9368,1.9103,38.947,26.126179,9.2228,78.912,6.608,374.018,6.6032,3.082346694,0.099,0
2018-05-04T13:50:57Z,7.635,8.539,4.9242,1.8388,38.967,26.138783,9.2302,78.973,6.607,374.3308,6.4236,3.08404602,0.103,0
2018-05-04T13:50:57Z,7.665,8.5393,4.9206,1.8457,38.968,26.138784,9.238,79.038,6.607,374.5646,6.2398,3.084102638,0.105,0
2018-05-04T13:50:57Z,7.693,8.5395,4.9575,1.9331,38.949,26.12619,9.2452,79.099,6.607,374.6086,6.044,3.082484556,0.106,0
2018-05-04T13:50:57Z,7.719,8.5391,5.0215,2.0103,38.93,26.1135,9.2519,79.158,6.606,374.5176,5.8843,3.080918725,0.103,0
2018-05-04T13:50:57Z,7.744,8.538,5.0238,1.9544,38.928,26.112338,9.2555,79.189,6.606,374.2388,5.7687,3.080844704,0.097,0
2018-05-04T13:50:57Z,7.769,8.537,5.0039,1.8681,38.928,26.112138,9.2554,79.187,6.607,373.9048,5.6464,3.080930298,0.091,0
2018-05-04T13:50:57Z,7.794,8.537,4.9457,1.882,38.926,26.111078,9.2522,79.161,6.608,373.6628,5.5183,3.080760653,0.085,0
2018-05-04T13:50:57Z,7.815,8.5375,4.8261,2.0312,38.906,26.099524,9.2467,79.118,6.61,373.6355,5.4185,3.079032729,0.08,0
2018-05-04T13:50:57Z,7.833,8.5379,4.7339,2.0851,38.902,26.099429,9.2405,79.071,6.61,373.8334,5.3381,3.078660613,0.076,0
2018-05-04T13:50:57Z,7.849,8.5376,4.686,1.9539,38.915,26.109933,9.2365,79.04,6.609,374.0766,5.2635,3.079780048,0.074,0
2018-05-04T13:50:57Z,7.865,8.5375,4.7615,1.9405,38.9,26.099542,9.2355,79.031,6.608,374.2528,5.1905,3.078525323,0.074,0
2018-05-04T13:50:57Z,7.883,8.5393,4.9385,2.015,38.905,26.100782,9.2359,79.03,6.607,374.3303,5.1031,3.078789308,0.076,0
2018-05-04T13:50:57Z,7.903,8.5431,5.0254,2.0301,38.944,26.12492,9.2381,79.043,6.607,374.2386,4.9988,3.081740956,0.081,0
2018-05-04T13:50:57Z,7.926,8.5463,5.0125,2.0318,38.965,26.13741,9.2426,79.079,6.607,374.0904,4.8989,3.083229303,0.086,0
2018-05-04T13:50:57Z,7.95,8.5456,5.0029,2.0046,38.947,26.124808,9.2452,79.099,6.606,374.0867,4.8103,3.081774086,0.09,0
2018-05-04T13:50:57Z,7.973,8.5421,5.0384,2.0366,38.909,26.099534,9.2432,79.081,6.605,374.1938,4.7136,3.078878644,0.093,0
2018-05-04T13:50:57Z,7.997,8.5393,5.0735,2.0526,38.889,26.085805,9.2413,79.066,6.604,374.3528,4.6057,3.077437108,0.093,0
2018-05-04T13:50:57Z,8.022,8.5379,5.0596,1.9544,38.889,26.085795,9.2428,79.079,6.603,374.4606,4.4979,3.077557233,0.092,0
2018-05-04T13:50:57Z,8.047,8.537,4.9909,1.9471,38.909,26.09942,9.2468,79.114,6.603,374.4653,4.4022,3.079317312,0.09,0
2018-05-04T13:50:57Z,8.07,8.5364,4.9043,2.0566,38.945,26.123558,9.2504,79.145,6.603,374.4095,4.3213,3.082398596,0.088,0
2018-05-04T13:50:57Z,8.091,8.5368,4.8663,2.1191,38.945,26.123661,9.2504,79.144,6.602,374.3016,4.2494,3.082362866,0.085,0
2018-05-04T13:50:57Z,8.111,8.5372,4.8718,2.0613,38.911,26.100667,9.2499,79.139,6.602,374.2792,4.1809,3.079465318,0.084,0
2018-05-04T13:50:57Z,8.131,8.5376,4.861,1.9378,38.91,26.099524,9.251,79.147,6.601,374.3117,4.1116,3.079345453,0.084,0
2018-05-04T13:50:57Z,8.152,8.538,4.9006,1.9384,38.927,26.109829,9.2509,79.143,6.601,374.3502,4.0414,3.080740609,0.085,0
2018-05-04T13:50:57Z,8.174,8.538,5.0293,2.0679,38.911,26.098276,9.2482,79.119,6.6,374.4867,3.9688,3.079392833,0.087,0
2018-05-04T13:50:57Z,8.197,8.5371,5.0843,2.0695,38.894,26.086827,9.2443,79.086,6.599,374.6705,3.8787,3.078038822,0.089,0
2018-05-04T13:50:57Z,8.22,8.5356,5.0605,1.8965,38.911,26.09839,9.242,79.065,6.599,374.6808,3.7665,3.079598695,0.09,0
2018-05-04T13:50:57Z,8.244,8.5347,5.0995,1.8075,38.931,26.11109,9.2432,79.075,6.599,374.4389,3.6727,3.081359205,0.089,0
2018-05-04T13:50:57Z,8.268,8.5342,5.1971,1.9393,38.935,26.113389,9.2472,79.107,6.599,374.2409,3.6153,3.081738191,0.088,0
2018-05-04T13:50:57Z,8.29,8.5341,5.2671,2.117,38.955,26.126192,9.251,79.138,6.598,374.2645,3.5569,3.083429408,0.087,0
2018-05-04T13:50:57Z,8.311,8.5337,5.2647,2.1248,38.975,26.1389,9.2525,79.149,6.598,374.2942,3.4879,3.085146974,0.084,0
2018-05-04T13:50:57Z,8.332,8.5332,5.1413,2.0343,38.978,26.140046,9.2531,79.153,6.599,374.3426,3.4159,3.085441959,0.08,0
2018-05-04T13:50:57Z,8.353,8.5323,4.9697,2.0595,38.978,26.140048,9.2534,79.155,6.599,374.505,3.3485,3.085519095,0.078,0
2018-05-04T13:50:57Z,8.373,8.5311,4.9181,2.1547,38.977,26.138926,9.2527,79.148,6.598,374.624,3.3022,3.085538266,0.078,0
2018-05-04T13:50:57Z,8.391,8.5307,4.9403,2.179,38.959,26.126479,9.2486,79.112,6.598,374.662,3.2604,3.084056665,0.079,0
2018-05-04T13:50:57Z,8.409,8.5298,4.9621,2.1087,38.944,26.116537,9.2395,79.034,6.597,374.6201,3.2023,3.08287114,0.081,0
2018-05-04T13:50:57Z,8.429,8.5288,4.9978,2.0376,38.988,26.145715,9.2298,78.951,6.596,374.5481,3.1304,3.086661802,0.083,0
2018-05-04T13:50:57Z,8.452,8.5284,5.0413,2.0816,39.012,26.161792,9.2226,78.89,6.596,374.4791,3.0628,3.088716399,0.085,0
2018-05-04T13:50:57Z,8.477,8.5287,5.0832,2.0614,38.949,26.120431,9.2177,78.85,6.595,374.3876,3.0083,3.083384279,0.087,0
2018-05-04T13:50:57Z,8.5,8.5287,5.0905,1.9155,38.903,26.09009,9.2149,78.827,6.594,374.3036,2.949,3.079510182,0.087,0
2018-05-04T13:50:57Z,8.522,8.5284,5.102,1.8737,38.936,26.112416,9.2159,78.835,6.593,374.5813,2.895,3.082313587,0.086,0
2018-05-04T13:50:57Z,8.542,8.5288,5.1581,1.9827,38.972,26.136391,9.2209,78.879,6.591,375.2499,2.856,3.085308977,0.086,0
2018-05-04T13:50:57Z,8.562,8.5295,5.2186,2.1052,38.957,26.125985,9.2269,78.93,6.59,375.591,2.7963,3.083984162,0.086,0
2018-05-04T13:50:57Z,8.583,8.53,5.2538,2.0724,38.937,26.11359,9.2328,78.982,6.59,375.5216,2.7253,3.082255845,0.087,0
2018-05-04T13:50:57Z,8.607,8.53,5.198,1.9519,38.937,26.113513,9.2388,79.034,6.591,375.2721,2.6743,3.082254749,0.087,0
2018-05-04T13:50:57Z,8.632,8.5295,5.0951,1.9913,38.954,26.125058,9.2429,79.069,6.591,374.8981,2.6319,3.083728182,0.087,0
2018-05-04T13:50:57Z,8.655,8.5299,5.0762,2.1526,38.956,26.126194,9.245,79.087,6.59,374.6983,2.589,3.083860624,0.086,0
2018-05-04T13:50:57Z,8.676,8.5309,5.1069,2.2235,38.958,26.127243,9.247,79.102,6.589,375.2653,2.5418,3.083941181,0.084,0
2018-05-04T13:50:57Z,8.696,8.5315,5.1083,2.1161,38.974,26.137738,9.2494,79.122,6.589,376.505,2.4869,3.085235195,0.082,0
2018-05-04T13:50:57Z,8.716,8.5316,5.0842,1.9227,38.958,26.126097,9.2509,79.133,6.589,377.126,2.4304,3.083878418,0.081,0
2018-05-04T13:50:57Z,8.735,8.5309,5.0908,1.93,38.939,26.113486,9.2514,79.136,6.589,376.8374,2.3779,3.082338647,0.082,0
2018-05-04T13:50:57Z,8.755,8.5304,5.1326,2.1122,38.938,26.112246,9.2519,79.141,6.589,376.2845,2.3313,3.082296929,0.083,0
2018-05-04T13:50:57Z,8.777,8.53,5.1022,2.1117,38.936,26.111101,9.2533,79.152,6.588,375.948,2.2856,3.082162184,0.083,0
2018-05-04T13:50:57Z,8.8,8.529,4.9989,2.0154,38.919,26.099641,9.2517,79.139,6.588,376.0372,2.2397,3.080816601,0.083,0
2018-05-04T13:50:57Z,8.822,8.5287,4.9494,1.9857,38.92,26.10068,9.2465,79.094,6.588,376.5887,2.21,3.080925737,0.083,0
2018-05-04T13:50:57Z,8.843,8.5288,4.9731,1.9653,38.954,26.123665,9.2411,79.049,6.588,377.5404,2.181,3.083778678,0.082,0
2018-05-04T13:50:57Z,8.862,8.5284,5.0013,1.9832,38.954,26.123571,9.2324,78.975,6.588,378.1664,2.131,3.083812484,0.081,0
2018-05-04T13:50:57Z,8.882,8.5283,4.9774,1.928,38.919,26.099539,9.2227,78.891,6.588,378.2205,2.0778,3.080873376,0.078,0
2018-05-04T13:50:57Z,8.903,8.5289,4.9321,1.8775,38.9,26.087069,9.2169,78.841,6.588,377.9364,2.0223,3.079220644,0.076,0
2018-05-04T13:50:57Z,8.923,8.5293,4.9405,1.9828,38.919,26.099791,9.2115,78.794,6.588,377.4848,1.9829,3.080784534,0.074,0
2018-05-04T13:50:57Z,8.942,8.529,4.969,2.0413,38.959,26.126367,9.208,78.764,6.588,377.3195,1.9749,3.084177401,0.074,0
2018-05-04T13:50:57Z,8.959,8.5287,5.0095,1.9442,39.003,26.154417,9.2101,78.781,6.587,377.4871,1.9575,3.087907561,0.075,0
2018-05-04T13:50:57Z,8.976,8.5288,5.0814,1.8763,39.05,26.184967,9.2146,78.816,6.587,377.877,1.9186,3.091855903,0.076,0
2018-05-04T13:50:57Z,8.995,8.5287,5.1037,1.9528,39.041,26.178259,9.2199,78.859,6.587,378.334,1.8763,3.0911058,0.078,0
2018-05-04T13:50:57Z,9.016,8.5281,5.1037,2.0764,38.98,26.136814,9.2266,78.915,6.585,378.6239,1.8345,3.086020247,0.08,0
2018-05-04T13:50:57Z,9.039,8.5271,5.1007,2.0577,38.968,26.128324,9.2308,78.95,6.583,378.8875,1.7968,3.085095644,0.083,0
2018-05-04T13:50:57Z,9.061,8.5253,5.0479,1.9107,38.984,26.139095,9.2305,78.947,6.583,379.1119,1.7671,3.08659836,0.084,0
2018-05-04T13:50:57Z,9.082,8.5238,5.008,1.8552,38.986,26.140065,9.2282,78.927,6.582,378.412,1.7459,3.086896197,0.083,0
2018-05-04T13:50:57Z,9.104,8.5235,5.0035,1.9666,38.985,26.14004,9.225,78.9,6.582,376.9638,1.718,3.086837027,0.081,0
2018-05-04T13:50:57Z,9.125,8.5235,5.0123,2.1279,38.982,26.138798,9.2204,78.863,6.583,376.4008,1.6717,3.086583285,0.078,0
2018-05-04T13:50:57Z,9.144,8.5232,5.0045,2.0957,38.961,26.125051,9.2133,78.804,6.583,376.5943,1.6381,3.084839948,0.076,0
2018-05-04T13:50:57Z,9.163,8.5229,4.9727,1.9127,38.923,26.100808,9.2018,78.708,6.582,376.7227,1.6221,3.08166523,0.074,0
2018-05-04T13:50:57Z,9.181,8.5232,4.9871,1.8994,38.92,26.099663,9.188,78.592,6.582,377.2656,1.6029,3.081385669,0.074,0
2018-05-04T13:50:57Z,9.198,8.5244,5.1143,1.9967,38.937,26.111208,9.1775,78.504,6.581,378.0818,1.5776,3.082712141,0.075,0
2018-05-04T13:50:57Z,9.217,8.5254,5.2878,2.0519,38.941,26.113403,9.1725,78.459,6.58,377.1265,1.538,3.082961247,0.077,0
2018-05-04T13:50:57Z,9.237,8.5263,5.3392,2.0779,38.961,26.126211,9.169,78.427,6.58,374.7491,1.505,3.084566122,0.079,0
2018-05-04T13:50:57Z,9.259,8.5276,5.2854,2.0055,38.982,26.139074,9.1655,78.395,6.58,373.7723,1.4844,3.086220253,0.081,0
2018-05-04T13:50:57Z,9.281,8.5286,5.2615,2.032,38.988,26.141939,9.1653,78.391,6.579,373.9208,1.46,3.086637419,0.083,0
2018-05-04T13:50:57Z,9.302,8.528,5.2803,2.2153,39.017,26.16084,9.1697,78.426,6.578,374.5653,1.4255,3.089130599,0.086,0
2018-05-04T13:50:57Z,9.323,8.5263,5.2742,2.2379,39.042,26.177116,9.1743,78.464,6.576,375.7136,1.3865,3.091382949,0.089,0
2018-05-04T13:50:57Z,9.344,8.525,5.2239,2.1824,38.999,26.148246,9.1771,78.488,6.575,376.1041,1.3571,3.087873806,0.091,0
2018-05-04T13:50:57Z,9.368,8.5238,5.1966,2.2473,38.971,26.12926,9.1794,78.507,6.572,374.9843,1.3311,3.085619077,0.093,0
2018-05-04T13:50:57Z,9.394,8.5224,5.2293,2.3203,38.984,26.138038,9.1827,78.536,6.571,372.9289,1.2999,3.086834309,0.094,0
2018-05-04T13:50:57Z,9.42,8.5218,5.2792,2.2709,38.969,26.127387,9.1873,78.576,6.571,371.6449,1.2656,3.085621892,0.094,0
2018-05-04T13:50:57Z,9.445,8.5216,5.2756,2.1385,38.969,26.127469,9.1886,78.587,6.57,371.5047,1.2362,3.085638133,0.093,0
2018-05-04T13:50:57Z,9.468,8.5215,5.2401,2.1238,38.987,26.13903,9.1876,78.577,6.57,371.8358,1.2127,3.087161605,0.09,0
2018-05-04T13:50:57Z,9.489,8.5217,5.2641,2.2145,38.989,26.140185,9.1873,78.573,6.57,372.2922,1.1902,3.087311597,0.087,0
2018-05-04T13:50:57Z,9.51,8.5218,5.3094,2.1679,38.991,26.141425,9.185,78.553,6.57,372.4631,1.1637,3.087470288,0.084,0
2018-05-04T13:50:57Z,9.532,8.5214,5.3094,1.9865,39.009,26.154028,9.1817,78.526,6.569,372.5259,1.1355,3.089019982,0.081,0
2018-05-04T13:50:57Z,9.554,8.521,5.2914,1.883,39.025,26.165573,9.1806,78.519,6.568,372.3633,1.1177,3.09040141,0.078,0
2018-05-04T13:50:57Z,9.574,8.5206,5.2668,1.955,39.006,26.154029,9.1795,78.511,6.567,371.6156,1.104,3.088834943,0.075,0
2018-05-04T13:50:57Z,9.593,8.5205,5.2416,2.0929,38.987,26.141435,9.175,78.473,6.569,370.8847,1.0763,3.087242454,0.07,0
2018-05-04T13:50:57Z,9.61,8.5207,5.2067,2.0859,38.986,26.140299,9.1713,78.441,6.571,370.6674,1.0465,3.087140036,0.065,0
2018-05-04T13:50:57Z,9.625,8.5221,5.158,1.962,38.986,26.140291,9.1703,78.431,6.572,370.6221,1.0308,3.087017506,0.059,0
2018-05-04T13:50:57Z,9.64,8.5241,5.1309,1.9689,38.988,26.141337,9.1684,78.415,6.572,370.5095,1.0227,3.087011224,0.054,0
2018-05-04T13:50:57Z,9.653,8.5243,5.1179,2.1079,39.006,26.152942,9.1674,78.406,6.572,371.1129,1.0154,3.088509036,0.05,0
2018-05-04T13:50:57Z,9.665,8.5233,5.1013,2.1775,39.007,26.153609,9.1679,78.409,6.571,372.1538,1.0009,3.088679729,0.045,0
2018-05-04T13:50:57Z,9.676,8.5228,5.0688,2.1086,39.001,26.149412,9.1672,78.402,6.571,372.1673,0.99256,3.088217331,0.039,0
2018-05-04T13:50:57Z,9.686,8.5223,4.9809,2.099,39.026,26.165696,9.1635,78.371,6.572,371.7061,1.0026,3.090365884,0.032,0
2018-05-04T13:50:57Z,9.694,8.522,4.9026,2.2445,39.018,26.160005,9.159,78.333,6.574,371.224,1.0045,3.089717867,0.026,0
2018-05-04T13:50:57Z,9.699,8.5218,4.9134,2.2806,38.993,26.144097,9.1543,78.294,6.574,370.4678,0.99007,3.087629439,0.02,0
2018-05-04T13:50:57Z,9.702,8.5212,4.9181,2.1691,39.022,26.163827,9.1502,78.259,6.575,370.1348,0.98141,3.090123968,0.015,0
2018-05-04T13:50:57Z,9.704,8.5212,4.8683,2.1172,39.087,26.208081,9.1506,78.264,6.575,371.2414,0.98448,3.095598946,0.013,0
2018-05-04T13:50:57Z,9.705,8.5216,4.733,2.1726,39.125,26.234711,9.1525,78.284,6.575,373.2645,0.98908,3.098765129,0.013,0
2018-05-04T13:50:57Z,9.707,8.5219,4.5417,2.2586,39.116,26.231825,9.1532,78.297,6.576,374.0335,0.99308,3.09798067,0.015,0
2018-05-04T13:50:57Z,9.711,8.5225,4.4755,2.2415,39.111,26.23668,9.1537,78.32,6.577,373.6559,0.99416,3.097506954,0.018,0
2018-05-04T13:50:57Z,9.717,8.5229,4.4928,2.1489,39.086,26.229925,9.1556,78.362,6.576,372.9149,0.98381,3.095365881,0.019,0
2018-05-04T13:50:57Z,9.725,8.5247,4.6314,2.1767,39.053,26.213659,9.1604,78.417,6.575,371.7851,0.96886,3.092429008,0.019,0
2018-05-04T13:50:57Z,9.731,8.5266,4.9304,2.3028,39.08,26.230494,9.1649,78.452,6.575,371.0951,0.96585,3.09453706,0.018,0
2018-05-04T13:50:57Z,9.736,8.5359,5.102,2.3617,39.103,26.243003,9.1634,78.432,6.575,371.6276,0.96842,3.095662771,0.015,0
2018-05-04T13:50:57Z,9.738,8.5556,5.1078,2.2778,39.097,26.237901,9.1537,78.347,6.575,372.9744,0.9697,3.093440569,0.012,0
2018-05-04T13:50:57Z,9.738,8.5642,4.9999,2.0818,39.088,26.232296,9.1399,78.23,6.576,373.6988,0.97598,3.091934315,0.01,0
2018-05-04T13:50:57Z,9.739,8.5579,4.8094,2.0063,39.095,26.238731,9.1255,78.11,6.577,373.5031,0.98351,3.093071914,0.01,0
2018-05-04T13:50:57Z,9.742,8.5523,4.7245,2.128,39.112,26.252209,9.1117,77.998,6.578,373.0171,0.98333,3.094990399,0.011,0
2018-05-04T13:50:57Z,9.746,8.553,4.7082,2.1487,39.132,26.268275,9.1,77.903,6.578,372.6411,0.98054,3.096612517,0.012,0
2018-05-04T13:50:57Z,9.75,8.5536,4.6497,2.0439,39.187,26.306,9.0904,77.823,6.578,372.4837,0.9758,3.101189369,0.013,0
2018-05-04T13:50:57Z,9.754,8.5543,4.5955,1.9901,39.219,26.327357,9.0833,77.763,6.577,372.1466,0.95758,3.103821645,0.013,0
2018-05-04T13:50:57Z,9.758,8.5586,4.6046,1.9861,39.229,26.336019,9.0818,77.754,6.577,371.7493,0.9469,3.104287419,0.012,0
2018-05-04T13:50:57Z,9.76,8.5622,4.6304,1.9959,39.244,26.347239,9.0829,77.766,6.577,371.6382,0.94825,3.105235049,0.011,0
