Date,Depth_m,Descent Rate (m/s),Temp_C,Chla_ugL,Turb_NTU,Cond_uScm,Spec_Cond_uScm,DO_mgL,DO_pSat,pH,ORP,PAR,Salinity
2018-05-14T13:35:25Z,-0.052,-0.005,24.6095,0.5627,0.4599,35.713,35.443725,7.9235,95.227,7.391,303.5165,2564.8,1.8903013090644059
2018-05-14T13:35:25Z,-0.052,-0.008,24.6086,0.5647,0.4364,35.704,35.443617,7.9252,95.269,7.393,303.3961,2567.4,1.8898334917746893
2018-05-14T13:35:25Z,-0.055,-0.01,24.6032,0.5808,0.4378,35.696,35.442346,7.9317,95.362,7.394,303.1993,2567.6,1.8896061860096849
2018-05-14T13:35:25Z,-0.059,-0.007,24.6031,0.6203,0.4772,35.679,35.428371,7.9414,95.486,7.393,303.2882,2565.4,1.8886569379333296
2018-05-14T13:35:25Z,-0.065,0,24.6166,0.6378,0.4849,35.655,35.401684,7.9517,95.601,7.388,303.6112,2565.6,1.8867587821526755
2018-05-14T13:35:25Z,-0.07,0.012,24.6328,0.6261,0.4396,35.639,35.373756,7.9581,95.65,7.381,303.7485,2568.6,1.885199880347638
2018-05-14T13:35:25Z,-0.067,0.027,24.6394,0.5981,0.3569,35.626,35.344769,7.9584,95.614,7.373,303.6575,2569.7,1.8842017738490537
2018-05-14T13:35:25Z,-0.056,0.042,24.6458,0.5666,0.2784,35.604,35.305259,7.9564,95.545,7.364,303.286,2567.6,1.8827077425243137
2018-05-14T13:35:25Z,-0.038,0.055,24.6434,0.5575,0.2232,35.599,35.277152,7.9571,95.498,7.356,302.9565,2550,1.8825252157879635
2018-05-14T13:35:25Z,-0.018,0.064,24.6229,0.5619,0.2082,35.61,35.258972,7.9575,95.429,7.351,303.029,2338,1.8839779017609617
2018-05-14T13:35:25Z,0.002,0.068,24.6001,0.5639,0.2799,35.595,35.212445,7.9546,95.315,7.35,303.1297,2024.8,1.8840678962400792
2018-05-14T13:35:25Z,0.02,0.068,24.5768,0.5639,0.3879,35.57,35.15919,7.9532,95.227,7.35,302.9694,1938.2,1.8836173168202852
2018-05-14T13:35:25Z,0.035,0.065,24.5461,0.5616,0.4464,35.562,35.12319,7.9562,95.195,7.353,302.7263,1871.2,1.8844230086928435
2018-05-14T13:35:25Z,0.051,0.062,24.5022,0.5545,0.4369,35.562,35.094731,7.9605,95.177,7.357,302.5126,1756.5,1.886219442701167
2018-05-14T13:35:25Z,0.066,0.061,24.4544,0.5514,0.3964,35.563,35.069145,7.9635,95.147,7.362,302.3641,1860.7,1.8882350361716418
2018-05-14T13:35:25Z,0.081,0.062,24.4155,0.5517,0.3835,35.585,35.067873,7.9655,95.113,7.364,302.3082,1922.6,1.8910707816314236
2018-05-14T13:35:25Z,0.096,0.063,24.3799,0.5492,0.403,35.618,35.079311,7.9675,95.083,7.364,302.4389,1801.9,1.8943948132275052
2018-05-14T13:35:25Z,0.111,0.065,24.3375,0.5587,0.4489,35.641,35.080362,7.9692,95.049,7.364,302.7407,1912.4,1.897440703484912
2018-05-14T13:35:25Z,0.127,0.067,24.2978,0.5744,0.4807,35.66,35.080553,7.9679,94.989,7.364,302.9455,1990.3,1.900154228860662
2018-05-14T13:35:25Z,0.146,0.069,24.2685,0.5647,0.4518,35.672,35.081593,7.9609,94.877,7.365,303.1073,1816.1,1.902045240371678
2018-05-14T13:35:25Z,0.165,0.07,24.239,0.5515,0.4045,35.689,35.092916,7.9529,94.77,7.365,302.9758,1756.3,1.9042293991142871
2018-05-14T13:35:25Z,0.184,0.071,24.2069,0.561,0.3974,35.693,35.090407,7.9518,94.74,7.362,302.5608,1578.8,1.9057889061619624
2018-05-14T13:35:25Z,0.202,0.072,24.1778,0.5595,0.4259,35.665,35.051257,7.9568,94.772,7.357,302.6494,1294.3,1.9054139841404567
2018-05-14T13:35:25Z,0.219,0.072,24.1616,0.5616,0.3839,35.625,35.000652,7.9655,94.845,7.352,303.0151,1301.8,1.9038225627646943
2018-05-14T13:35:25Z,0.236,0.073,24.1611,0.5861,0.2553,35.625,34.986688,7.9772,94.95,7.348,303.4543,1627.5,1.9038430265884074
2018-05-14T13:35:25Z,0.256,0.075,24.1533,0.5999,0.1837,35.662,35.009446,7.9862,95.022,7.346,304.2607,1866.2,1.9062622806783545
2018-05-14T13:35:25Z,0.275,0.078,24.1336,0.6086,0.1897,35.687,35.021711,7.9846,94.974,7.346,304.5903,1778.8,1.9084986064631315
2018-05-14T13:35:25Z,0.295,0.081,24.1184,0.6364,0.2061,35.682,35.007927,7.9696,94.772,7.347,304.3431,1796,1.9088485156005663
2018-05-14T13:35:25Z,0.316,0.085,24.0986,0.6687,0.1987,35.652,34.969816,7.9472,94.486,7.35,304.6276,1960.5,1.9079728247751708
2018-05-14T13:35:25Z,0.337,0.09,24.076,0.6769,0.1612,35.632,34.942014,7.927,94.226,7.353,305.3619,1840,1.907780417220171
2018-05-14T13:35:25Z,0.36,0.095,24.061,0.6723,0.1492,35.626,34.925848,7.9144,94.05,7.355,306.0808,1519.8,1.9080651562138584
2018-05-14T13:35:25Z,0.385,0.099,24.0485,0.6775,0.1759,35.614,34.901368,7.906,93.919,7.355,306.6946,1402.8,1.9079050538696185
2018-05-14T13:35:25Z,0.411,0.102,24.0373,0.6847,0.2098,35.626,34.900088,7.8956,93.763,7.354,306.5888,1513.3,1.9090532339690927
2018-05-14T13:35:25Z,0.44,0.102,24.0267,0.6854,0.2226,35.651,34.910354,7.8836,93.587,7.353,305.9199,1605.1,1.9109150854824348
2018-05-14T13:35:25Z,0.47,0.1,24.0137,0.6857,0.2085,35.657,34.898438,7.8701,93.384,7.352,305.7479,1652.2,1.911798841237087
2018-05-14T13:35:25Z,0.495,0.095,23.9939,0.698,0.2223,35.665,34.883031,7.8527,93.119,7.349,306.2305,1544.6,1.9130815122459546
2018-05-14T13:35:25Z,0.518,0.09,23.9745,0.7154,0.2378,35.662,34.851073,7.8328,92.811,7.346,306.8514,1269.4,1.9137230133019267
2018-05-14T13:35:25Z,0.539,0.086,23.9572,0.7209,0.2122,35.605,34.766072,7.813,92.507,7.346,307.3186,1172.5,1.9112055221017612
2018-05-14T13:35:25Z,0.558,0.087,23.9345,0.7182,0.187,35.548,34.680994,7.7944,92.217,7.346,307.5767,1250.8,1.9089122687638191
2018-05-14T13:35:25Z,0.576,0.091,23.9026,0.7188,0.1775,35.551,34.648107,7.7765,91.918,7.344,307.5637,1352.7,1.910417389195823
2018-05-14T13:35:25Z,0.596,0.097,23.8539,0.7286,0.1888,35.565,34.622461,7.7592,91.619,7.341,307.5046,1313.4,1.913255723591124
2018-05-14T13:35:25Z,0.624,0.102,23.8151,0.7361,0.2022,35.54,34.561401,7.7464,91.376,7.338,307.6361,1138.8,1.9134581855457906
2018-05-14T13:35:25Z,0.658,0.107,23.7823,0.727,0.187,35.496,34.481455,7.7462,91.285,7.334,307.8635,999.75,1.9123238137298921
2018-05-14T13:35:25Z,0.689,0.108,23.7259,0.7186,0.1884,35.471,34.418006,7.7643,91.403,7.332,308.5329,991.33,1.9132647817880544
2018-05-14T13:35:25Z,0.717,0.105,23.668,0.7538,0.2798,35.467,34.365864,7.7977,91.678,7.332,309.5358,1068.2,1.9154721299453767
2018-05-14T13:35:25Z,0.742,0.099,23.6171,0.8221,0.4073,35.46,34.295564,7.8409,92.03,7.332,309.8363,1105.3,1.9172168846576847
2018-05-14T13:35:25Z,0.766,0.092,23.5655,0.8561,0.4475,35.435,34.203096,7.8894,92.43,7.332,309.4983,1120,1.9179620716190329
2018-05-14T13:35:25Z,0.788,0.087,23.5156,0.8514,0.43,35.364,34.073474,7.9389,92.86,7.333,309.3216,1038.4,1.9159956884285898
2018-05-14T13:35:25Z,0.808,0.083,23.4509,0.8482,0.38,35.269,33.935051,7.985,93.284,7.334,309.335,921.63,1.913270428710952
2018-05-14T13:35:25Z,0.828,0.079,23.3565,0.855,0.2995,35.04,33.672673,8.028,93.677,7.335,309.8317,859.48,1.9040757273339801
2018-05-14T13:35:25Z,0.848,0.077,23.249,0.8597,0.2812,34.621,33.187596,8.078,94.045,7.336,310.6815,833.96,1.8844385450074166
2018-05-14T13:35:25Z,0.867,0.077,23.1641,0.8592,0.2801,34.297,32.706504,8.1468,94.396,7.336,311.0925,931.29,1.869274761978029
2018-05-14T13:35:25Z,0.886,0.078,23.0973,0.8573,0.2864,34.192,32.365083,8.2302,94.723,7.334,311.2729,1049.6,1.865974909436044
2018-05-14T13:35:25Z,0.905,0.079,23.0575,0.8558,0.3581,34.258,32.171263,8.3177,95.047,7.332,311.2276,983.95,1.8714411767770562
2018-05-14T13:35:25Z,0.925,0.081,22.9842,0.8583,0.415,34.411,32.077509,8.4092,95.456,7.33,310.9752,942.37,1.883357437825278
2018-05-14T13:35:25Z,0.946,0.083,22.7142,0.8613,0.4246,34.537,31.993311,8.5175,96.136,7.328,311.5769,981.29,1.9020623110717798
2018-05-14T13:35:25Z,0.968,0.086,22.3226,0.8729,0.4121,34.627,31.915087,8.6552,97.245,7.324,312.9094,891.64,1.9241011556221261
2018-05-14T13:35:25Z,0.99,0.088,21.9423,0.8976,0.4173,34.667,31.830107,8.8163,98.716,7.321,313.5792,797.47,1.9430198253705517
2018-05-14T13:35:25Z,1.012,0.089,21.5853,0.9122,0.4565,34.657,31.727796,8.9892,100.387,7.321,313.5663,797.38,1.9581897231388725
2018-05-14T13:35:25Z,1.035,0.091,21.2951,0.9118,0.459,34.655,31.630577,9.1634,102.057,7.321,313.4413,818.71,1.971042596950667
2018-05-14T13:35:25Z,1.06,0.094,21.0579,0.9201,0.4172,34.678,31.543659,9.3272,103.566,7.319,313.1865,789.47,1.983147478935718
2018-05-14T13:35:25Z,1.084,0.096,20.8822,0.9572,0.4082,34.679,31.438842,9.4732,104.869,7.319,312.9808,757.24,1.9912110726655183
2018-05-14T13:35:25Z,1.107,0.097,20.7749,1.011,0.4418,34.656,31.315751,9.5948,105.906,7.322,313.2767,783.39,1.9947221184370512
2018-05-14T13:35:25Z,1.133,0.098,20.6424,1.047,0.4581,34.636,31.198401,9.6877,106.629,7.323,314.0973,780.21,1.999590395717989
2018-05-14T13:35:25Z,1.16,0.099,20.4727,1.0523,0.4222,34.626,31.099487,9.7507,107.047,7.323,314.6433,736.6,2.0068194727691235
2018-05-14T13:35:25Z,1.184,0.099,20.3216,1.0572,0.3734,34.613,31.008798,9.794,107.279,7.323,314.7151,738.49,2.0130432962796645
2018-05-14T13:35:25Z,1.208,0.099,20.1763,1.0873,0.3568,34.601,30.927385,9.8311,107.466,7.324,314.794,755.42,2.0190928859876998
2018-05-14T13:35:25Z,1.235,0.099,20.0268,1.1136,0.3734,34.617,30.877136,9.8699,107.691,7.324,315.0815,698.25,2.027111389651626
2018-05-14T13:35:25Z,1.261,0.099,19.897,1.1173,0.4221,34.647,30.845716,9.9155,108.005,7.324,315.1791,680.35,2.035115128793156
2018-05-14T13:35:25Z,1.286,0.1,19.7858,1.1413,0.4881,34.662,30.801441,9.9658,108.373,7.323,314.9423,740.74,2.041337878146605
2018-05-14T13:35:25Z,1.309,0.102,19.6836,1.1928,0.5611,34.639,30.722778,10.0128,108.702,7.323,314.9709,745.6,2.044779826033275
2018-05-14T13:35:25Z,1.333,0.102,19.5914,1.2256,0.6328,34.629,30.656622,10.0491,108.914,7.323,315.3532,723.79,2.0485699498353362
2018-05-14T13:35:25Z,1.361,0.101,19.5082,1.2426,0.6529,34.671,30.636543,10.071,108.969,7.322,315.8645,734.79,2.0552071238674623
2018-05-14T13:35:25Z,1.39,0.099,19.4275,1.2788,0.6204,34.704,30.606946,10.077,108.85,7.322,316.2485,751.39,2.0611802902844945
2018-05-14T13:35:25Z,1.417,0.095,19.3432,1.3325,0.6071,34.708,30.552719,10.0677,108.567,7.321,315.8667,724.39,2.065519498151943
2018-05-14T13:35:25Z,1.442,0.089,19.2596,1.3689,0.6146,34.697,30.488873,10.0422,108.12,7.321,315.206,712.99,2.0688910242498535
2018-05-14T13:35:25Z,1.464,0.084,19.1771,1.3781,0.619,34.658,30.406478,9.992,107.429,7.322,315.2285,742.34,2.0704464129943236
2018-05-14T13:35:25Z,1.482,0.079,19.0932,1.3793,0.5682,34.608,30.318499,9.9134,106.447,7.323,315.4519,681.57,2.071375984508395
2018-05-14T13:35:25Z,1.499,0.077,19.0085,1.3838,0.4587,34.583,30.250654,9.8172,105.273,7.322,315.6694,602.51,2.0739353422839204
2018-05-14T13:35:25Z,1.515,0.077,18.9265,1.3868,0.4233,34.603,30.22117,9.7163,104.047,7.32,316.138,611.1,2.0792358973094642
2018-05-14T13:35:25Z,1.535,0.081,18.8585,1.379,0.4458,34.648,30.215978,9.6196,102.879,7.316,316.214,635.88,2.0854580801837943
2018-05-14T13:35:25Z,1.556,0.087,18.7997,1.372,0.4262,34.664,30.18782,9.541,101.91,7.311,315.8136,680.8,2.0893892664571685
2018-05-14T13:35:25Z,1.579,0.094,18.7338,1.3579,0.3993,34.657,30.134676,9.4924,101.251,7.306,315.7702,710.74,2.0922110033567836
2018-05-14T13:35:25Z,1.604,0.1,18.6612,1.327,0.3956,34.654,30.08141,9.4747,100.912,7.303,315.9478,655.39,2.095629975692577
2018-05-14T13:35:25Z,1.631,0.103,18.5982,1.3111,0.412,34.674,30.051764,9.4836,100.865,7.301,316.1533,573.77,2.1000559637225233
2018-05-14T13:35:25Z,1.661,0.104,18.542,1.313,0.4451,34.697,30.030187,9.5091,101.013,7.3,316.7064,521.79,2.1043457006772157
2018-05-14T13:35:25Z,1.69,0.103,18.4734,1.3135,0.4601,34.715,30.01099,9.5361,101.196,7.297,317.3872,510.14,2.1089472490151904
2018-05-14T13:35:25Z,1.716,0.103,18.3965,1.308,0.4401,34.75,30.010121,9.5544,101.3,7.292,317.7592,503.54,2.1150780544813066
2018-05-14T13:35:25Z,1.74,0.103,18.3263,1.3014,0.4172,34.721,29.95614,9.5613,101.287,7.288,317.6768,484.52,2.1167525667952365
2018-05-14T13:35:25Z,1.762,0.103,18.2669,1.3154,0.4277,34.652,29.866309,9.5574,101.154,7.286,317.5088,488.53,2.115294547090458
2018-05-14T13:35:25Z,1.787,0.103,18.2175,1.4046,0.4448,34.626,29.813023,9.5436,100.914,7.282,317.5354,486.55,2.1161115128538803
2018-05-14T13:35:25Z,1.817,0.104,18.1748,1.5438,0.4406,34.595,29.756346,9.5211,100.587,7.277,317.7414,453.51,2.116265188375131
2018-05-14T13:35:25Z,1.847,0.106,18.1351,1.6194,0.4686,34.553,29.689029,9.4979,100.251,7.272,318.1061,416.94,2.115552235997933
2018-05-14T13:35:25Z,1.873,0.108,18.0923,1.639,0.5096,34.53,29.63411,9.4872,100.033,7.269,318.5889,383.43,2.1162295644945353
2018-05-14T13:35:25Z,1.897,0.11,18.0428,1.7066,0.5392,34.464,29.536809,9.4991,100.038,7.266,319.1049,362.79,2.1144510388763837
2018-05-14T13:35:25Z,1.925,0.112,18.0014,1.8221,0.5831,34.359,29.40157,9.5384,100.313,7.262,319.4411,363.17,2.109717711703508
2018-05-14T13:35:25Z,1.954,0.116,17.9613,1.8861,0.6127,34.34,29.332469,9.6019,100.822,7.259,319.5563,357.94,2.110512913117702
2018-05-14T13:35:25Z,1.984,0.121,17.9078,1.8919,0.653,34.411,29.336286,9.6828,101.497,7.258,319.4659,334.29,2.1178617100632646
2018-05-14T13:35:25Z,2.016,0.123,17.8506,1.9379,0.6726,34.461,29.320644,9.7762,102.296,7.258,319.2083,324.5,2.124046002843258
2018-05-14T13:35:25Z,2.049,0.123,17.7855,2.0379,0.6371,34.469,29.270273,9.876,103.164,7.259,319.1087,331.56,2.1279029709807658
2018-05-14T13:35:25Z,2.083,0.119,17.7066,2.0906,0.6205,34.49,29.235208,9.9767,104.051,7.261,319.5521,316.09,2.133332936618234
2018-05-14T13:35:25Z,2.116,0.113,17.6219,2.0884,0.6235,34.52,29.214118,10.0726,104.906,7.263,320.1811,288.22,2.13967244661848
2018-05-14T13:35:25Z,2.144,0.105,17.5365,2.0839,0.6127,34.558,29.205725,10.1546,105.629,7.264,320.2621,276.83,2.1465985607039544
2018-05-14T13:35:25Z,2.168,0.099,17.4517,2.0823,0.6122,34.593,29.197188,10.2127,106.112,7.264,320.1003,271.74,2.153321390372369
2018-05-14T13:35:25Z,2.19,0.094,17.3743,2.0784,0.6168,34.612,29.174354,10.2449,106.323,7.264,320.1181,263.24,2.1586230963972532
2018-05-14T13:35:25Z,2.211,0.092,17.3085,2.0734,0.6075,34.671,29.1836,10.2599,106.352,7.263,320.1325,255.19,2.165982284860834
2018-05-14T13:35:25Z,2.232,0.094,17.2494,2.0779,0.5913,34.711,29.181927,10.2636,106.275,7.261,320.446,247.78,2.1717491070748927
2018-05-14T13:35:25Z,2.257,0.099,17.1958,2.0684,0.6041,34.645,29.090584,10.2573,106.096,7.259,321.2423,240.65,2.1701975874693162
2018-05-14T13:35:25Z,2.283,0.104,17.1432,2.0414,0.6405,34.553,28.968164,10.2406,105.779,7.256,321.7586,235.65,2.1668594361373925
2018-05-14T13:35:25Z,2.311,0.109,17.0795,2.0272,0.635,34.547,28.908245,10.2095,105.285,7.253,321.7851,232.68,2.169825447644166
2018-05-14T13:35:25Z,2.341,0.112,17.0278,2.0246,0.629,34.567,28.87407,10.1638,104.649,7.251,321.8202,229.38,2.1738965625602495
2018-05-14T13:35:25Z,2.371,0.114,16.9881,2.0282,0.6592,34.543,28.808894,10.1098,103.951,7.248,321.8396,225.72,2.174401393095552
2018-05-14T13:35:25Z,2.402,0.117,16.9196,2.0342,0.6639,34.53,28.755174,10.0539,103.241,7.245,321.6747,223.92,2.177173365747096
2018-05-14T13:35:25Z,2.43,0.119,16.8323,2.0334,0.656,34.559,28.732502,9.9999,102.543,7.243,321.719,222.37,2.183770463780038
2018-05-14T13:35:25Z,2.458,0.121,16.7565,2.0367,0.6546,34.606,28.725227,9.9494,101.881,7.242,322.1172,221.83,2.190983696234114
2018-05-14T13:35:25Z,2.489,0.122,16.6949,2.1467,0.6469,34.663,28.730651,9.9078,101.325,7.242,322.445,225.78,2.198128235823655
2018-05-14T13:35:25Z,2.523,0.122,16.6359,2.3629,0.6546,34.713,28.734534,9.8822,100.948,7.242,322.5853,232.35,2.204680779967591
2018-05-14T13:35:25Z,2.558,0.121,16.5683,2.4824,0.6571,34.728,28.708627,9.8734,100.74,7.243,322.6096,233.38,2.20935705253473
2018-05-14T13:35:25Z,2.588,0.117,16.4955,2.4882,0.6461,34.733,28.671363,9.8791,100.671,7.244,322.481,226.83,2.213654590493111
2018-05-14T13:35:25Z,2.616,0.112,16.4365,2.4688,0.6439,34.778,28.664942,9.8916,100.666,7.245,322.3205,222.18,2.2199189792246097
2018-05-14T13:35:25Z,2.645,0.107,16.3861,2.4408,0.66,34.861,28.694442,9.8961,100.593,7.246,322.3032,220.58,2.2283043976911507
2018-05-14T13:35:25Z,2.671,0.104,16.3303,2.4268,0.6587,34.921,28.710483,9.8844,100.374,7.246,322.4443,219.72,2.235447062598156
2018-05-14T13:35:25Z,2.693,0.103,16.2713,2.4191,0.6286,34.913,28.668351,9.8599,100.017,7.244,322.5636,221.23,2.23816183049036
2018-05-14T13:35:25Z,2.717,0.103,16.205,2.4121,0.6316,34.92,28.62949,9.8277,99.556,7.242,322.6277,224.81,2.242309137388784
2018-05-14T13:35:25Z,2.745,0.104,16.1452,2.3786,0.6642,34.967,28.621572,9.7893,99.026,7.241,322.8752,228.66,2.2488349323371444
2018-05-14T13:35:25Z,2.775,0.105,16.1064,2.3161,0.6568,34.958,28.572567,9.7433,98.435,7.239,323.147,226.91,2.2503813691721715
2018-05-14T13:35:25Z,2.803,0.106,16.0588,2.282,0.6329,34.9,28.481425,9.6874,97.74,7.238,323.0737,228.11,2.2490717173707466
2018-05-14T13:35:25Z,2.829,0.106,15.9916,2.2884,0.6498,34.881,28.408555,9.624,96.932,7.238,322.9365,235.28,2.251522164099642
2018-05-14T13:35:25Z,2.854,0.107,15.9173,2.3739,0.6473,34.935,28.389939,9.5588,96.093,7.236,323.2085,234.34,2.2593841515762287
2018-05-14T13:35:25Z,2.88,0.109,15.8622,2.5263,0.6328,34.991,28.383261,9.4974,95.322,7.231,323.9536,231.15,2.2663278099849267
2018-05-14T13:35:25Z,2.907,0.112,15.8114,2.6053,0.6279,34.988,28.327749,9.449,94.681,7.221,324.9769,229.5,2.268987171590451
2018-05-14T13:35:25Z,2.937,0.115,15.7219,2.6033,0.6188,34.947,28.226687,9.4184,94.178,7.211,325.6003,224.85,2.271223751648402
2018-05-14T13:35:25Z,2.969,0.117,15.6192,2.6399,0.6758,34.915,28.11375,9.4023,93.768,7.202,325.5535,221.76,2.2748380132075092
2018-05-14T13:35:25Z,3,0.117,15.5545,2.7264,0.798,34.957,28.041637,9.3957,93.399,7.195,325.3584,219.81,2.2814249960760975
2018-05-14T13:35:25Z,3.03,0.116,15.4884,2.7847,0.876,35.023,27.989657,9.387,93.01,7.188,325.3914,217.89,2.2897763342136535
2018-05-14T13:35:25Z,3.059,0.113,15.3858,2.8017,0.8555,35.066,27.92963,9.3679,92.55,7.183,325.6949,217.33,2.2986573991222827
2018-05-14T13:35:25Z,3.088,0.109,15.2726,2.7949,0.8247,35.141,27.88724,9.3389,91.974,7.178,326.1023,216.98,2.31042587964721
2018-05-14T13:35:25Z,3.116,0.107,15.1053,2.7861,0.8396,35.254,27.858001,9.3001,91.256,7.172,326.3591,215.94,2.3280831802013857
2018-05-14T13:35:25Z,3.142,0.104,14.9423,2.796,0.8525,35.381,27.829968,9.2523,90.429,7.165,326.4775,215.42,2.3466084721756753
2018-05-14T13:35:25Z,3.166,0.103,14.8294,2.8048,0.8583,35.509,27.802138,9.1958,89.523,7.159,326.8458,216.4,2.362349372851583
2018-05-14T13:35:25Z,3.192,0.106,14.6854,2.7909,0.8787,35.623,27.775367,9.1316,88.583,7.15,327.4561,213.79,2.3790600159952673
2018-05-14T13:35:25Z,3.22,0.111,14.5094,2.765,0.886,35.737,27.760142,9.0671,87.676,7.139,327.9191,206.53,2.397834497375053
2018-05-14T13:35:25Z,3.245,0.116,14.3289,2.7499,0.886,35.854,27.744926,9.0031,86.772,7.129,328.1425,202.1,2.4172558017573778
2018-05-14T13:35:25Z,3.274,0.12,14.1348,2.7362,0.8782,35.953,27.71827,8.9326,85.821,7.12,328.3508,199.92,2.436394677060683
2018-05-14T13:35:25Z,3.31,0.122,13.9722,2.7282,0.8534,36.035,27.691716,8.8548,84.837,7.111,328.8027,198.54,2.4524914981586208
2018-05-14T13:35:25Z,3.346,0.122,13.8452,2.7908,0.8601,36.129,27.677764,8.7679,83.784,7.101,329.3037,198.87,2.4673196312377015
2018-05-14T13:35:25Z,3.375,0.119,13.6864,2.9152,0.8681,36.234,27.67648,8.6691,82.632,7.091,329.4189,192.55,2.4850746036665057
2018-05-14T13:35:25Z,3.405,0.112,13.5342,2.9913,0.8586,36.331,27.676097,8.567,81.472,7.084,329.2493,181.36,2.501950508196139
2018-05-14T13:35:25Z,3.434,0.101,13.4216,3.0025,0.8674,36.414,27.67305,8.4665,80.352,7.079,329.2321,177.32,2.51533757084305
2018-05-14T13:35:25Z,3.46,0.091,13.3006,3.0414,0.8217,36.442,27.639562,8.3639,79.245,7.072,329.813,177.54,2.525300934477032
2018-05-14T13:35:25Z,3.483,0.091,13.1824,3.1311,0.7027,36.437,27.588627,8.268,78.224,7.059,330.7665,174.65,2.532697765542767
2018-05-14T13:35:25Z,3.5,0.099,13.0833,3.1963,0.6187,36.496,27.565138,8.1949,77.37,7.044,331.1239,168.34,2.5436046877627843
2018-05-14T13:35:25Z,3.512,0.11,12.9885,3.2131,0.599,36.627,27.545974,8.138,76.555,7.031,330.7787,159.14,2.559619736453193
2018-05-14T13:35:25Z,3.534,0.118,12.9108,3.2334,0.6483,36.824,27.54728,8.0829,75.697,7.023,330.3788,146.93,2.5794704197517975
2018-05-14T13:35:25Z,3.576,0.121,12.8633,3.2763,0.7568,37.029,27.580769,8.0278,74.905,7.019,330.2462,134.5,2.597946984374267
2018-05-14T13:35:25Z,3.63,0.12,12.7945,3.2998,0.843,37.109,27.569755,7.9717,74.221,7.016,330.294,124.7,2.608598291110544
2018-05-14T13:35:25Z,3.67,0.115,12.6191,3.2975,0.8662,37.128,27.541035,7.9145,73.592,7.012,330.2685,117.71,2.6220455579745505
2018-05-14T13:35:25Z,3.69,0.104,12.3824,3.267,0.7931,37.184,27.55097,7.8492,72.913,7.007,330.2823,113.06,2.6426520129549167
2018-05-14T13:35:25Z,3.703,0.089,12.2091,3.2155,0.6611,37.224,27.56284,7.7677,72.117,6.999,330.5468,110.16,2.6578039757193
2018-05-14T13:35:25Z,3.718,0.075,12.133,3.1899,0.6129,37.222,27.55755,7.6765,71.262,6.99,330.7132,108.51,2.6630077843101905
2018-05-14T13:35:25Z,3.737,0.069,12.0865,3.1786,0.6373,37.213,27.550496,7.5877,70.436,6.981,330.746,108.63,2.6656036034786315
2018-05-14T13:35:25Z,3.758,0.071,12.0345,3.1431,0.651,37.206,27.541051,7.5067,69.675,6.971,331.2876,111.38,2.6687458507732478
2018-05-14T13:35:25Z,3.778,0.078,12.0122,3.0818,0.6571,37.184,27.506837,7.436,68.983,6.959,332.1856,115.87,2.6686465312506233
2018-05-14T13:35:25Z,3.794,0.09,12.0135,3.0434,0.6497,37.205,27.454305,7.3838,68.357,6.944,332.6556,122.05,2.670155091576279
2018-05-14T13:35:25Z,3.809,0.101,12.0169,3.0471,0.6524,37.344,27.413809,7.3522,67.768,6.931,332.6681,128.26,2.6805125938883596
2018-05-14T13:35:25Z,3.833,0.108,12.0088,3.0523,0.6599,37.539,27.398021,7.3304,67.239,6.923,332.509,130.97,2.6959648165330994
2018-05-14T13:35:25Z,3.871,0.112,12.0055,3.0048,0.649,37.679,27.390238,7.3137,66.86,6.918,332.1945,130.53,2.7068847961952875
2018-05-14T13:35:25Z,3.915,0.112,11.9464,2.9142,0.6429,37.769,27.383087,7.3003,66.591,6.916,331.8762,130.66,2.718014502436124
2018-05-14T13:35:25Z,3.949,0.109,11.7099,2.8662,0.6465,37.84,27.374991,7.2806,66.289,6.914,331.758,132.52,2.740638204729611
2018-05-14T13:35:25Z,3.969,0.103,11.4516,2.8658,0.6621,37.895,27.355786,7.2497,65.89,6.909,331.7977,132.97,2.7638848535543334
2018-05-14T13:35:25Z,3.985,0.097,11.3284,2.8173,0.6483,37.973,27.341306,7.2102,65.391,6.904,331.926,130.74,2.7790957553627513
2018-05-14T13:35:25Z,4.004,0.094,11.2468,2.7124,0.6018,38.067,27.326827,7.1643,64.813,6.896,332.1046,127.74,2.7925209631680894
2018-05-14T13:35:25Z,4.027,0.098,11.1656,2.6547,0.5883,38.148,27.307633,7.1117,64.185,6.887,332.5808,123.73,2.8049554663363767
2018-05-14T13:35:25Z,4.055,0.106,11.0987,2.6524,0.6074,38.238,27.299653,7.0551,63.534,6.88,333.2959,118.22,2.8170596517158697
2018-05-14T13:35:25Z,4.087,0.111,11.0081,2.5834,0.6192,38.343,27.293764,6.999,62.876,6.871,333.4379,113.13,2.832193080259654
2018-05-14T13:35:25Z,4.12,0.112,10.8848,2.4366,0.6084,38.47,27.299843,6.9489,62.266,6.862,333.2654,109.63,2.851648644886521
2018-05-14T13:35:25Z,4.15,0.109,10.7835,2.3471,0.5996,38.577,27.309558,6.9084,61.779,6.853,333.6189,107.22,2.8679338685773605
2018-05-14T13:35:25Z,4.177,0.104,10.7017,2.3287,0.6038,38.592,27.284162,6.8743,61.405,6.845,334.0121,104.9,2.875488700465074
2018-05-14T13:35:25Z,4.202,0.099,10.5929,2.2414,0.5982,38.575,27.24673,6.8489,61.131,6.835,334.1481,102.9,2.8826458870453364
2018-05-14T13:35:25Z,4.224,0.095,10.471,2.0728,0.5932,38.604,27.237936,6.8335,60.939,6.823,334.9186,102.28,2.89453460240398
2018-05-14T13:35:25Z,4.245,0.094,10.3754,1.972,0.6032,38.645,27.241307,6.8266,60.831,6.811,336.1017,102.29,2.905364773915934
2018-05-14T13:35:25Z,4.268,0.094,10.3419,1.9514,0.629,38.652,27.223964,6.8317,60.835,6.801,336.5793,102.26,2.908581394600287
2018-05-14T13:35:25Z,4.293,0.092,10.3232,1.9333,0.6612,38.687,27.218709,6.8487,60.931,6.794,336.4763,102.47,2.912867571576323
2018-05-14T13:35:25Z,4.319,0.088,10.2693,1.9093,0.6566,38.765,27.241245,6.8758,61.112,6.79,336.0614,102.38,2.9234132734636535
2018-05-14T13:35:25Z,4.345,0.08,10.2405,1.8915,0.6333,38.807,27.242412,6.9121,61.382,6.79,335.4347,102.06,2.929085573632357
2018-05-14T13:35:25Z,4.368,0.07,10.2217,1.892,0.6238,38.82,27.232792,6.9576,61.75,6.789,335.0928,102.18,2.9316349310398087
2018-05-14T13:35:25Z,4.383,0.059,10.1754,1.8968,0.6034,38.86,27.251903,7.0151,62.245,6.787,335.4558,102.25,2.938567724917771
2018-05-14T13:35:25Z,4.392,0.048,10.1328,1.8946,0.6005,38.91,27.282979,7.0882,62.886,6.785,336.2088,101.89,2.946023487843446
2018-05-14T13:35:25Z,4.4,0.038,10.0932,1.8931,0.6195,38.93,27.291042,7.1752,63.646,6.783,336.5409,101.39,2.9508345341252724
2018-05-14T13:35:25Z,4.41,0.03,10.0672,1.8882,0.6192,38.938,27.285887,7.2711,64.474,6.782,336.5464,100.83,2.953584272381721
2018-05-14T13:35:25Z,4.418,0.027,10.0594,1.8813,0.6269,38.949,27.284129,7.3722,65.353,6.782,336.4475,100.18,2.9551033437683927
2018-05-14T13:35:25Z,4.423,0.029,10.0584,1.8555,0.6518,38.93,27.269774,7.4723,66.239,6.78,336.2054,99.991,2.9536513452393414
2018-05-14T13:35:25Z,4.425,0.033,10.0531,1.8064,0.646,38.892,27.239324,7.5682,67.08,6.776,336.3715,99.144,2.9510147353806615
2018-05-14T13:35:25Z,4.43,0.041,10.0338,1.7749,0.6176,38.931,27.233451,7.6627,67.85,6.77,337.166,96.289,2.955726520552902
2018-05-14T13:35:25Z,4.442,0.052,10.0181,1.7594,0.613,39.071,27.262226,7.7519,68.496,6.76,338.0678,93.458,2.968309004185497
2018-05-14T13:35:25Z,4.458,0.066,10.0202,1.6926,0.621,39.191,27.269677,7.8239,68.975,6.748,338.8435,90.868,2.977832290597741
2018-05-14T13:35:25Z,4.476,0.08,10.0312,1.5731,0.6225,39.258,27.259954,7.8753,69.31,6.736,339.3175,88.031,2.9823450617495615
2018-05-14T13:35:25Z,4.498,0.09,9.9978,1.4997,0.6319,39.327,27.271608,7.9195,69.622,6.726,339.3243,86.755,2.990660397727014
2018-05-14T13:35:25Z,4.525,0.097,9.8871,1.4768,0.6432,39.372,27.283542,7.9723,70.046,6.72,339.2707,86.233,3.003425429300064
2018-05-14T13:35:25Z,4.555,0.101,9.7759,1.3612,0.6672,39.374,27.277237,8.0469,70.686,6.717,338.9276,85.196,3.012800538968181
2018-05-14T13:35:25Z,4.584,0.103,9.7099,1.1583,0.7082,39.356,27.258859,8.1468,71.551,6.713,338.1871,84.928,3.0168222686159276
2018-05-14T13:35:25Z,4.609,0.102,9.6618,1.0544,0.7127,39.353,27.251838,8.263,72.559,6.709,338.0606,85.451,3.020586052494809
2018-05-14T13:35:25Z,4.633,0.099,9.6404,1.0421,0.6595,39.368,27.255828,8.3879,73.642,6.705,338.4309,85.849,3.023596920788856
2018-05-14T13:35:25Z,4.658,0.096,9.6374,1.0097,0.614,39.363,27.243602,8.5109,74.703,6.702,338.792,86.14,3.0234379803272895
2018-05-14T13:35:25Z,4.683,0.093,9.6286,0.9562,0.6212,39.358,27.230998,8.6204,75.643,6.698,339.2437,86.164,3.023763777530709
2018-05-14T13:35:25Z,4.707,0.091,9.6222,0.9199,0.6247,39.367,27.230419,8.7074,76.39,6.696,339.3322,85.762,3.025033188943778
2018-05-14T13:35:25Z,4.73,0.09,9.6162,0.9108,0.6248,39.386,27.236602,8.7674,76.901,6.695,338.5709,85.387,3.027087033851222
2018-05-14T13:35:25Z,4.751,0.088,9.6029,0.9188,0.6535,39.403,27.242251,8.8054,77.22,6.694,337.5249,85.22,3.0295897200642328
2018-05-14T13:35:25Z,4.773,0.086,9.5906,0.962,0.667,39.398,27.235219,8.8294,77.423,6.692,337.1818,84.702,3.030210510317071
2018-05-14T13:35:25Z,4.796,0.085,9.5829,1.0197,0.6651,39.374,27.215068,8.8461,77.56,6.692,337.2614,83.828,3.0288912157475063
2018-05-14T13:35:25Z,4.818,0.085,9.5746,1.0376,0.6617,39.354,27.189103,8.8585,77.64,6.691,337.2834,82.662,3.027949129851487
2018-05-14T13:35:25Z,4.838,0.086,9.565,1.0313,0.6567,39.366,27.175252,8.8687,77.677,6.69,337.5339,81.38,3.029734932499455
2018-05-14T13:35:25Z,4.858,0.087,9.5621,1.0081,0.6646,39.405,27.174564,8.8771,77.686,6.69,338.0533,80.477,3.0331699240174137
2018-05-14T13:35:25Z,4.879,0.089,9.5616,0.9594,0.6658,39.45,27.180758,8.881,77.662,6.688,338.0562,79.649,3.036895282370758
2018-05-14T13:35:25Z,4.903,0.092,9.5477,0.929,0.641,39.485,27.186627,8.883,77.638,6.685,337.4831,78.432,3.0409297035993204
2018-05-14T13:35:25Z,4.929,0.097,9.516,0.9162,0.6088,39.495,27.182,8.8887,77.661,6.68,337.4047,76.979,3.044418615859137
2018-05-14T13:35:25Z,4.954,0.101,9.4768,0.8691,0.612,39.515,27.188304,8.9025,77.764,6.674,337.7963,75.682,3.0493673864546125
2018-05-14T13:35:25Z,4.979,0.102,9.4433,0.8095,0.6498,39.539,27.199338,8.9256,77.952,6.667,338.174,74.436,3.0541715156321083
2018-05-14T13:35:25Z,5.006,0.102,9.4214,0.7939,0.6385,39.53,27.188418,8.9569,78.215,6.661,338.6163,73.085,3.0552859638208254
2018-05-14T13:35:25Z,5.035,0.099,9.4085,0.7907,0.5967,39.527,27.183262,8.9961,78.55,6.657,338.8425,71.854,3.056131674907226
2018-05-14T13:35:25Z,5.062,0.094,9.3999,0.7793,0.6025,39.553,27.200484,9.0372,78.906,6.652,338.6722,70.739,3.058998575497304
2018-05-14T13:35:25Z,5.086,0.088,9.3928,0.7856,0.648,39.561,27.206153,9.0718,79.208,6.648,338.6219,69.825,3.0602585182048982
2018-05-14T13:35:25Z,5.106,0.081,9.3868,0.7927,0.6888,39.535,27.188312,9.0998,79.453,6.643,338.9229,69.16,3.0586277028049604
2018-05-14T13:35:25Z,5.123,0.076,9.3827,0.7821,0.6688,39.518,27.175254,9.1232,79.655,6.639,339.2134,68.648,3.057575992050121
2018-05-14T13:35:25Z,5.141,0.074,9.3813,0.7493,0.6502,39.52,27.175264,9.1378,79.781,6.635,339.3817,68.272,3.0578586116869553
2018-05-14T13:35:25Z,5.158,0.074,9.3823,0.6997,0.6469,39.54,27.188437,9.1428,79.821,6.631,339.5812,67.79,3.0594188601840684
2018-05-14T13:35:25Z,5.176,0.075,9.3833,0.6787,0.5975,39.57,27.207529,9.143,79.82,6.628,340.2484,67.216,3.0618021679143586
2018-05-14T13:35:25Z,5.196,0.078,9.3818,0.6878,0.5726,39.584,27.215599,9.1424,79.81,6.624,341.1683,66.637,3.063081076976923
2018-05-14T13:35:25Z,5.217,0.082,9.3795,0.6908,0.5898,39.595,27.222516,9.1421,79.805,6.622,341.4113,65.921,3.0641811334553655
2018-05-14T13:35:25Z,5.239,0.084,9.379,0.697,0.6232,39.603,27.227669,9.1396,79.783,6.622,341.2065,65.266,3.0648811087932977
2018-05-14T13:35:25Z,5.261,0.084,9.3771,0.707,0.6711,39.584,27.214403,9.1334,79.728,6.621,340.8438,64.731,3.0634776978503617
2018-05-14T13:35:25Z,5.283,0.083,9.3738,0.7022,0.6804,39.548,27.189119,9.1269,79.67,6.619,340.2951,64.071,3.060793667785612
2018-05-14T13:35:25Z,5.306,0.082,9.3734,0.6934,0.644,39.53,27.175946,9.1196,79.604,6.619,340.0794,63.447,3.059344660912286
2018-05-14T13:35:25Z,5.326,0.081,9.3737,0.6742,0.6586,39.541,27.18213,9.1097,79.516,6.62,340.9029,62.847,3.0602237891214337
2018-05-14T13:35:25Z,5.345,0.081,9.3729,0.6361,0.7652,39.568,27.200383,9.0994,79.425,6.621,342.3368,62.099,3.0625137337916137
2018-05-14T13:35:25Z,5.364,0.08,9.372,0.618,0.8645,39.577,27.206146,9.0877,79.322,6.62,342.9616,61.495,3.0633303702223627
2018-05-14T13:35:25Z,5.385,0.079,9.3712,0.621,0.8825,39.551,27.188313,9.0776,79.233,6.62,342.6926,60.919,3.061256799436298
2018-05-14T13:35:25Z,5.407,0.079,9.37,0.6363,0.7996,39.532,27.175254,9.0735,79.198,6.619,342.1817,60.141,3.0597934705762695
2018-05-14T13:35:25Z,5.428,0.078,9.369,0.6648,0.6867,39.531,27.175253,9.0713,79.18,6.618,341.9459,59.406,3.0597950418304563
2018-05-14T13:35:25Z,5.447,0.077,9.3689,0.6801,0.647,39.548,27.188297,9.0691,79.163,6.616,342.0791,58.705,3.0612023168840587
2018-05-14T13:35:25Z,5.465,0.076,9.3691,0.6841,0.6552,39.573,27.205973,9.0711,79.183,6.616,342.5873,57.866,3.063242921345237
2018-05-14T13:35:25Z,5.484,0.074,9.3689,0.6667,0.6631,39.562,27.198483,9.0756,79.223,6.616,343.4452,57.112,3.062353264604081
2018-05-14T13:35:25Z,5.503,0.074,9.3699,0.6349,0.682,39.508,27.161223,9.0767,79.232,6.615,343.848,56.571,3.0578215455261963
2018-05-14T13:35:25Z,5.521,0.073,9.3714,0.6306,0.7004,39.473,27.136463,9.0783,79.244,6.615,343.671,55.961,3.0548122262060065
2018-05-14T13:35:25Z,5.541,0.072,9.3718,0.6333,0.671,39.498,27.153104,9.0822,79.275,6.614,343.2849,55.241,3.0568353011618385
2018-05-14T13:35:25Z,5.56,0.071,9.3727,0.6218,0.6326,39.527,27.171934,9.0849,79.297,6.614,342.7924,54.538,3.059145200712632
2018-05-14T13:35:25Z,5.578,0.069,9.373,0.6108,0.6326,39.532,27.173631,9.0851,79.294,6.614,342.6204,53.815,3.059530456379232
2018-05-14T13:35:25Z,5.595,0.068,9.3712,0.6102,0.6408,39.537,27.173631,9.0836,79.273,6.613,342.926,53.182,3.0600942770082296
2018-05-14T13:35:25Z,5.611,0.068,9.3696,0.6157,0.6407,39.54,27.171927,9.083,79.259,6.612,343.3036,52.822,3.0604764003616265
2018-05-14T13:35:25Z,5.627,0.068,9.3698,0.6117,0.6303,39.517,27.153023,9.0823,79.246,6.611,343.4007,52.532,3.0585650862657197
2018-05-14T13:35:25Z,5.644,0.067,9.3677,0.6078,0.6683,39.494,27.135549,9.0807,79.228,6.611,343.3255,52.068,3.056849146010997
2018-05-14T13:35:25Z,5.663,0.066,9.3618,0.615,0.7942,39.518,27.151148,9.0779,79.201,6.609,343.4273,51.398,3.0593252794112513
2018-05-14T13:35:25Z,5.683,0.066,9.3566,0.625,0.871,39.519,27.151133,9.0749,79.173,6.607,343.7718,50.675,3.059848513097793
2018-05-14T13:35:25Z,5.698,0.066,9.3535,0.6285,0.8645,39.496,27.135363,9.0749,79.172,6.606,343.5332,50.09,3.058216923425151
2018-05-14T13:35:25Z,5.712,0.067,9.3513,0.6201,0.868,39.519,27.150963,9.078,79.199,6.603,342.779,49.615,3.0602976675418425
2018-05-14T13:35:25Z,5.726,0.071,9.3499,0.6147,0.8831,39.517,27.149259,9.0802,79.219,6.599,342.7404,49.207,3.0602512544853613
2018-05-14T13:35:25Z,5.743,0.076,9.3496,0.6277,0.8937,39.467,27.114769,9.0804,79.221,6.595,343.0669,48.67,3.0561576068025955
2018-05-14T13:35:25Z,5.764,0.082,9.3494,0.6402,0.8752,39.467,27.114925,9.0812,79.229,6.59,343.4565,47.981,3.0561735725297763
2018-05-14T13:35:25Z,5.788,0.087,9.3491,0.6367,0.8425,39.519,27.151149,9.0827,79.243,6.586,344.1813,47.356,3.060481061510005
2018-05-14T13:35:25Z,5.813,0.089,9.349,0.6315,0.8641,39.549,27.171759,9.0804,79.223,6.582,344.6896,46.643,3.0629597008458305
2018-05-14T13:35:25Z,5.838,0.089,9.349,0.6322,0.9223,39.551,27.173632,9.0744,79.17,6.579,344.0954,45.797,3.063123203154997
2018-05-14T13:35:25Z,5.862,0.088,9.3494,0.6272,0.9366,39.552,27.173802,9.0714,79.143,6.577,342.8483,45.145,3.0631704371969315
2018-05-14T13:35:25Z,5.883,0.086,9.3502,0.6172,0.9149,39.552,27.173804,9.07,79.131,6.576,342.516,44.714,3.0631014044999847
2018-05-14T13:35:25Z,5.902,0.084,9.3506,0.6116,0.9037,39.552,27.173649,9.0668,79.102,6.574,342.8315,44.252,3.0630664543861315
2018-05-14T13:35:25Z,5.922,0.082,9.3507,0.6155,0.893,39.55,27.171932,9.0663,79.097,6.572,343.3071,43.729,3.062892278160119
2018-05-14T13:35:25Z,5.943,0.08,9.3502,0.6278,0.8773,39.523,27.153038,9.0702,79.131,6.571,343.8787,43.214,3.06070970292087
2018-05-14T13:35:25Z,5.966,0.076,9.3496,0.6315,0.8658,39.497,27.135705,9.0759,79.181,6.57,344.064,42.711,3.058617953399888
2018-05-14T13:35:25Z,5.987,0.071,9.3491,0.6228,0.785,39.521,27.152852,9.0825,79.24,6.57,343.8271,42.232,3.0606363493937554
2018-05-14T13:35:25Z,6.005,0.066,9.3489,0.6144,0.6635,39.545,27.16987,9.0884,79.293,6.57,343.1652,41.78,3.0626295166482476
2018-05-14T13:35:25Z,6.02,0.062,9.3489,0.6125,0.6485,39.517,27.150963,9.0927,79.333,6.57,342.6861,41.413,3.060322263112578
2018-05-14T13:35:25Z,6.033,0.06,9.349,0.6185,0.6946,39.464,27.114753,9.0976,79.375,6.568,343.0237,41.137,3.055947660584655
2018-05-14T13:35:25Z,6.044,0.064,9.3496,0.6223,0.7017,39.462,27.11305,9.1026,79.417,6.564,343.6342,40.824,3.0557315223364525
2018-05-14T13:35:25Z,6.058,0.073,9.351,0.622,0.6736,39.489,27.130369,9.1034,79.422,6.559,343.9591,40.509,3.057835755882201
2018-05-14T13:35:25Z,6.074,0.082,9.3521,0.6237,0.6605,39.494,27.13366,9.101,79.4,6.555,344.4561,40.056,3.0581534677955338
2018-05-14T13:35:25Z,6.098,0.088,9.3516,0.6243,0.6645,39.523,27.152836,9.1005,79.396,6.555,345.0846,39.247,3.0605835913983497
2018-05-14T13:35:25Z,6.13,0.092,9.3506,0.6113,0.6919,39.551,27.171727,9.1009,79.397,6.556,345.0184,38.487,3.0629732594555232
2018-05-14T13:35:25Z,6.16,0.092,9.3497,0.5765,0.7781,39.552,27.171587,9.0994,79.383,6.557,344.43,38.038,3.063130565492175
2018-05-14T13:35:25Z,6.183,0.09,9.3491,0.5527,0.8524,39.522,27.151135,9.0959,79.351,6.557,343.9932,37.592,3.0607094078878827
2018-05-14T13:35:25Z,6.202,0.086,9.349,0.5534,0.8574,39.47,27.114939,9.0912,79.309,6.557,343.695,37.16,3.056433852122835
2018-05-14T13:35:25Z,6.22,0.081,9.3484,0.5673,0.7775,39.47,27.114926,9.0875,79.278,6.558,343.5773,36.838,3.0564839233177383
2018-05-14T13:35:25Z,6.238,0.079,9.3474,0.6011,0.6497,39.521,27.150978,9.084,79.249,6.558,344.2906,36.418,3.060769101284622
2018-05-14T13:35:25Z,6.258,0.079,9.3465,0.6216,0.5933,39.548,27.169856,9.0801,79.216,6.558,345.3508,35.918,3.0630689647989175
2018-05-14T13:35:25Z,6.281,0.082,9.3464,0.6136,0.6149,39.523,27.152682,9.0783,79.201,6.558,345.5553,35.477,3.0610167594085294
2018-05-14T13:35:25Z,6.302,0.084,9.3468,0.614,0.6362,39.495,27.133817,9.0785,79.203,6.557,345.301,35.042,3.058675179497406
2018-05-14T13:35:25Z,6.323,0.085,9.3475,0.6172,0.6378,39.493,27.132257,9.0814,79.228,6.556,344.9431,34.583,3.0584500443462455
2018-05-14T13:35:25Z,6.345,0.085,9.3485,0.6064,0.6645,39.495,27.133832,9.0876,79.282,6.555,344.3251,34.149,3.0585287711650433
2018-05-14T13:35:25Z,6.368,0.085,9.3487,0.603,0.714,39.522,27.152852,9.0926,79.327,6.556,344.2812,33.753,3.060734678197605
2018-05-14T13:35:25Z,6.389,0.086,9.3485,0.6132,0.748,39.548,27.171728,9.0938,79.339,6.556,345.3587,33.355,3.0628925219548337
2018-05-14T13:35:25Z,6.41,0.086,9.3487,0.6191,0.7705,39.548,27.171573,9.0918,79.322,6.556,346.7709,32.971,3.0628744921969773
2018-05-14T13:35:25Z,6.432,0.085,9.3488,0.619,0.7728,39.518,27.150965,9.0865,79.276,6.554,347.5899,32.606,3.0603936880490084
2018-05-14T13:35:25Z,6.455,0.085,9.3497,0.6214,0.7755,39.463,27.113057,9.0779,79.2,6.552,347.7758,32.178,3.055785977576908
2018-05-14T13:35:25Z,6.478,0.085,9.3504,0.6291,0.8031,39.436,27.094218,9.0667,79.102,6.551,347.5556,31.775,3.053501766414885
2018-05-14T13:35:25Z,6.499,0.086,9.3502,0.6401,0.833,39.466,27.113683,9.0567,79.013,6.548,347.2511,31.448,3.055988504304046
2018-05-14T13:35:25Z,6.519,0.088,9.3503,0.6621,0.8313,39.531,27.157907,9.0514,78.964,6.545,347.3631,31.083,3.0613329043368736
2018-05-14T13:35:25Z,6.54,0.09,9.3499,0.6839,0.8131,39.571,27.184446,9.0501,78.95,6.543,347.877,30.683,3.06466095567718
2018-05-14T13:35:25Z,6.564,0.092,9.3492,0.6824,0.8267,39.567,27.180561,9.0513,78.96,6.541,348.3024,30.239,3.064389957549387
2018-05-14T13:35:25Z,6.589,0.093,9.349,0.6621,0.8425,39.558,27.174436,9.0539,78.983,6.539,348.4621,29.753,3.063664399967947
2018-05-14T13:35:25Z,6.615,0.093,9.3481,0.6231,0.8207,39.557,27.173884,9.0559,79,6.538,348.6032,29.332,3.06365730397747
2018-05-14T13:35:25Z,6.64,0.092,9.3465,0.596,0.8077,39.557,27.173894,9.0577,79.016,6.538,348.8037,28.964,3.0637922597392726
2018-05-14T13:35:25Z,6.664,0.089,9.3455,0.6102,0.8379,39.557,27.174552,9.0629,79.062,6.538,348.9085,28.624,3.063876207296036
2018-05-14T13:35:25Z,6.684,0.087,9.3455,0.6301,0.8813,39.567,27.181838,9.0693,79.119,6.538,348.4071,28.339,3.0646991210366314
2018-05-14T13:35:25Z,6.704,0.086,9.3457,0.6251,0.8745,39.589,27.198487,9.0722,79.147,6.537,347.5603,28.029,3.066493855447761
2018-05-14T13:35:25Z,6.725,0.087,9.3458,0.614,0.8466,39.566,27.185367,9.073,79.162,6.537,347.4461,27.659,3.0645893569965397
2018-05-14T13:35:25Z,6.747,0.088,9.3462,0.6153,0.8799,39.511,27.150207,9.0763,79.197,6.536,347.6286,27.294,3.060023202909435
2018-05-14T13:35:25Z,6.77,0.09,9.3459,0.6038,0.9112,39.517,27.154356,9.0815,79.242,6.534,347.7885,26.95,3.0605419170284196
2018-05-14T13:35:25Z,6.794,0.091,9.3473,0.5758,0.8889,39.544,27.172037,9.0858,79.277,6.533,348.3462,26.605,3.062646013305938
2018-05-14T13:35:25Z,6.819,0.09,9.3532,0.562,0.8542,39.548,27.173489,9.0886,79.299,6.533,348.6924,26.252,3.0624723707699313
2018-05-14T13:35:25Z,6.844,0.088,9.3568,0.5479,0.8277,39.547,27.171904,9.0885,79.295,6.533,347.9311,25.914,3.062082570825109
2018-05-14T13:35:25Z,6.867,0.084,9.3552,0.5514,0.8437,39.521,27.152869,9.0868,79.278,6.533,346.7125,25.608,3.060076292262649
2018-05-14T13:35:25Z,6.887,0.079,9.3538,0.5959,0.8942,39.492,27.133835,9.084,79.256,6.534,346.4345,25.321,3.0578058825685392
2018-05-14T13:35:25Z,6.906,0.074,9.3531,0.6163,0.8895,39.487,27.132261,9.08,79.227,6.534,346.6337,25.047,3.057452623556576
2018-05-14T13:35:25Z,6.923,0.07,9.352,0.6058,0.8483,39.487,27.133835,9.0763,79.198,6.533,346.7123,24.801,3.057545168232189
2018-05-14T13:35:25Z,6.939,0.068,9.3489,0.6061,0.8536,39.515,27.15287,9.0727,79.164,6.532,347.1271,24.573,3.0601140844021337
2018-05-14T13:35:25Z,6.955,0.068,9.3493,0.6108,0.8616,39.545,27.171918,9.0677,79.117,6.532,347.7768,24.34,3.0625505748940496
2018-05-14T13:35:25Z,6.972,0.069,9.3558,0.6171,0.854,39.55,27.17365,9.0632,79.075,6.531,347.5984,24.106,3.0624087139753917
2018-05-14T13:35:25Z,6.99,0.072,9.3578,0.6274,0.8533,39.552,27.173808,9.061,79.052,6.53,346.6059,23.895,3.06240246274041
2018-05-14T13:35:25Z,7.009,0.075,9.3552,0.6246,0.8219,39.554,27.173823,9.0613,79.051,6.529,346.1007,23.703,3.0627874145451686
2018-05-14T13:35:25Z,7.028,0.077,9.3533,0.6017,0.8106,39.557,27.173824,9.0656,79.084,6.528,346.1363,23.509,3.0631952795494577
2018-05-14T13:35:25Z,7.048,0.079,9.3516,0.5716,0.8387,39.559,27.173824,9.071,79.128,6.527,346.3477,23.303,3.0635037459416337
2018-05-14T13:35:25Z,7.07,0.081,9.3501,0.545,0.8253,39.561,27.173824,9.0753,79.163,6.526,346.7643,23.075,3.06379502622285
2018-05-14T13:35:25Z,7.091,0.084,9.3479,0.537,0.8009,39.561,27.173824,9.0806,79.208,6.525,347.1292,22.824,3.0639812397437463
2018-05-14T13:35:25Z,7.111,0.086,9.3452,0.5675,0.8192,39.561,27.173824,9.0858,79.254,6.523,347.3187,22.573,3.0642101268822644
2018-05-14T13:35:25Z,7.133,0.086,9.3433,0.6101,0.8628,39.56,27.173824,9.0868,79.264,6.521,347.3337,22.325,3.06428845123854
2018-05-14T13:35:25Z,7.156,0.085,9.3421,0.6207,0.8713,39.559,27.173824,9.0842,79.243,6.521,347.2255,22.035,3.064307095340032
2018-05-14T13:35:25Z,7.181,0.084,9.341,0.6214,0.8296,39.559,27.173829,9.0823,79.227,6.52,347.1281,21.725,3.0643995756232707
2018-05-14T13:35:25Z,7.203,0.081,9.3411,0.6276,0.817,39.56,27.173881,9.0814,79.218,6.52,347.0169,21.478,3.064472348113811
2018-05-14T13:35:25Z,7.223,0.078,9.3429,0.6229,0.841,39.561,27.174454,9.0796,79.202,6.519,347.0003,21.285,3.064400544288393
2018-05-14T13:35:25Z,7.241,0.076,9.344,0.6199,0.8751,39.57,27.180752,9.0774,79.182,6.518,347.7015,21.105,3.0650476559139515
2018-05-14T13:35:25Z,7.257,0.074,9.3436,0.6102,0.8946,39.579,27.186523,9.0758,79.167,6.517,348.7837,20.919,3.0658224831362664
2018-05-14T13:35:25Z,7.276,0.074,9.3432,0.597,0.8315,39.571,27.180735,9.0782,79.188,6.517,349.1586,20.711,3.0651965703692388
2018-05-14T13:35:25Z,7.296,0.074,9.3429,0.6071,0.7232,39.561,27.174267,9.0828,79.23,6.517,349.0497,20.511,3.064397161207552
2018-05-14T13:35:25Z,7.316,0.074,9.3425,0.622,0.6536,39.556,27.171821,9.0833,79.236,6.518,348.758,20.334,3.0640183260739313
2018-05-14T13:35:25Z,7.336,0.073,9.3421,0.6212,0.6301,39.524,27.15116,9.081,79.218,6.519,348.299,20.158,3.0614148311984493
2018-05-14T13:35:25Z,7.355,0.071,9.3423,0.6155,0.6533,39.469,27.114945,9.08,79.213,6.519,348.147,19.995,3.0568657865970317
2018-05-14T13:35:25Z,7.373,0.066,9.343,0.627,0.6894,39.467,27.114943,9.0804,79.22,6.519,348.8118,19.848,3.0566408668985385
2018-05-14T13:35:25Z,7.389,0.062,9.3436,0.6595,0.6694,39.518,27.151138,9.0813,79.23,6.519,349.9699,19.705,3.0607904972816278
2018-05-14T13:35:25Z,7.405,0.059,9.3447,0.6863,0.6256,39.547,27.17159,9.0809,79.228,6.519,350.5352,19.602,3.0630852451372443
2018-05-14T13:35:25Z,7.418,0.059,9.347,0.7119,0.7096,39.547,27.171732,9.077,79.195,6.519,350.3987,19.541,3.0628889753290705
2018-05-14T13:35:25Z,7.428,0.062,9.3497,0.7391,0.861,39.519,27.152854,9.0693,79.129,6.519,350.1262,19.421,3.060352454714704
2018-05-14T13:35:25Z,7.442,0.068,9.3504,0.7386,0.8998,39.49,27.133835,9.0616,79.064,6.517,349.9929,19.222,3.0579037447139688
2018-05-14T13:35:25Z,7.46,0.075,9.3505,0.7253,0.9028,39.488,27.132262,9.0575,79.027,6.514,349.906,19.004,3.057729655866501
2018-05-14T13:35:25Z,7.482,0.08,9.351,0.7153,0.8973,39.493,27.133836,9.055,79.001,6.512,349.9363,18.753,3.0580979453706894
2018-05-14T13:35:25Z,7.508,0.082,9.3523,0.7003,0.8638,39.522,27.15287,9.0528,78.98,6.512,350.1873,18.48,3.060374789242492
2018-05-14T13:35:25Z,7.534,0.082,9.3544,0.6913,0.8647,39.551,27.171905,9.0509,78.961,6.512,350.3584,18.265,3.0625834553109503
2018-05-14T13:35:25Z,7.555,0.077,9.3529,0.6899,0.8778,39.555,27.173486,9.0499,78.949,6.512,350.4564,18.129,3.06303950744141
2018-05-14T13:35:25Z,7.571,0.069,9.3502,0.6826,0.8688,39.553,27.171977,9.0544,78.988,6.513,350.5121,18.017,3.0631037460287316
2018-05-14T13:35:25Z,7.586,0.063,9.3493,0.6768,0.8484,39.528,27.153671,9.0621,79.053,6.513,350.4303,17.89,3.0611202275521285
2018-05-14T13:35:25Z,7.601,0.06,9.348,0.6753,0.8443,39.514,27.142638,9.0662,79.086,6.512,350.3277,17.792,3.0600767965072815
2018-05-14T13:35:25Z,7.613,0.062,9.3466,0.6733,0.8495,39.55,27.165573,9.0698,79.112,6.51,350.4766,17.742,3.0631609280152694
2018-05-14T13:35:25Z,7.625,0.069,9.3462,0.671,0.8506,39.569,27.176973,9.0758,79.161,6.507,350.8536,17.647,3.0647597912879463
2018-05-14T13:35:25Z,7.641,0.079,9.3456,0.666,0.8572,39.536,27.153487,9.0803,79.198,6.503,351.0997,17.452,3.0620914391263363
2018-05-14T13:35:25Z,7.663,0.089,9.3439,0.65,0.8688,39.511,27.135597,9.0831,79.221,6.5,351.2154,17.195,3.0601754221369575
2018-05-14T13:35:25Z,7.69,0.098,9.3412,0.6246,0.8693,39.534,27.151158,9.0858,79.244,6.498,351.306,16.918,3.06229857902002
2018-05-14T13:35:25Z,7.721,0.103,9.3388,0.616,0.8621,39.534,27.151141,9.0878,79.261,6.497,351.3342,16.621,3.0625012120970982
2018-05-14T13:35:25Z,7.751,0.104,9.3375,0.6198,0.8433,39.511,27.135383,9.089,79.271,6.497,351.0406,16.324,3.0607152469573973
2018-05-14T13:35:25Z,7.778,0.101,9.3371,0.6158,0.7637,39.534,27.151125,9.0885,79.266,6.497,350.5095,16.094,3.062643146690444
2018-05-14T13:35:25Z,7.803,0.095,9.3369,0.6138,0.663,39.534,27.150983,9.0883,79.264,6.498,350.3333,15.914,3.0626589561092015
2018-05-14T13:35:25Z,7.826,0.089,9.3364,0.6227,0.6325,39.509,27.133667,9.0905,79.284,6.498,350.4583,15.754,3.0606405089125603
2018-05-14T13:35:25Z,7.846,0.085,9.3361,0.6307,0.6396,39.507,27.132247,9.0924,79.301,6.497,350.7305,15.6,3.060500253698483
2018-05-14T13:35:25Z,7.866,0.083,9.3363,0.6458,0.6875,39.509,27.133821,9.0947,79.321,6.497,351.0431,15.431,3.0606470325423976
2018-05-14T13:35:25Z,7.886,0.083,9.3364,0.6867,0.785,39.537,27.152686,9.0977,79.347,6.496,351.0544,15.251,3.0629448925768017
2018-05-14T13:35:25Z,7.907,0.084,9.3362,0.7199,0.8417,39.562,27.16986,9.098,79.349,6.495,350.7817,15.059,3.065021091592613
2018-05-14T13:35:25Z,7.929,0.086,9.336,0.7171,0.8542,39.534,27.150967,9.0965,79.336,6.494,350.4135,14.872,3.0627296411229374
2018-05-14T13:35:25Z,7.953,0.088,9.3366,0.6987,0.844,39.482,27.114743,9.0954,79.326,6.494,350.3024,14.71,3.058392723395622
2018-05-14T13:35:25Z,7.975,0.09,9.3368,0.6904,0.8407,39.479,27.112869,9.0939,79.313,6.494,350.4699,14.54,3.058127537156099
2018-05-14T13:35:25Z,7.998,0.09,9.3362,0.6903,0.8759,39.502,27.128313,9.0919,79.295,6.492,350.5456,14.352,3.060072565438244
2018-05-14T13:35:25Z,8.021,0.089,9.3356,0.6792,0.8722,39.477,27.110981,9.0906,79.283,6.491,350.6161,14.17,3.058062529347692
2018-05-14T13:35:25Z,8.044,0.089,9.3355,0.666,0.8268,39.452,27.093805,9.0915,79.292,6.492,350.8062,13.99,3.056010076293241
2018-05-14T13:35:25Z,8.067,0.09,9.3355,0.669,0.8154,39.477,27.111135,9.0934,79.308,6.492,351.0373,13.818,3.058068902781575
2018-05-14T13:35:25Z,8.089,0.091,9.3353,0.678,0.8258,39.505,27.130015,9.0953,79.326,6.492,351.1727,13.647,3.0603919365454995
2018-05-14T13:35:25Z,8.111,0.092,9.3352,0.6841,0.8299,39.507,27.131591,9.0981,79.35,6.489,351.0665,13.451,3.0605642270137756
2018-05-14T13:35:25Z,8.135,0.092,9.3351,0.6877,0.835,39.505,27.130186,9.0998,79.365,6.488,350.9578,13.259,3.060406865706964
2018-05-14T13:35:25Z,8.16,0.092,9.3357,0.6748,0.8261,39.48,27.113024,9.0995,79.363,6.489,351.0629,13.081,3.0582946587028026
2018-05-14T13:35:25Z,8.185,0.091,9.3361,0.6476,0.8136,39.482,27.114585,9.0984,79.353,6.489,351.2187,12.907,3.058424159661724
2018-05-14T13:35:25Z,8.209,0.089,9.336,0.6348,0.8375,39.531,27.149065,9.0958,79.331,6.489,351.293,12.744,3.0624690977452755
2018-05-14T13:35:25Z,8.23,0.087,9.3356,0.6393,0.8709,39.531,27.148923,9.0911,79.29,6.489,351.3592,12.577,3.062502212828424
2018-05-14T13:35:25Z,8.251,0.085,9.3355,0.6471,0.8195,39.478,27.112869,9.0869,79.255,6.49,351.4162,12.417,3.058142566994968
2018-05-14T13:35:25Z,8.272,0.084,9.3361,0.6559,0.7045,39.45,27.094134,9.0856,79.245,6.49,351.3798,12.274,3.055783606491491
2018-05-14T13:35:25Z,8.293,0.084,9.3365,0.6726,0.6713,39.476,27.112884,9.0856,79.246,6.489,351.3501,12.122,3.0578908437907506
2018-05-14T13:35:25Z,8.315,0.084,9.3369,0.6924,0.6927,39.529,27.149081,9.0862,79.251,6.489,351.488,11.96,3.062222797765863
2018-05-14T13:35:25Z,8.337,0.084,9.3369,0.7021,0.7493,39.533,27.150799,9.0877,79.262,6.489,351.6692,11.811,3.0625512897090816
2018-05-14T13:35:25Z,8.359,0.083,9.3377,0.7068,0.8378,39.509,27.13365,9.088,79.262,6.489,351.6479,11.667,3.060504725289343
2018-05-14T13:35:25Z,8.379,0.081,9.3392,0.7131,0.8461,39.508,27.132232,9.0866,79.249,6.489,351.5753,11.508,3.06029388475477
2018-05-14T13:35:25Z,8.4,0.079,9.3384,0.7229,0.8188,39.51,27.13365,9.0819,79.207,6.489,351.5654,11.357,3.0605256240503524
2018-05-14T13:35:25Z,8.42,0.078,9.337,0.7153,0.8128,39.535,27.150797,9.0733,79.132,6.488,351.5289,11.229,3.0627036704822634
2018-05-14T13:35:25Z,8.439,0.079,9.3362,0.6856,0.8047,39.533,27.149069,9.0663,79.071,6.488,351.5636,11.095,3.062606065826257
2018-05-14T13:35:25Z,8.457,0.081,9.3353,0.6759,0.8125,39.48,27.112753,9.0629,79.041,6.486,351.7268,10.949,3.0583146066651454
2018-05-14T13:35:25Z,8.476,0.085,9.335,0.6893,0.8456,39.451,27.092693,9.0593,79.009,6.484,351.9536,10.812,3.0559496957956602
2018-05-14T13:35:25Z,8.497,0.089,9.3349,0.7009,0.8695,39.458,27.097011,9.0564,78.984,6.482,351.9833,10.666,3.056534019415174
2018-05-14T13:35:25Z,8.522,0.093,9.3351,0.7058,0.8579,39.465,27.101468,9.0577,78.994,6.481,351.8277,10.491,3.0570926810812935
2018-05-14T13:35:25Z,8.549,0.094,9.3347,0.7122,0.827,39.438,27.083086,9.0608,79.02,6.481,351.7928,10.32,3.0549006051152574
2018-05-14T13:35:25Z,8.576,0.094,9.3343,0.7236,0.8006,39.412,27.065244,9.0653,79.059,6.482,351.8193,10.169,3.0527911313868215
2018-05-14T13:35:25Z,8.599,0.092,9.3343,0.7242,0.7829,39.428,27.076235,9.0715,79.113,6.482,351.8041,10.012,3.054108335407149
2018-05-14T13:35:25Z,8.622,0.087,9.3341,0.7188,0.7965,39.448,27.088987,9.0736,79.131,6.482,351.7809,9.8591,3.055772081502746
2018-05-14T13:35:25Z,8.645,0.082,9.3338,0.7231,0.8432,39.453,27.092432,9.0711,79.109,6.482,351.7115,9.7394,3.056208366179101
2018-05-14T13:35:25Z,8.665,0.077,9.3336,0.7207,0.8589,39.49,27.117881,9.0721,79.117,6.482,351.6531,9.6323,3.0592731691386335
2018-05-14T13:35:25Z,8.682,0.074,9.3336,0.7084,0.8652,39.526,27.142698,9.0767,79.157,6.482,351.5914,9.5255,3.0622389469524443
2018-05-14T13:35:25Z,8.699,0.074,9.3336,0.6751,0.8886,39.52,27.138502,9.0798,79.184,6.482,351.4824,9.4382,3.0617436381028202
2018-05-14T13:35:25Z,8.716,0.075,9.3335,0.6206,0.8662,39.508,27.130646,9.082,79.204,6.481,351.4529,9.3516,3.060762556229208
2018-05-14T13:35:25Z,8.734,0.077,9.3332,0.6013,0.8394,39.48,27.111209,9.0835,79.218,6.48,351.4922,9.2417,3.058479969284553
2018-05-14T13:35:25Z,8.756,0.079,9.3328,0.6165,0.8384,39.455,27.093983,9.0841,79.223,6.48,351.6142,9.1335,3.056452913078425
2018-05-14T13:35:25Z,8.78,0.081,9.3328,0.6393,0.8241,39.483,27.112856,9.0848,79.228,6.48,351.9812,9.0254,3.0587589444481926
2018-05-14T13:35:25Z,8.802,0.081,9.333,0.6652,0.8183,39.535,27.148908,9.084,79.222,6.48,352.4017,8.9071,3.0630259754980433
2018-05-14T13:35:25Z,8.821,0.08,9.3332,0.6722,0.83,39.535,27.148895,9.0794,79.181,6.479,352.5678,8.7933,3.063008085742036
2018-05-14T13:35:25Z,8.84,0.079,9.3334,0.6689,0.8434,39.483,27.1127,9.0724,79.12,6.478,352.6992,8.6791,3.0587051575563353
2018-05-14T13:35:25Z,8.86,0.077,9.3333,0.6624,0.8581,39.453,27.092262,9.0667,79.07,6.477,352.7007,8.566,3.05624074515534
2018-05-14T13:35:25Z,8.88,0.077,9.3333,0.6396,0.856,39.453,27.092278,9.0621,79.029,6.476,352.4992,8.4575,3.0562397809365187
2018-05-14T13:35:25Z,8.9,0.078,9.333,0.6135,0.8477,39.483,27.112888,9.0583,78.996,6.475,352.5864,8.3474,3.058736254599568
2018-05-14T13:35:25Z,8.919,0.08,9.3327,0.5953,0.8498,39.539,27.150972,9.0563,78.978,6.474,353.0669,8.2433,3.0633755917403076
2018-05-14T13:35:25Z,8.939,0.082,9.3327,0.6038,0.851,39.569,27.17175,9.055,78.966,6.473,353.5761,8.1464,3.065847170140835
2018-05-14T13:35:25Z,8.959,0.084,9.3326,0.6424,0.8617,39.573,27.173624,9.0523,78.942,6.471,353.6666,8.0432,3.066184337618049
2018-05-14T13:35:25Z,8.981,0.086,9.3325,0.6661,0.8569,39.573,27.173626,9.0487,78.911,6.47,353.5598,7.9267,3.066191744115792
2018-05-14T13:35:25Z,9.004,0.088,9.3321,0.6697,0.8238,39.57,27.171766,9.0476,78.901,6.469,353.5746,7.7988,3.0659775037949046
2018-05-14T13:35:25Z,9.028,0.089,9.3316,0.6678,0.7969,39.54,27.151143,9.0501,78.924,6.468,353.4151,7.6888,3.0635464583670053
2018-05-14T13:35:25Z,9.051,0.089,9.3315,0.6439,0.7452,39.487,27.114763,9.0556,78.971,6.468,353.18,7.6093,3.0591861594759737
2018-05-14T13:35:25Z,9.073,0.088,9.3315,0.6103,0.6569,39.484,27.112888,9.0598,79.008,6.467,353.4859,7.5222,3.0589379796744134
2018-05-14T13:35:25Z,9.096,0.087,9.3315,0.6017,0.6143,39.507,27.128473,9.0606,79.015,6.465,354.1889,7.4307,3.0608322666422727
2018-05-14T13:35:25Z,9.118,0.085,9.3315,0.6133,0.6269,39.485,27.112717,9.0611,79.019,6.464,354.5383,7.3541,3.059018164606168
2018-05-14T13:35:25Z,9.14,0.084,9.3318,0.6304,0.6879,39.485,27.112874,9.0619,79.026,6.464,354.5273,7.2616,3.058991654267348
2018-05-14T13:35:25Z,9.161,0.082,9.3319,0.6521,0.7715,39.51,27.130362,9.0616,79.022,6.465,354.4853,7.1584,3.061042334728339
2018-05-14T13:35:25Z,9.181,0.08,9.3317,0.6654,0.7832,39.515,27.133669,9.0613,79.021,6.465,354.375,7.0802,3.061470469788223
2018-05-14T13:35:25Z,9.201,0.079,9.3316,0.6717,0.7687,39.542,27.15286,9.0602,79.011,6.464,354.2267,7.0046,3.0637031180643914
2018-05-14T13:35:25Z,9.221,0.08,9.3314,0.6816,0.8089,39.57,27.171909,9.0594,79.004,6.463,354.241,6.9312,3.0660268317272097
2018-05-14T13:35:25Z,9.24,0.082,9.3313,0.6837,0.8419,39.572,27.173486,9.0624,79.03,6.462,354.4619,6.8695,3.0661993176037643
2018-05-14T13:35:25Z,9.26,0.087,9.3313,0.6703,0.8329,39.57,27.171926,9.0664,79.064,6.461,354.6597,6.7831,3.066033560848025
2018-05-14T13:35:25Z,9.281,0.09,9.3314,0.6572,0.8526,39.543,27.153052,9.0687,79.083,6.459,354.6533,6.6745,3.0637987383892877
2018-05-14T13:35:25Z,9.306,0.091,9.3315,0.6819,1.019,39.519,27.135774,9.07,79.093,6.459,354.6431,6.5636,3.0618112283617087
2018-05-14T13:35:25Z,9.334,0.088,9.3313,0.7304,1.2267,39.545,27.153508,9.0691,79.085,6.458,354.7086,6.4633,3.063969614830648
2018-05-14T13:35:25Z,9.361,0.08,9.3312,0.7563,1.2584,39.58,27.17698,9.0669,79.065,6.458,354.4988,6.409,3.066861342525803
2018-05-14T13:35:25Z,9.382,0.069,9.3308,0.7375,1.128,39.564,27.165579,9.0659,79.057,6.458,354.0854,6.3948,3.0655756417476736
2018-05-14T13:35:25Z,9.397,0.058,9.3302,0.6687,0.9311,39.53,27.142654,9.0665,79.063,6.46,353.8398,6.3621,3.0628239759836875
2018-05-14T13:35:25Z,9.407,0.048,9.3295,0.6223,0.8315,39.546,27.153793,9.0674,79.071,6.462,353.7658,6.3151,3.064201742849015
2018-05-14T13:35:25Z,9.413,0.038,9.3292,0.6171,0.8386,39.575,27.173259,9.0684,79.08,6.463,353.9663,6.2814,3.066617275711988
2018-05-14T13:35:25Z,9.42,0.031,9.3293,0.6066,0.8342,39.595,27.187519,9.0683,79.079,6.464,354.3707,6.2256,3.068257024088697
2018-05-14T13:35:25Z,9.43,0.027,9.3297,0.6051,0.8392,39.612,27.199216,9.0663,79.062,6.465,354.5257,6.1389,3.0696235151574687
2018-05-14T13:35:25Z,9.439,0.024,9.33,0.6181,0.8685,39.594,27.187695,9.0635,79.039,6.466,354.1191,6.0789,3.0681138589292223
2018-05-14T13:35:25Z,9.444,0.021,9.3302,0.6259,0.8838,39.574,27.175206,9.0605,79.015,6.467,353.499,6.077,3.0664481990566954
2018-05-14T13:35:25Z,9.446,0.018,9.3302,0.6252,0.8717,39.571,27.175215,9.0578,78.998,6.468,353.2229,6.1005,3.0662008380481707
2018-05-14T13:35:25Z,9.449,0.015,9.3303,0.6191,0.8747,39.582,27.18781,9.0559,78.993,6.469,353.1039,6.1135,3.06709881386085
2018-05-14T13:35:25Z,9.454,0.013,9.3308,0.5976,0.8894,39.591,27.2005,9.0537,78.988,6.469,353.0929,6.1079,3.067797764308291
2018-05-14T13:35:25Z,9.458,0.012,9.3318,0.568,0.8665,39.583,27.201652,9.0491,78.963,6.47,353.433,6.0806,3.0670529760391263
2018-05-14T13:35:25Z,9.461,0.012,9.3342,0.5549,0.8419,39.579,27.201747,9.0459,78.943,6.47,353.6889,6.0514,3.0665186744033717
