Date,Depth_m,Temp_C,Chla_ugL,Turb_NTU,Cond_uScm,Spec_Cond_uScm,DO_mgL,DO_pSat,pH,ORP_mV,PAR,Salinity,Descent Rate (m/s),Flag
2018-06-07T10:05:47Z,0.001,21.8985,1.1013,1.0414,32.929,30.623877,8.6619,98.115,6.804,329.126,1476.2,1.841842707615914,0.005,0
2018-06-07T10:05:47Z,0.003,21.8669,1.0963,1.0319,33.081,30.601839,8.6825,97.879,6.809,329.2966,1477.4,1.8521673816213515,0.006,0
2018-06-07T10:05:47Z,0.005,21.8367,1.0769,1.0596,33.253,30.637748,8.6811,97.509,6.815,329.5327,1478.4,1.8636376054292918,0.007,0
2018-06-07T10:05:47Z,0.007,21.7441,1.0595,1.0713,33.364,30.676835,8.6708,97.212,6.82,329.48630000000003,1479.2,1.8741481438538514,0.009,0
2018-06-07T10:05:47Z,0.009,21.5175,1.0423,1.0504,33.408,30.693311,8.6659,97.091,6.823,329.166,1479.1,1.8864361505822242,0.013,0
2018-06-07T10:05:47Z,0.011,21.2155,1.0258,1.0515,33.428,30.709915,8.6759,97.197,6.822,328.8429,1478.7,1.9006599396827055,0.018,0
2018-06-07T10:05:47Z,0.015,21.0263,1.025,1.0536,33.454,30.750582,8.7058,97.58,6.817,328.6775,1474.8,1.910471557963952,0.025,0
2018-06-07T10:05:47Z,0.021,20.9475,1.0326,1.0147,33.473,30.803984,8.7538,98.222,6.81,328.7143,1433.7,1.9150749110253282,0.033,0
2018-06-07T10:05:47Z,0.031,20.9241,1.0356,1.009,33.458,30.847581,8.8113,99.032,6.806,328.9443,1380.1,1.9151929877806098,0.043,0
2018-06-07T10:05:47Z,0.043,20.9181,1.0329,1.0456,33.431,30.896745,8.8635,99.836,6.808,329.393,1376.3,1.9138190680675353,0.055,0
2018-06-07T10:05:47Z,0.058,20.9453,1.0371,1.0597,33.403,30.953973,8.8998,100.49,6.815,330.0103,1374.9,1.9109288625560783,0.07,0
2018-06-07T10:05:47Z,0.076,20.9971,1.0487,1.0581,33.391,31.031574,8.9213,100.992,6.825,330.5563,1387.6,1.9079352912718914,0.087,0
2018-06-07T10:05:47Z,0.096,21.0823,1.0538,1.0567,33.391,31.136551,8.9226,101.313,6.832,330.7473,1288.3,1.9042175101439591,0.1,0
2018-06-07T10:05:47Z,0.124,21.2012,1.0528,1.0733,33.313,31.207255,8.9025,101.507,6.833,330.6843,1005.6,1.8943516253966461,0.106,0
2018-06-07T10:05:47Z,0.162,21.3273,1.0653,1.1067,33.196,31.251557,8.8814,101.717,6.835,330.5685,858.9,1.8818847990197434,0.105,0
2018-06-07T10:05:47Z,0.202,21.4615,1.0944,1.1245,33.128,31.291374,8.8665,101.853,6.839,330.5518,842.4,1.8720742797754693,0.098,0
2018-06-07T10:05:47Z,0.229,21.5877,1.1104,1.1059,33.105,31.307776,8.8465,101.738,6.841,330.9129,937.93,1.8653420941187917,0.088,0
2018-06-07T10:05:47Z,0.243,21.8217,1.1118,1.0643,33.122,31.322909,8.8153,101.376,6.841,331.5794,1250.4,1.8564891006286752,0.08,0
2018-06-07T10:05:47Z,0.251,22.1032,1.1301,1.079,33.155,31.347321,8.7753,100.894,6.836,332.415,1410.8,1.846680986314214,0.078,0
2018-06-07T10:05:47Z,0.261,22.2591,1.1653,1.1313,33.142,31.348888,8.7333,100.452,6.831,333.2735,1274.5,1.8394542971507823,0.085,0
2018-06-07T10:05:47Z,0.28,22.3022,1.188,1.1176,33.085,31.341869,8.6992,100.195,6.832,334.0427,1147,1.8343286594282189,0.105,0
2018-06-07T10:05:47Z,0.31,22.2809,1.1841,1.066,33.057,31.389538,8.6803,100.193,6.837,334.6607,1053,1.8335609846402499,0.133,0
2018-06-07T10:05:47Z,0.349,22.255,1.1642,1.0564,33.082,31.480794,8.68,100.388,6.845,334.8956,890.82,1.8360959983335303,0.16,0
2018-06-07T10:05:47Z,0.397,22.2713,1.159,1.0938,33.143,31.556221,8.6909,100.563,6.851,335.076,807.88,1.8390064507038044,0.18,0
2018-06-07T10:05:47Z,0.455,22.341,1.1764,1.121,33.241,31.602945,8.6967,100.494,6.852,335.5514,803.85,1.8418796527121748,0.191,0
2018-06-07T10:05:47Z,0.514,22.471800000000002,1.1819,1.1103,33.378,31.664599,8.6896,100.217,6.851,335.9964,766.9,1.8445025602121696,0.198,0
2018-06-07T10:05:47Z,0.564,22.6074,1.1697,1.0865,33.545,31.793484,8.6804,100.027,6.849,336.2412,723.08,1.8486600807058435,0.204,0
2018-06-07T10:05:47Z,0.605,22.6436,1.1671,1.0772,33.563,31.827526,8.6958,100.251,6.847,336.704,715.78,1.848214866562783,0.21,0
2018-06-07T10:05:47Z,0.65,22.545,1.1689,1.0896,33.168,31.44114,8.7533,100.874,6.846,337.3762,714.97,1.8292170022997856,0.218,0
2018-06-07T10:05:47Z,0.708,22.3983,1.164,1.0837,32.661,30.805215,8.8465,101.479,6.846,337.7434,665.48,1.8055480210861548,0.226,0
2018-06-07T10:05:47Z,0.775,22.3504,1.1715,1.0669,32.595,30.4257,8.9537,101.758,6.848,337.788,602.95,1.803620411048098,0.231,0
2018-06-07T10:05:47Z,0.844,22.4143,1.215,1.1306,32.866,30.344895,9.0546,101.896,6.85,337.7439,551.45,1.8168926091414535,0.23,0
2018-06-07T10:05:47Z,0.909,22.4756,1.2757,1.2427,33.176,30.399292,9.1383,102.139,6.851,337.8984,517.4,1.8325220059094323,0.217,0
2018-06-07T10:05:47Z,0.967,22.2726,1.3084,1.2938,33.424,30.511537,9.1936,102.412,6.853,338.2795,523.31,1.855454296721913,0.194,0
2018-06-07T10:05:47Z,1.014,21.6668,1.3246,1.2911,33.501,30.558779,9.2208,102.646,6.853,338.738,517.64,1.885577582909471,0.166,0
2018-06-07T10:05:47Z,1.049,21.085,1.3894,1.2716,33.446,30.525925,9.2358,102.863,6.852,339.2256,487.8,1.907401729586718,0.14,0
2018-06-07T10:05:47Z,1.074,20.755,1.4946,1.2706,33.406,30.495372,9.2535,103.079,6.852,339.6152,471.49,1.9194568987952803,0.118,0
2018-06-07T10:05:47Z,1.096,20.5839,1.5576,1.3094,33.362,30.443407,9.2829,103.37,6.85,340.0079,454.7,1.92434429281791,0.103,0
2018-06-07T10:05:47Z,1.12,20.5848,1.5721,1.344,33.274,30.342136,9.3242,103.765,6.845,340.3601,446.23,1.918927969354783,0.1,0
2018-06-07T10:05:47Z,1.142,20.6432,1.5695,1.3221,33.245,30.286982,9.3641,104.121,6.838,340.0872,451.46,1.9145779954000073,0.105,0
2018-06-07T10:05:47Z,1.162,20.6507,1.5621,1.2896,33.269,30.284549,9.3887,104.32,6.833,339.4612,451.62,1.9157106727345896,0.113,0
2018-06-07T10:05:47Z,1.191,20.6217,1.5665,1.2875,33.238,30.249181,9.398,104.4,6.832,339.3306,444.43,1.9150984234710398,0.118,0
2018-06-07T10:05:47Z,1.233,20.5965,1.5765,1.2958,33.158,30.17687,9.4027,104.456,6.833,339.5406,422.72,1.9113252909181213,0.12,0
2018-06-07T10:05:47Z,1.274,20.5458,1.5722,1.3296,33.09,30.108804,9.4125,104.544,6.836,339.8496,397.62,1.9094038588643039,0.117,0
2018-06-07T10:05:47Z,1.304,20.4962,1.5604,1.3599,33.057,30.061245,9.4282,104.664,6.839,340.1407,385.22,1.909570935842353,0.112,0
2018-06-07T10:05:47Z,1.327,20.4927,1.5534,1.3267,32.997,29.982851,9.4482,104.81,6.84,340.1348,382.39,1.9060539763940914,0.107,0
2018-06-07T10:05:47Z,1.347,20.5069,1.552,1.2638,32.843,29.795959,9.4723,104.928,6.836,340.1233,380.96,1.8960124267874618,0.106,0
2018-06-07T10:05:47Z,1.366,20.4987,1.5625,1.2406,32.713,29.579608,9.4995,104.921,6.827,340.431,374.39,1.8884229529224337,0.114,0
2018-06-07T10:05:47Z,1.39,20.4647,1.5697,1.2592,32.793,29.525968,9.5159,104.703,6.821,340.5865,365.74,1.894800098899577,0.126,0
2018-06-07T10:05:47Z,1.425,20.4353,1.5656,1.3052,32.966,29.591748,9.5016,104.262,6.82,340.2822,357.29,1.9066815003784543,0.132,0
2018-06-07T10:05:47Z,1.474,20.3906,1.5684,1.3393,33.033,29.612788,9.4569,103.648,6.821,340.1078,342.64,1.9127598836974213,0.129,0
2018-06-07T10:05:47Z,1.525,20.2334,1.5749,1.3359,33.031,29.589813,9.3917,102.867,6.821,340.4564,326.6,1.9196091740561727,0.12,0
2018-06-07T10:05:47Z,1.558,19.9832,1.571,1.3251,33.031,29.567946,9.3137,101.947,6.821,340.8842,320.45,1.9307954175972537,0.109,0
2018-06-07T10:05:47Z,1.57,19.8434,1.5665,1.3306,33.009,29.53888,9.2337,101.04,6.817,341.0641,318.7,1.9357272018185767,0.1,0
2018-06-07T10:05:47Z,1.576,19.8149,1.5667,1.3419,32.961,29.492366,9.1648,100.277,6.812,341.0822,318.24,1.9340311490229265,0.096,0
2018-06-07T10:05:47Z,1.59,19.7913,1.5646,1.339,32.941,29.450072,9.1143,99.652,6.808,341.018,317.85,1.9338527555552005,0.101,0
2018-06-07T10:05:47Z,1.619,19.745,1.5594,1.3269,32.946,29.408497,9.08,99.138,6.803,340.9757,307.71,1.93625510555664,0.114,0
2018-06-07T10:05:47Z,1.661,19.7286,1.5586,1.3176,32.961,29.370636,9.0567,98.729,6.799,340.9998,291.06,1.9379300603310707,0.129,0
2018-06-07T10:05:47Z,1.703,19.7532,1.5556,1.3178,33.014,29.373255,9.0363,98.374,6.798,341.3102,278.02,1.940114709131008,0.137,0
2018-06-07T10:05:47Z,1.743,19.7118,1.551,1.3296,33.043,29.376592,9.0113,98.035,6.8,341.8034,269.99,1.9437982680491457,0.133,0
2018-06-07T10:05:47Z,1.782,19.6276,1.5761,1.3381,33.008,29.347454,8.9826,97.727,6.802,341.8863,262.28,1.9454434509775136,0.118,0
2018-06-07T10:05:47Z,1.813,19.5479,1.6106,1.3289,32.993,29.338466,8.9551,97.441,6.804,341.7104,254.44,1.9481385498450554,0.1,0
2018-06-07T10:05:47Z,1.831,19.4677,1.6201,1.309,32.995,29.331435,8.9297,97.138,6.804,341.7421,250.28,1.9519301202899275,0.088,0
2018-06-07T10:05:47Z,1.841,19.4305,1.626,1.312,32.949,29.262433,8.9088,96.83,6.799,342.0121,249.22,1.950749788772682,0.087,0
2018-06-07T10:05:47Z,1.852,19.4502,1.5899,1.3344,32.893,29.139156,8.8982,96.498,6.79,342.3075,246.54,1.9463377192725229,0.096,0
2018-06-07T10:05:47Z,1.87,19.4675,1.4963,1.3355,32.964,29.047366,8.8927,95.986,6.784,342.8178,238.67,1.9499960453854,0.111,0
2018-06-07T10:05:47Z,1.903,19.4487,1.4401,1.3258,33.196,29.041424,8.8767,95.202,6.78,343.6218,228.04,1.9654032150716143,0.125,0
2018-06-07T10:05:47Z,1.951,19.4206,1.4349,1.3393,33.434,29.067032,8.8334,94.212,6.777,343.9414,217.83,1.981640213199868,0.131,0
2018-06-07T10:05:47Z,2.002,19.3445,1.4331,1.3463,33.578,29.102743,8.7478,93.042,6.775,343.584,210.41,1.9942453764762627,0.125,0
2018-06-07T10:05:47Z,2.042,19.0946,1.4269,1.3182,33.617,29.155569,8.6191,91.725,6.775,343.1724,207.01,2.0084874121688827,0.107,0
2018-06-07T10:05:47Z,2.064,18.7187,1.4249,1.3052,33.562,29.197761,8.4694,90.377,6.775,343.0948,204.89,2.022927041452725,0.081,0
2018-06-07T10:05:47Z,2.072,18.4123,1.4265,1.3104,33.497,29.231993,8.3254,89.086,6.776,343.2479,202.67,2.0335522107245527,0.052,0
2018-06-07T10:05:47Z,2.074,18.2675,1.4294,1.3202,33.45,29.252067,8.2049,87.96,6.778,343.4749,201.42,2.0375643268078973,0.029,0
2018-06-07T10:05:47Z,2.074,18.3154,1.4503,1.3324,33.404,29.250047,8.1274,87.232,6.778,343.6029,201.02,2.032266687447182,0.015,0
2018-06-07T10:05:47Z,2.075,18.5023,1.4764,1.3051,33.385,29.271112,8.1029,87.07,6.777,343.5909,200.95,2.0220042885265324,0.011,0
2018-06-07T10:05:47Z,2.077,18.6498,1.4874,1.266,33.381,29.316302,8.121,87.393,6.777,343.5876,200.53,2.0146634819581033,0.012,0
2018-06-07T10:05:47Z,2.081,18.7312,1.5013,1.2867,33.304,29.288483,8.1711,88.04,6.777,343.6489,199.75,2.00585740248102,0.019,0
2018-06-07T10:05:47Z,2.086,18.7788,1.5243,1.3407,33.199,29.188821,8.2448,88.812,6.773,343.8156,199.49,1.996900690638853,0.03,0
2018-06-07T10:05:47Z,2.09,18.8232,1.5461,1.3387,33.221,29.127332,8.3322,89.532,6.77,343.6249,198.5,1.9962000328604699,0.043,0
2018-06-07T10:05:47Z,2.099,18.9099,1.5623,1.2938,33.35,29.116445,8.4212,90.148,6.767,343.1496,195.63,2.0003015061726708,0.054,0
2018-06-07T10:05:47Z,2.118,18.991,1.5734,1.286,33.481,29.120517,8.4862,90.54,6.764,343.3171,190.8,2.0047773462962444,0.063,0
2018-06-07T10:05:47Z,2.143,19.0053,1.5607,1.3063,33.548,29.112922,8.507,90.583,6.759,344.1014,185.72,2.0083488193455663,0.073,0
2018-06-07T10:05:47Z,2.165,18.861,1.5281,1.2945,33.554,29.088027,8.4887,90.306,6.751,344.8892,183.74,2.0155996579403874,0.086,0
2018-06-07T10:05:47Z,2.184,18.6354,1.5103,1.2652,33.605,29.073487,8.4478,89.713,6.742,345.3574,183.83,2.0296840585571694,0.099,0
2018-06-07T10:05:47Z,2.2,18.4595,1.5008,1.2569,33.731,29.064064,8.3885,88.763,6.738,345.0295,181.2,2.0463019021534348,0.107,0
2018-06-07T10:05:47Z,2.228,18.3545,1.4965,1.3169,33.834,29.037438,8.3094,87.617,6.736,344.1946,173.47,2.0580748409716887,0.113,0
2018-06-07T10:05:47Z,2.273,18.3596,1.5037,1.4411,33.868,29.005405,8.2161,86.472,6.736,343.8668,165.28,2.060014487946102,0.121,0
2018-06-07T10:05:47Z,2.313,18.3087,1.5054,1.5077,33.883,28.994186,8.1107,85.299,6.735,343.9905,161.61,2.063488282315632,0.127,0
2018-06-07T10:05:47Z,2.338,18.0702,1.4996,1.5122,33.946,29.028773,7.9988,84.076,6.732,344.4862,158.63,2.079397505685887,0.129,0
2018-06-07T10:05:47Z,2.366,17.8634,1.4974,1.5249,34.094,29.106061,7.8948,82.861,6.728,345.2141,153.71,2.0994167089895184,0.126,0
2018-06-07T10:05:47Z,2.401,17.804,1.4966,1.5391,34.286,29.166583,7.8053,81.667,6.724,345.5639,149.64,2.1149751090457345,0.121,0
2018-06-07T10:05:47Z,2.432,17.7764,1.4992,1.5624,34.465,29.188882,7.7255,80.517,6.72,345.5327,145.65,2.1280981413643625,0.117,0
2018-06-07T10:05:47Z,2.462,17.7649,1.5016,1.5926,34.587,29.184994,7.6491,79.462,6.718,345.181,140.71,2.136677798116183,0.112,0
2018-06-07T10:05:47Z,2.494,17.7234,1.4979,1.569,34.657,29.182939,7.5664,78.459,6.715,345.0965,136.75,2.1434070408396053,0.103,0
2018-06-07T10:05:47Z,2.522,17.5437,1.5005,1.5213,34.748,29.227466,7.4727,77.412,6.71,345.7168,134.21,2.158729001703262,0.095,0
2018-06-07T10:05:47Z,2.542,17.3281,1.5061,1.5339,34.869,29.278806,7.376,76.297,6.703,346.3143,132.86,2.178055979001821,0.091,0
2018-06-07T10:05:47Z,2.556,17.158,1.5008,1.5389,34.995,29.295598,7.2785,75.089,6.698,346.4698,132.07,2.1954670208513005,0.09,0
2018-06-07T10:05:47Z,2.571,17.0784,1.5008,1.4907,35.12,29.303384,7.1742,73.798,6.696,346.5637,129.92,2.20806437204967,0.087,0
2018-06-07T10:05:47Z,2.597,17.0673,1.5249,1.4696,35.198,29.30931,7.064,72.537,6.696,346.7618,125.51,2.213864824881131,0.082,0
2018-06-07T10:05:47Z,2.632,17.0058,1.5534,1.4968,35.206,29.303665,6.9536,71.377,6.696,346.8862,121.69,2.2177230268150563,0.078,0
2018-06-07T10:05:47Z,2.658,16.8615,1.569,1.514,35.191,29.298628,6.8476,70.303,6.695,347.1209,120.66,2.2245525707642857,0.076,0
2018-06-07T10:05:47Z,2.669,16.6868,1.5755,1.4942,35.219,29.311928,6.7522,69.303,6.691,347.4488,120.52,2.2359823812482995,0.079,0
2018-06-07T10:05:47Z,2.675,16.6042,1.5865,1.5021,35.316,29.33745,6.6752,68.401,6.683,347.4945,119.75,2.247069162609033,0.085,0
2018-06-07T10:05:47Z,2.686,16.6053,1.6098,1.5494,35.45,29.353136,6.6183,67.627,6.675,347.4158,117.59,2.2560539611889454,0.095,0
2018-06-07T10:05:47Z,2.712,16.6316,1.6272,1.577,35.617,29.374459,6.5766,66.967,6.669,347.9606,113.73,2.2658655600433555,0.11,0
2018-06-07T10:05:47Z,2.752,16.6398,1.6319,1.5617,35.796,29.404609,6.5407,66.371,6.664,349.0911,109.33,2.277489380715092,0.125,0
2018-06-07T10:05:47Z,2.798,16.5508,1.6485,1.5167,35.898,29.400004,6.5015,65.801,6.659,349.8998,105.36,2.2893774457010356,0.135,0
2018-06-07T10:05:47Z,2.84,16.407,1.6814,1.5211,35.942,29.382184,6.4555,65.23,6.653,350.1673,102.29,2.300486504002585,0.141,0
2018-06-07T10:05:47Z,2.874,16.2373,1.6981,1.5541,35.991,29.379589,6.4056,64.645,6.644,350.1736,100.22,2.3134870172542614,0.144,0
2018-06-07T10:05:47Z,2.9,16.0491,1.6946,1.5496,36.043,29.368581,6.3517,64.001,6.635,350.3196,98.257,2.3278571841477906,0.148,0
2018-06-07T10:05:47Z,2.929,15.9255,1.6931,1.5272,36.143,29.37603,6.2904,63.244,6.628,350.7287,95.241,2.341886466651231,0.153,0
2018-06-07T10:05:47Z,2.97,15.8659,1.699,1.4667,36.302,29.406062,6.2253,62.409,6.624,351.0765,91.296,2.3563101726785716,0.16,0
2018-06-07T10:05:47Z,3.02,15.8177,1.7014,1.367,36.46,29.414056,6.1657,61.593,6.621,351.2546,87.585,2.370036499390012,0.162,0
2018-06-07T10:05:47Z,3.071,15.7497,1.7034,1.2982,36.592,29.409026,6.1104,60.84,6.621,351.3335,84.492,2.383177504065638,0.156,0
2018-06-07T10:05:47Z,3.119,15.6444,1.7052,1.276,36.667,29.408616,6.0534,60.165,6.623,351.3416,81.911,2.3946437975061134,0.139,0
2018-06-07T10:05:47Z,3.158,15.513,1.6952,1.2815,36.676,29.409034,5.9967,59.589,6.624,351.3526,80.419,2.4031464126507833,0.114,0
2018-06-07T10:05:47Z,3.18,15.3358,1.6845,1.3044,36.667,29.414077,5.9384,59.031,6.623,351.3807,79.939,2.413211649454002,0.093,0
2018-06-07T10:05:47Z,3.188,15.1484,1.6856,1.3085,36.66,29.4061,5.8795,58.442,6.618,351.5094,79.529,2.424113342341337,0.084,0
2018-06-07T10:05:47Z,3.192,15.0671,1.6996,1.3001,36.705,29.376087,5.8284,57.824,6.61,351.7049,78.964,2.4322483951925076,0.087,0
2018-06-07T10:05:47Z,3.203,15.0844,1.7343,1.2947,36.91,29.368646,5.7847,57.105,6.604,351.7644,77.734,2.4456068039128938,0.101,0
2018-06-07T10:05:47Z,3.233,15.1102,1.7838,1.3045,37.223,29.379426,5.7441,56.313,6.6,351.7989,75.181,2.46602894121002,0.122,0
2018-06-07T10:05:47Z,3.281,15.1278,1.8102,1.3269,37.508,29.379131,5.7034,55.547,6.596,351.951,72.245,2.484980645812701,0.142,0
2018-06-07T10:05:47Z,3.331,15.0797,1.815,1.3214,37.724,29.364811,5.6514,54.747,6.592,352.2268,69.981,2.503211531217657,0.155,0
2018-06-07T10:05:47Z,3.375,14.8203,1.8598,1.2989,37.869,29.333083,5.5689,53.722,6.589,352.1208,68.061,2.529954053270434,0.16,0
2018-06-07T10:05:47Z,3.416,14.4442,1.948,1.2985,37.985,29.312864,5.4445,52.355,6.585,351.7027,66.178,2.562542355839774,0.157,0
2018-06-07T10:05:47Z,3.453,14.1415,2.0083,1.3173,38.103,29.310728,5.2834,50.668,6.578,351.9046,64.668,2.590949279467816,0.154,0
2018-06-07T10:05:47Z,3.485,13.902,2.0287,1.3127,38.318,29.370656,5.0959,48.723,6.569,352.496,63.222,2.6225466625257763,0.156,0
2018-06-07T10:05:47Z,3.519,13.7076,2.1203,1.2424,38.709,29.529299,4.8933,46.598,6.56,353.0881,61.31,2.664292330643548,0.161,0
2018-06-07T10:05:47Z,3.56,13.5745,2.2983,1.1392,39.172,29.704596,4.6908,44.446,6.554,353.7295,59.115,2.7074602593524615,0.166,0
2018-06-07T10:05:47Z,3.609,13.4648,2.3972,1.0718,39.673,29.902334,4.5007,42.425,6.548,353.79880000000003,56.816,2.752082255580278,0.171,0
2018-06-07T10:05:47Z,3.66,13.342,2.4071,1.0682,40.288,30.205264,4.3326,40.656,6.54,353.2383,54.63,2.8063817928584456,0.176,0
2018-06-07T10:05:47Z,3.708,13.1624,2.4171,1.0957,40.884,30.509303,4.1959,39.216,6.53,352.9744,52.966,2.863890120472127,0.18,0
2018-06-07T10:05:47Z,3.748,12.9145,2.436,1.0682,41.348,30.720449,4.0887,38.072,6.52,353.275,51.596,2.9172804179170058,0.182,0
2018-06-07T10:05:47Z,3.788,12.6687,2.4524,1.0402,41.696,30.852817,3.9982,37.101,6.51,353.8611,49.881,2.9624227616521726,0.178,0
2018-06-07T10:05:47Z,3.837,12.4775,2.4582,1.0938,41.915,30.902943,3.9087,36.16,6.5,354.3823,47.925,2.9939941245885424,0.168,0
2018-06-07T10:05:47Z,3.889,12.3088,2.4702,1.1373,42.083,30.945336,3.7982,35.06,6.491,354.759,46.113,3.0201719447305186,0.153,0
2018-06-07T10:05:47Z,3.936,12.141,2.487,1.1693,42.206,30.984239,3.6506,33.65,6.484,355.2318,44.72,3.0430413769350166,0.141,0
2018-06-07T10:05:47Z,3.97,11.9921,2.5046,1.2362,42.103,30.865185,3.4716,31.964,6.476,355.7974,44.049,3.0471472333691905,0.133,0
2018-06-07T10:05:47Z,3.987,11.8449,2.5176,1.274,41.714,30.521966,3.275,30.106,6.466,356.607,43.535,3.0290281148520273,0.13,0
2018-06-07T10:05:47Z,4.003,11.7473,2.5246,1.2905,41.312,30.136795,3.0723,28.173,6.454,357.1057,42.457,3.005782931832281,0.135,0
2018-06-07T10:05:47Z,4.034,11.7027,2.5166,1.3755,41.155,29.891475,2.8826,26.338,6.445,357.0082,40.888,2.99719290800054,0.147,0
2018-06-07T10:05:47Z,4.079,11.6575,2.4849,1.4777,41.217,29.778422,2.7297,24.831,6.439,357.1494,39.114,3.005619163867084,0.162,0
2018-06-07T10:05:47Z,4.133,11.5965,2.4627,1.4886,41.349,29.72231,2.6344,23.861,6.434,358.2114,37.2,3.0207784686715784,0.176,0
2018-06-07T10:05:47Z,4.19,11.4887,2.4498,1.507,41.426,29.6574,2.6281,23.721,6.429,359.6092,35.336,3.035504295528876,0.186,0
2018-06-07T10:05:47Z,4.24,11.328,2.3294,1.701,41.426,29.565026,2.7511,24.764,6.422,359.9399,33.933,3.0486118419679955,0.191,0
2018-06-07T10:05:47Z,4.28,11.1179,2.101,2.002,41.434,29.49441,3.0249,27.169,6.417,359.5433,32.778,3.0665203658021802,0.193,0
2018-06-07T10:05:47Z,4.32,10.9201,1.968,2.1562,41.534,29.502062,3.4459,30.895,6.415,359.0297,31.346,3.0908557115974746,0.189,0
2018-06-07T10:05:47Z,4.371,10.7825,1.9524,2.1616,41.645,29.53047,3.9922,35.745,6.416,358.3761,29.619,3.1112135467739455,0.179,0
2018-06-07T10:05:47Z,4.429,10.6748,1.9394,2.1282,41.675,29.520302,4.634,41.457,6.419,358.5235,27.909,3.122707224627457,0.167,0
2018-06-07T10:05:47Z,4.481,10.5858,1.9119,2.027,41.678,29.506106,5.3251,47.619,6.421,359.4358,26.59,3.130506627955233,0.153,0
2018-06-07T10:05:47Z,4.517,10.5079,1.8951,1.9457,41.662,29.485818,6.0039,53.677,6.421,359.9423,25.77,3.1358673662173597,0.137,0
2018-06-07T10:05:47Z,4.539,10.4439,1.8929,1.9384,41.644,29.46551,6.6222,59.194,6.42,360.0012,25.162,3.139895698977877,0.12,0
2018-06-07T10:05:47Z,4.557,10.4078,1.8952,1.9378,41.635,29.451074,7.1471,63.87,6.418,360.0622,24.402,3.1422649233102837,0.109,0
2018-06-07T10:05:47Z,4.58,10.3926,1.913,1.8771,41.632,29.438278,7.5601,67.541,6.413,360.4215,23.443,3.1433261900578326,0.109,0
2018-06-07T10:05:47Z,4.608,10.3839,1.9431,1.754,41.647,29.437788,7.862,70.216,6.403,361.0755,22.475,3.1452767779564597,0.122,0
2018-06-07T10:05:47Z,4.638,10.3764,1.9558,1.67,41.673,29.445136,8.0716,72.065,6.392,361.5169,21.499,3.1480096857516444,0.143,0
2018-06-07T10:05:47Z,4.673,10.3671,1.9557,1.6862,41.714,29.463601,8.2086,73.267,6.385,361.6287,20.356,3.152104753345545,0.164,0
2018-06-07T10:05:47Z,4.72,10.3529,1.9693,1.8285,41.736,29.47052,8.2821,73.907,6.38,361.652,19.055,3.155094886272758,0.179,0
2018-06-07T10:05:47Z,4.777,10.3396,1.9928,1.9856,41.736,29.465278,8.3094,74.139,6.377,361.7133,17.831,3.15623815251585,0.189,0
2018-06-07T10:05:47Z,4.834,10.3266,2.0097,1.9988,41.738,29.463718,8.3094,74.132,6.375,361.7674,16.817,3.1575173467816207,0.191,0
2018-06-07T10:05:47Z,4.886,10.3127,2.0176,1.9574,41.723,29.451652,8.291,73.965,6.374,361.7044,15.967,3.157506123567757,0.184,0
2018-06-07T10:05:47Z,4.932,10.3026,2.0041,1.9131,41.718,29.446398,8.2634,73.716,6.374,361.3812,15.259,3.1579727907206063,0.167,0
2018-06-07T10:05:47Z,4.973,10.2964,1.9761,1.8296,41.744,29.463707,8.2328,73.44,6.375,360.8715,14.662,3.1606011956801545,0.145,0
2018-06-07T10:05:47Z,5.01,10.2928,1.964,1.7717,41.754,29.470417,8.1979,73.128,6.375,360.7036,14.2,3.1617162702263086,0.124,0
2018-06-07T10:05:47Z,5.037,10.2911,1.9589,1.7312,41.744,29.464016,8.1614,72.803,6.375,360.8999,13.946,3.1610559199818704,0.107,0
2018-06-07T10:05:47Z,5.054,10.29,1.9415,1.7057,41.724,29.44981,8.1272,72.499,6.376,361.0943,13.752,3.1595384454351536,0.093,0
2018-06-07T10:05:47Z,5.071,10.2882,1.9103,1.7082,41.69,29.425667,8.095,72.21,6.376,361.3326,13.469,3.1569529339000297,0.08,0
2018-06-07T10:05:47Z,5.094,10.2872,1.8852,1.7003,41.692,29.426121,8.0658,71.948,6.376,361.8882,13.168,3.1571991739229124,0.073,0
2018-06-07T10:05:47Z,5.116,10.2881,1.8765,1.7022,41.736,29.455302,8.0412,71.725,6.371,362.822,12.958,3.160666667918797,0.076,0
2018-06-07T10:05:47Z,5.131,10.2893,1.8421,1.7311,41.747,29.460961,8.0193,71.525,6.361,363.6747,12.86,3.1614488593476118,0.093,0
2018-06-07T10:05:47Z,5.14,10.2888,1.7818,1.7741,41.708,29.431036,7.996,71.312,6.35,364.1106,12.687,3.158348520056481,0.12,0
2018-06-07T10:05:47Z,5.159,10.2877,1.7533,1.7956,41.683,29.411011,7.9725,71.097,6.343,364.2203,12.204,3.1564280502156774,0.149,0
2018-06-07T10:05:47Z,5.203,10.2854,1.7557,1.7771,41.683,29.409347,7.953,70.921,6.339,364.2271,11.417,3.1566245394418146,0.177,0
2018-06-07T10:05:47Z,5.271,10.2824,1.7552,1.7345,41.686,29.410908,7.9368,70.775,6.336,364.3651,10.546,3.157121541179564,0.201,0
2018-06-07T10:05:47Z,5.345,10.2797,1.7656,1.7069,41.714,29.429891,7.9212,70.635,6.334,364.5977,9.8408,3.159607944463417,0.217,0
2018-06-07T10:05:47Z,5.407,10.2766,1.7986,1.7183,41.741,29.448355,7.9067,70.505,6.333,364.7163,9.3403,3.1620497960391063,0.218,0
2018-06-07T10:05:47Z,5.457,10.2743,1.8153,1.7197,41.735,29.443634,7.8924,70.377,6.333,364.7668,8.8841,3.1617627344141246,0.201,0
2018-06-07T10:05:47Z,5.505,10.2735,1.8021,1.6929,41.725,29.4363,7.8794,70.259,6.334,364.8647,8.4089,3.161023342227522,0.171,0
2018-06-07T10:05:47Z,5.552,10.2731,1.7573,1.6999,41.708,29.423193,7.8699,70.173,6.336,365.0387,8.0164,3.159684709725889,0.138,0
2018-06-07T10:05:47Z,5.589,10.2728,1.6875,1.7433,41.692,29.412167,7.8644,70.123,6.338,365.15,7.8184,3.158418569575414,0.109,0
2018-06-07T10:05:47Z,5.608,10.2727,1.6474,1.7594,41.716,29.429996,7.862,70.104,6.34,364.9203,7.7676,3.160361659408607,0.084,0
2018-06-07T10:05:47Z,5.615,10.2714,1.6405,1.7419,41.739,29.448251,7.8607,70.097,6.342,364.5847,7.7246,3.162328605104361,0.064,0
2018-06-07T10:05:47Z,5.622,10.2704,1.6773,1.715,41.726,29.442374,7.8603,70.1,6.342,364.5333,7.6649,3.161366374476327,0.054,0
2018-06-07T10:05:47Z,5.631,10.2699,1.7618,1.7095,41.696,29.42244,7.862,70.118,6.342,364.8157,7.6174,3.158989983574497,0.055,0
2018-06-07T10:05:47Z,5.642,10.2707,1.8172,1.736,41.663,29.397747,7.8656,70.147,6.34,365.4185,7.5361,3.1562596623006534,0.067,0
2018-06-07T10:05:47Z,5.659,10.2744,1.8223,1.7607,41.668,29.397833,7.8688,70.169,6.335,366.401,7.3729,3.1563426813890714,0.088,0
2018-06-07T10:05:47Z,5.684,10.2792,1.7868,1.8257,41.708,29.423471,7.8704,70.179,6.326,367.5745,7.1913,3.1591516537024984,0.118,0
2018-06-07T10:05:47Z,5.713,10.2818,1.7282,1.9411,41.753,29.453711,7.8713,70.183,6.316,367.8195,7.0072,3.162553376594771,0.154,0
2018-06-07T10:05:47Z,5.749,10.2786,1.7017,1.9966,41.744,29.445943,7.8718,70.186,6.307,367.2125,6.7192,3.16210301143589,0.192,0
2018-06-07T10:05:47Z,5.803,10.2735,1.7052,1.9781,41.67,29.39304,7.8723,70.188,6.301,367.0323,6.2925,3.156574976330583,0.226,0
2018-06-07T10:05:47Z,5.875,10.2709,1.7152,1.9004,41.66,29.385612,7.872,70.184,6.297,367.1029,5.7937,3.1559894889424585,0.253,0
2018-06-07T10:05:47Z,5.956,10.2689,1.7397,1.7904,41.709,29.419635,7.8701,70.168,6.294,367.2917,5.3343,3.160109124244412,0.273,0
2018-06-07T10:05:47Z,6.034,10.2672,1.7635,1.7456,41.714,29.423382,7.8662,70.132,6.294,367.5944,4.9672,3.1606555711755133,0.278,0
2018-06-07T10:05:47Z,6.107,10.2663,1.7635,1.7556,41.724,29.430915,7.8609,70.085,6.295,367.4074,4.6572,3.161536434256117,0.264,0
2018-06-07T10:05:47Z,6.178,10.2662,1.7499,1.7589,41.746,29.447203,7.8547,70.031,6.296,367.0109,4.3767,3.163315914638915,0.234,0
2018-06-07T10:05:47Z,6.243,10.2662,1.7271,1.7549,41.721,29.429799,7.8463,69.958,6.296,366.929,4.146,3.161296403806615,0.201,0
2018-06-07T10:05:47Z,6.292,10.2655,1.6991,1.7382,41.694,29.411003,7.8378,69.882,6.296,366.934,4.019,3.159176956018972,0.173,0
2018-06-07T10:05:47Z,6.318,10.2658,1.6961,1.7097,41.694,29.410453,7.8326,69.834,6.297,366.8131,3.9765,3.1591500694587014,0.154,0
2018-06-07T10:05:47Z,6.333,10.2667,1.7092,1.6849,41.714,29.423153,7.8325,69.832,6.297,366.7582,3.9013,3.1606849330939033,0.142,0
2018-06-07T10:05:47Z,6.362,10.2676,1.72,1.6825,41.735,29.437548,7.836,69.862,6.296,366.7867,3.7424,3.162299311024035,0.137,0
2018-06-07T10:05:47Z,6.407,10.2679,1.7346,1.7112,41.763,29.457491,7.8389,69.887,6.296,367.243,3.5656,3.1645290106066257,0.136,0
2018-06-07T10:05:47Z,6.454,10.2664,1.7478,1.7263,41.786,29.473763,7.8397,69.895,6.297,368.06,3.4376,3.1665114879853413,0.134,0
2018-06-07T10:05:47Z,6.494,10.2654,1.7504,1.7121,41.741,29.443763,7.841,69.909,6.298,368.3187,3.3479,3.162966833267523,0.124,0
2018-06-07T10:05:47Z,6.528,10.2649,1.7111,1.7539,41.695,29.412297,7.8451,69.949,6.298,368.0474,3.2885,3.159298543223821,0.107,0
2018-06-07T10:05:47Z,6.552,10.2644,1.6492,1.8657,41.69,29.41084,7.8489,69.986,6.298,367.7056,3.265,3.1589372054221663,0.09,0
2018-06-07T10:05:47Z,6.562,10.2655,1.628,1.9345,41.709,29.426151,7.8512,70.011,6.297,367.5412,3.2526,3.160374233517913,0.077,0
2018-06-07T10:05:47Z,6.569,10.2668,1.6381,1.9446,41.767,29.470412,7.8542,70.044,6.297,368.1248,3.2248,3.1649393900023566,0.069,0
2018-06-07T10:05:47Z,6.584,10.2684,1.6241,1.8965,41.804,29.501462,7.8553,70.063,6.297,369.1683,3.1563,3.1677842785614794,0.065,0
2018-06-07T10:05:47Z,6.607,10.2704,1.5781,1.7798,41.77,29.484047,7.8558,70.081,6.297,369.5763,3.0723,3.1648676319690217,0.065,0
2018-06-07T10:05:47Z,6.629,10.2731,1.5605,1.7242,41.714,29.450375,7.8569,70.102,6.297,369.5305,3.0168,3.1601174038928037,0.07,0
2018-06-07T10:05:47Z,6.646,10.2768,1.576,1.773,41.656,29.411867,7.8547,70.087,6.295,369.5607,2.9911,3.155121142564284,0.079,0
2018-06-07T10:05:47Z,6.66,10.282,1.6185,1.7905,41.643,29.399488,7.8514,70.052,6.293,369.5107,2.9733,3.1536241312116604,0.089,0
2018-06-07T10:05:47Z,6.677,10.2911,1.6978,1.7529,41.693,29.42771,7.8511,70.035,6.289,369.9592,2.9242,3.156868335297332,0.105,0
2018-06-07T10:05:47Z,6.702,10.2996,1.7441,1.7453,41.717,29.435564,7.8521,70.027,6.283,371.0248,2.8251,3.15806750093753,0.133,0
2018-06-07T10:05:47Z,6.738,10.3032,1.7461,1.7597,41.72,29.430927,7.8514,70.006,6.277,371.468,2.6983,3.157996653252456,0.169,0
2018-06-07T10:05:47Z,6.78,10.2998,1.7499,1.7445,41.733,29.435145,7.8508,69.992,6.275,371.1883,2.5668,3.1593356709207496,0.204,0
2018-06-07T10:05:47Z,6.837,10.2892,1.7535,1.7443,41.718,29.42305,7.8515,69.994,6.275,370.8268,2.4109,3.1590398625414164,0.228,0
2018-06-07T10:05:47Z,6.916,10.277,1.7533,1.8178,41.703,29.411696,7.8532,70.008,6.274,370.5387,2.2169,3.1588802574559467,0.238,0
2018-06-07T10:05:47Z,7.001,10.2681,1.7566,1.9003,41.722,29.424869,7.8564,70.036,6.273,370.3714,2.0469,3.1611765076962217,0.238,0
2018-06-07T10:05:47Z,7.065,10.2629,1.7655,1.9493,41.767,29.455319,7.8595,70.062,6.273,370.095,1.9461,3.1652527076336536,0.23,0
2018-06-07T10:05:47Z,7.107,10.2609,1.7686,1.9522,41.778,29.462333,7.8625,70.087,6.273,369.8637,1.8736,3.166311656104944,0.214,0
2018-06-07T10:05:47Z,7.148,10.2609,1.7583,1.9348,41.756,29.446168,7.866,70.117,6.273,369.8985,1.789,3.164535294501718,0.195,0
2018-06-07T10:05:47Z,7.197,10.2606,1.7505,1.953,41.762,29.450381,7.8682,70.135,6.272,369.9125,1.7108,3.1650425729748126,0.182,0
2018-06-07T10:05:47Z,7.246,10.2593,1.7572,1.9588,41.762,29.449756,7.8702,70.152,6.27,369.8619,1.6504,3.1651525832127447,0.181,0
2018-06-07T10:05:47Z,7.289,10.2581,1.729,1.9131,41.747,29.438617,7.8733,70.18,6.268,369.7166,1.5877,3.1640446923071175,0.185,0
2018-06-07T10:05:47Z,7.332,10.2576,1.6488,1.8583,41.753,29.442706,7.8738,70.184,6.268,369.1024,1.5077,3.164570034319145,0.184,0
2018-06-07T10:05:47Z,7.382,10.257,1.6054,1.8452,41.743,29.435692,7.8707,70.156,6.269,368.2859,1.4216,3.163812794651794,0.178,0
2018-06-07T10:05:47Z,7.436,10.2566,1.6173,1.8769,41.717,29.417313,7.8674,70.126,6.271,367.8464,1.3559,3.161747326970104,0.168,0
2018-06-07T10:05:47Z,7.483,10.2563,1.6278,1.8754,41.709,29.411006,7.8656,70.111,6.272,367.8319,1.3109,3.1611255191796133,0.158,0
2018-06-07T10:05:47Z,7.519,10.2559,1.6216,1.7974,41.724,29.422929,7.8663,70.118,6.271,368.1965,1.2753,3.1623685135773174,0.149,0
2018-06-07T10:05:47Z,7.549,10.2559,1.6162,1.7265,41.739,29.434465,7.8668,70.124,6.269,368.6405,1.2398,3.1635773445170234,0.144,0
2018-06-07T10:05:47Z,7.577,10.2556,1.6269,1.72,41.724,29.423486,7.8658,70.114,6.266,368.7271,1.2003,3.1623918925937966,0.145,0
2018-06-07T10:05:47Z,7.607,10.2549,1.6859,1.7496,41.716,29.417187,7.8665,70.12,6.263,368.5555,1.1565,3.161805771800256,0.15,0
2018-06-07T10:05:47Z,7.646,10.2559,1.7784,1.7484,41.723,29.421816,7.8687,70.139,6.263,368.5445,1.1043,3.162282270137776,0.157,0
2018-06-07T10:05:47Z,7.698,10.2574,1.8165,1.7061,41.715,29.415939,7.8688,70.139,6.263,368.851,1.0519,3.1615044604034632,0.164,0
2018-06-07T10:05:47Z,7.75,10.2573,1.8065,1.6953,41.706,29.409638,7.8689,70.139,6.262,369.165,1.007,3.1607844261678655,0.171,0
2018-06-07T10:05:47Z,7.792,10.2561,1.8055,1.7396,41.706,29.409126,7.8692,70.142,6.261,369.2425,0.95988,3.160886374302245,0.175,0
2018-06-07T10:05:47Z,7.828,10.2559,1.8409,1.8142,41.708,29.40975,7.8662,70.114,6.261,369.186,0.90397,3.161063445356697,0.172,0
2018-06-07T10:05:47Z,7.869,10.2564,1.904,1.8963,41.719,29.417189,7.8618,70.074,6.262,368.9989,0.85892,3.1619056454296035,0.161,0
2018-06-07T10:05:47Z,7.918,10.2555,1.935,1.9393,41.745,29.435557,7.8594,70.052,6.264,368.873,0.8321,3.164078428609328,0.143,0
2018-06-07T10:05:47Z,7.966,10.2548,1.9296,1.9668,41.751,29.441332,7.856,70.024,6.266,369.0405,0.81439,3.1646204329279093,0.123,0
2018-06-07T10:05:47Z,8,10.2547,1.8944,1.9552,41.724,29.423498,7.8527,69.996,6.267,369.3033,0.81439,3.162449280418392,0.101,0
2018-06-07T10:05:47Z,8.015,10.2535,1.8211,1.8292,41.704,29.410438,7.8514,69.987,6.265,369.7273,0.8156,3.1609392112279906,0.083,0
2018-06-07T10:05:47Z,8.021,10.2536,1.77,1.7553,41.704,29.410438,7.8495,69.971,6.263,370.3819,0.8092,3.1609303231410752,0.077,0
2018-06-07T10:05:47Z,8.025,10.2554,1.7635,1.7939,41.723,29.423508000000002,7.8475,69.953,6.26,370.851,0.80748,3.1623072398925256,0.088,0
2018-06-07T10:05:47Z,8.034,10.2566,1.7794,1.8381,41.75,29.441448,7.8451,69.93,6.256,370.4941,0.79231,3.164381394636763,0.114,0
2018-06-07T10:05:47Z,8.064,10.2577,1.8058,1.8934,41.745,29.436829,7.8396,69.878,6.255,369.5941,0.76231,3.1638814992255453,0.147,0
2018-06-07T10:05:47Z,8.117,10.2589,1.816,1.9432,41.739,29.43116,7.833,69.817,6.256,369.1765,0.7245,3.163290915857765,0.175,0
2018-06-07T10:05:47Z,8.184,10.2587,1.8204,1.9527,41.747,29.436415,7.8309,69.796,6.258,369.1446,0.678,3.1639501875337728,0.189,0
2018-06-07T10:05:47Z,8.25,10.257,1.8408,1.9469,41.748,29.43685,7.831,69.796,6.259,369.2944,0.64094,3.164174620993358,0.187,0
2018-06-07T10:05:47Z,8.304,10.2553,1.86,1.9648,41.747,29.436425,7.8297,69.785,6.261,369.696,0.61785,3.164238309724669,0.171,0
2018-06-07T10:05:47Z,8.34,10.2537,1.8693,1.9862,41.74,29.431275,7.8311,69.797,6.262,369.3545,0.60384,3.1638104599687447,0.15,0
2018-06-07T10:05:47Z,8.364,10.2527,1.87,1.9614,41.75,29.438089,7.8355,69.837,6.261,368.2631,0.59316,3.1647029018638753,0.132,0
2018-06-07T10:05:47Z,8.384,10.2523,1.8684,1.8776,41.775,29.455304,7.8398,69.875,6.259,367.857,0.57029,3.1667536835357835,0.127,0
2018-06-07T10:05:47Z,8.409,10.2526,1.8778,1.7979,41.766,29.448906,7.8436,69.909,6.258,368.1436,0.53897,3.1660003974645434,0.135,0
2018-06-07T10:05:47Z,8.442,10.2527,1.8825,1.7603,41.731,29.424234,7.8481,69.948,6.256,368.4591,0.51571,3.163166498660569,0.155,0
2018-06-07T10:05:47Z,8.484,10.2526,1.8792,1.728,41.714,29.411012,7.8528,69.988,6.253,368.6609,0.49818,3.1618016980952937,0.177,0
2018-06-07T10:05:47Z,8.537,10.2527,1.8751,1.7129,41.722,29.416056,7.8568,70.022,6.252,368.691,0.47369,3.162435868047154,0.191,0
2018-06-07T10:05:47Z,8.599,10.2526,1.8241,1.7303,41.731,29.421716,7.8598,70.049,6.253,368.6501,0.44193,3.163167537119132,0.191,0
2018-06-07T10:05:47Z,8.661,10.2519,1.7393,1.7551,41.722,29.415932,7.8617,70.067,6.255,368.5116,0.42332,3.162498814479233,0.178,0
2018-06-07T10:05:47Z,8.713,10.2506,1.6958,1.7686,41.711,29.409634,7.8651,70.098,6.255,368.3926,0.41707,3.1617211987301013,0.158,0
2018-06-07T10:05:47Z,8.747,10.2499,1.6839,1.7415,41.71,29.409066,7.8694,70.137,6.254,368.3291,0.40525,3.1616995081956043,0.141,0
2018-06-07T10:05:47Z,8.763,10.2492,1.6687,1.763,41.711,29.409066,7.8704,70.144,6.252,368.1747,0.39952,3.1618402423783007,0.133,0
2018-06-07T10:05:47Z,8.776,10.2494,1.6507,1.8759,41.713,29.409635,7.8686,70.127,6.251,368.1598,0.40021,3.161984013040083,0.138,0
2018-06-07T10:05:47Z,8.804,10.2514,1.6411,1.9464,41.723,29.415942,7.8676,70.118,6.25,368.838,0.39087,3.1626164881798484,0.151,0
2018-06-07T10:05:47Z,8.852,10.2517,1.6444,1.9449,41.731,29.421819,7.8661,70.104,6.25,369.7491,0.36408,3.1632335735831343,0.165,0
2018-06-07T10:05:47Z,8.914,10.2505,1.6538,1.8872,41.725,29.417182,7.8629,70.075,6.251,369.7971,0.32892,3.1628501750413824,0.171,0
2018-06-07T10:05:47Z,8.977,10.2495,1.6722,1.7987,41.733,29.423381,7.8609,70.057,6.253,369.5055,0.31255,3.16357884614237,0.165,0
2018-06-07T10:05:47Z,9.026,10.2492,1.6925,1.7298,41.747,29.433261,7.86,70.05,6.253,369.5787,0.32321,3.1647318590906415,0.149,0
2018-06-07T10:05:47Z,9.053,10.2492,1.6967,1.695,41.713,29.40964,7.8613,70.061,6.253,369.7365,0.33258,3.1619875917175113,0.132,0
2018-06-07T10:05:47Z,9.067,10.2487,1.7042,1.7438,41.688,29.39179,7.8644,70.089,6.253,370.2089,0.31878,3.1600135238417297,0.122,0
2018-06-07T10:05:47Z,9.082,10.2488,1.728,1.8624,41.71,29.407965,7.8676,70.118,6.251,370.9879,0.30404,3.1617791778581052,0.126,0
2018-06-07T10:05:47Z,9.107,10.249,1.7457,1.9389,41.72,29.414695,7.8709,70.147,6.25,371.3258,0.30473,3.1625676674145082,0.142,0
2018-06-07T10:05:47Z,9.147,10.2488,1.752,1.9356,41.714,29.409647,7.8737,70.171,6.25,371.1972,0.2962,3.1620990394465145,0.16,0
2018-06-07T10:05:47Z,9.205,10.2494,1.74,1.9145,41.716,29.410442,7.8776,70.204,6.251,370.9813,0.27359,3.162205447724742,0.17,0
2018-06-07T10:05:47Z,9.269,10.2505,1.7105,1.9276,41.735,29.424297,7.8796,70.224,6.251,370.6946,0.25623,3.1636398016888814,0.166,0
2018-06-07T10:05:47Z,9.322,10.2498,1.6993,1.9718,41.769,29.450153,7.8756,70.192,6.252,370.3981,0.25028,3.1664410144692448,0.148,0
2018-06-07T10:05:47Z,9.355,10.2488,1.7068,1.9916,41.791,29.469056,7.8696,70.145,6.252,370.3213,0.2551,3.1683013136045326,0.125,0
2018-06-07T10:05:47Z,9.373,10.248,1.6997,1.9532,41.777,29.462339,7.8654,70.113,6.251,370.4543,0.26247,3.167240171025417,0.106,0
2018-06-07T10:05:47Z,9.382,10.2481,1.6674,1.9042,41.735,29.432435,7.86,70.064,6.249,370.4569,0.25574,3.1638423062488155,0.101,0
2018-06-07T10:05:47Z,9.391,10.2505,1.6284,1.917,41.728,29.425019,7.8531,69.998,6.248,370.1814,0.23378,3.1630697599525295,0.111,0
2018-06-07T10:05:47Z,9.415,10.2552,1.6148,1.956,41.747,29.436166,7.848,69.947,6.247,369.8761,0.21953,3.1641948702216895,0.131,0
2018-06-07T10:05:47Z,9.46,10.2605,1.6224,1.9481,41.755,29.44021,7.8449,69.917,6.246,369.691,0.22412,3.16437919883201,0.153,0
2018-06-07T10:05:47Z,9.515,10.2601,1.6654,1.8826,41.805,29.473909,7.8434,69.902,6.246,369.3195,0.22391,3.168444261389162,0.168,0
2018-06-07T10:05:47Z,9.573,10.2549,1.7486,1.775,41.88,29.52609,7.8436,69.903,6.247,368.7406,0.20913,3.174943592369269,0.169,0
2018-06-07T10:05:47Z,9.624,10.2516,1.8016,1.7148,41.932,29.563083,7.8439,69.905,6.249,368.3705,0.20459,3.1794241026120056,0.155,0
2018-06-07T10:05:47Z,9.663,10.2505,1.8097,1.7048,42.17,29.73067,7.8438,69.904,6.249,368.1137,0.20203,3.1987308624073494,0.13,0
2018-06-07T10:05:47Z,9.688,10.2492,1.7456,1.7458,43.222,30.472756,7.8446,69.913,6.249,367.6997,0.18628,3.2838726670494345,0.103,0
2018-06-07T10:05:47Z,9.703,10.2485,1.6243,1.8741,48.17,33.963033,7.8439,69.91,6.25,367.0655,0.17192,3.6860113941437853,0.078,0
2018-06-07T10:05:47Z,9.715,10.2482,1.574,1.9744,73.177,51.605913,7.8369,69.86,6.25,366.2097,0.16626,5.764972670952782,0.059,0
2018-06-07T10:05:47Z,9.727,10.2482,1.5781,2.0114,122.638,86.513314,7.8262,69.791,6.25,365.3539,0.17431,10.0529327571185,0.047,0
2018-06-07T10:05:47Z,9.737,10.2484,1.5554,2.0174,165.067,116.490098,7.815,69.726,6.249,364.7209,0.19108,13.872408249449839,0.04,0
2018-06-07T10:05:47Z,9.747,10.2496,1.5194,1.9861,180.822,127.668593,7.7947,69.577,6.249,364.406,0.19436,15.318001725380642,0.035,0
2018-06-07T10:05:47Z,9.756,10.2533,1.5018,1.9678,178.048,125.762764,7.7504,69.207,6.25,364.3862,0.18622,15.060840749442393,0.03,0
2018-06-07T10:05:47Z,9.764,10.2624,1.4986,1.9799,160.698,113.544828,7.6607,68.422,6.25,364.3956,0.18607,13.468748473059552,0.025,0
2018-06-07T10:05:47Z,9.769,10.2802,1.4802,1.9796,133.759,94.537354,7.4966,66.967,6.249,364.1752,0.18998,11.033119326406215,0.019,0
2018-06-07T10:05:47Z,9.773,10.3009,1.4451,1.9637,110.659,78.23424,7.2228,64.532,6.249,363.9581,0.19646,8.983426528726598,0.014,0
2018-06-07T10:05:47Z,9.775,10.3166,1.4227,1.9407,99.248,70.189202,6.7983,60.752,6.248,363.9211,0.20575,7.985079964737676,0.01,0
2018-06-07T10:05:47Z,9.776,10.3279,1.4208,1.9157,98.088,69.387512,6.2214,55.608,6.247,363.9001,0.20749,7.882120754851312,0.007,0
2018-06-07T10:05:47Z,9.777,10.3376,1.4229,1.9061,99.495,70.389495,5.8995,52.736,6.247,363.877,0.19834,8.001890853811956,0.006,0
