Reservoir,Site,Year,Date,Depth,PAR,YSI_TEMP_C,YSI_DO_mgL,YSI_PSAT,pH,YSI_COND_uScm,YSI_ORP_mV,Notes
FCR,100,2017,2017-02-06 09:30:00,0.1,,4.4,12.85,105.1,6.89,30,202.1,
FCR,100,2017,2017-02-27 09:50:00,0.1,,6.7,11.56,99.7,6.88,31.8,225.3,partly cloudy; sunny; chilly
FCR,100,2017,2017-03-13 11:50:00,0.1,,3.9,12.1,96.9,7.03,31.6,188.5,
FCR,100,2017,2017-03-13 15:11:00,0.1,,6.5,11.3,96.3,7.14,31.8,86.2,
FCR,100,2017,2017-03-27 11:00:00,0.1,,12.4,10,99.1,,,,
FCR,100,2017,2017-04-10 11:45:00,0.1,,14.1,9.58,98.17,,,,
FCR,100,2017,2017-04-17 10:04:00,0.1,,16.4,9.51,102.8,,,,
FCR,100,2017,2017-05-01 12:00:00,0.1,,18.9,8.46,96.6,,,,
FCR,100,2017,2017-05-08 09:39:00,0.1,,14.7,9.06,94.7,6.19,21.1,211.1,
FCR,100,2017,2017-05-15 11:07:00,0.1,,16.8,8.74,95.9,,,,
FCR,100,2017,2017-05-22 09:35:00,0.1,,18.7,8.39,90.6,,,,
FCR,100,2017,2017-05-29 10:00:00,0.1,,20.3,8.63,101.2,,,,
FCR,100,2017,2017-06-05 12:00:00,0.1,,19.7,8.32,97.1,,,,rainy
FCR,100,2017,2017-06-12 13:00:00,0.1,,21.1,8.46,100.2,,,,
FCR,100,2017,2017-06-19 12:00:00,0.1,,22.4,7.74,95.02,,,,
FCR,100,2017,2017-06-26 11:00:00,0.1,,17,9.27,101.2,,,,
FCR,100,2017,2017-07-05 12:00:00,0.1,,18.7,8.58,97,,,,raining 
FCR,100,2017,2017-07-10 11:00:00,0.1,,18.7,8.12,91.4,,,,
FCR,100,2017,2017-07-17 12:00:00,0.1,,19.91,8.67,100.5,,,,
FCR,100,2017,2017-07-24 12:00:00,0.1,,20.7,8.56,101.3,,,,
FCR,100,2017,2017-07-31 12:00:00,0.1,,18.8,8.41,95.6,,,,
FCR,100,2017,2017-08-07 12:00:00,0.1,,18.8,8.77,99.5,,,,
FCR,100,2017,2017-08-14 12:00:00,0.1,,19,8.5,97.2,,,,
FCR,100,2017,2017-08-21 12:00:00,0.1,,21.3,8.31,98.7,,,,
FCR,100,2017,2017-08-28 12:00:00,0.1,,17.5,9.2,101.7,,,,
FCR,100,2017,2017-09-04 12:00:00,0.1,,16.5,9.1,98.5,,,,
FCR,100,2017,2017-09-11 12:00:00,0.1,,13.9,10,101.6,,,,
FCR,100,2017,2017-09-18 12:00:00,0.1,,18.4,8.69,98,,,,
FCR,100,2017,2017-09-25 12:00:00,0.1,,19.2,8.2,93.6,,,,
FCR,100,2017,2017-10-02 12:00:00,0.1,,13.7,9.67,97.6,,,,
FCR,100,2017,2017-10-09 12:00:00,0.1,,20.7,7.92,93.6,,,,
FCR,100,2017,2017-10-16 12:00:00,0.1,,14.5,9.2,95.3,,,,
FCR,100,2017,2017-10-23 12:00:00,0.1,,15.2,9.04,96,,,,
FCR,100,2017,2017-10-30 12:00:00,0.1,,9,10.38,95.1,,,,
FCR,100,2017,2017-11-06 12:00:00,0.1,,14.3,9.15,94.8,,,,
FCR,100,2017,2017-12-11 12:00:00,0.1,,4.1,12.74,96,,,,
FCR,50,2017,2017-02-06 09:30:00,0.1,133,4.5,12.51,102,6.8,34.4,190.5,
FCR,50,2017,2017-02-06 09:30:00,0.8,74.3,4.2,12.58,101.7,6.72,34.3,192.9,
FCR,50,2017,2017-02-06 09:30:00,1.6,37.8,4.1,12.6,101.6,6.74,34.3,193.5,
FCR,50,2017,2017-02-06 09:30:00,2.8,12.7,4.1,12.57,101.2,6.73,34.4,195.2,
FCR,50,2017,2017-02-06 09:30:00,3.8,4.8,4.1,12.56,101,6.74,34.3,195.1,
FCR,50,2017,2017-02-06 09:30:00,5,1.5,4.1,12.52,100.6,6.78,34.3,195,
FCR,50,2017,2017-02-06 09:30:00,6.2,0.6,4.1,12.51,101,6.76,34.3,196,
FCR,50,2017,2017-02-06 09:30:00,8,0.1,4.1,12.5,100.2,6.79,34.3,196,
FCR,50,2017,2017-02-06 09:30:00,9,0.05,4.1,12.53,100.7,6.78,34.3,197.7,
FCR,50,2017,2017-02-06 09:30:00,999,,4.4,12.85,105.1,6.89,30,202.1,
FCR,50,2017,2017-02-27 09:50:00,0.1,184.7,8.9,11.41,103.8,6.75,34.7,218,mostly overcast
FCR,50,2017,2017-02-27 09:50:00,0.8,82.64,8.9,11.52,103.7,6.8,34.7,217.5,
FCR,50,2017,2017-02-27 09:50:00,1.6,42.1,8.8,11.53,103.3,6.87,34.9,215.7,
FCR,50,2017,2017-02-27 09:50:00,2.8,15.8,8.2,11.7,104.3,6.87,34.8,217,
FCR,50,2017,2017-02-27 09:50:00,3.8,7.01,7.4,11.64,101,6.92,34.5,216.7,
FCR,50,2017,2017-02-27 09:50:00,5,2.78,7.1,11.25,97.6,6.92,34.4,217.3,
FCR,50,2017,2017-02-27 09:50:00,6.2,1.07,6.9,10.78,92.5,6.91,34.6,218.5,
FCR,50,2017,2017-02-27 09:50:00,8,0.26,6.6,10.46,88.9,6.89,34.5,220.1,
FCR,50,2017,2017-02-27 09:50:00,9,0.12,6.5,10.12,85.7,6.89,34.3,219.6,
FCR,50,2017,2017-02-27 09:50:00,999,,6.7,11.56,99.7,6.88,31.8,225.3,partly cloudy; sunny; chilly
FCR,50,2017,2017-03-13 11:00:00,0.1,191.9,8.1,10.88,96.2,7.15,35.1,200,mostly cloudy
FCR,50,2017,2017-03-13 11:00:00,0.8,89.4,,,,,,,
FCR,50,2017,2017-03-13 11:00:00,1.6,42.8,8.1,10.66,94.8,7.1,35.3,201.8,
FCR,50,2017,2017-03-13 11:00:00,2.8,17.6,,,,,,,
FCR,50,2017,2017-03-13 11:00:00,3.8,7.1,8,10.52,93.5,7.12,35.6,202,
FCR,50,2017,2017-03-13 11:00:00,5,3.85,7.9,10.49,92.6,7.11,35.1,202.9,
FCR,50,2017,2017-03-13 11:00:00,6.2,1.28,7.8,10.35,91.2,7.11,35.3,203.7,
FCR,50,2017,2017-03-13 11:00:00,8,0.329,7.6,10,88,7.07,35.4,206.3,
FCR,50,2017,2017-03-13 11:00:00,9,0.169,7.5,9.8,86.2,7.04,35.9,207.4,
FCR,50,2017,2017-03-13 11:50:00,999,,3.9,12.1,96.9,7.03,31.6,188.5,
FCR,50,2017,2017-03-13 15:11:00,999,,6.5,11.3,96.3,7.14,31.8,86.2,
FCR,50,2017,2017-03-27 11:00:00,999,,12.4,10,99.1,,,,
FCR,50,2017,2017-03-27 12:00:00,0.1,601.1,12.6,11.2,111,,,,
FCR,50,2017,2017-03-27 12:00:00,0.8,236.5,11.8,11.4,111,,,,
FCR,50,2017,2017-03-27 12:00:00,1.6,119.9,11.3,11.52,111,,,,
FCR,50,2017,2017-03-27 12:00:00,2.8,39.24,9.6,11.7,108.8,,,,
FCR,50,2017,2017-03-27 12:00:00,3.8,14.44,8.7,11.6,105.3,,,,
FCR,50,2017,2017-03-27 12:00:00,5,4.62,8.2,11.09,99.4,,,,
FCR,50,2017,2017-03-27 12:00:00,6.2,1.75,7.8,10.87,96.9,,,,
FCR,50,2017,2017-03-27 12:00:00,8,0.4855,5.1,10.5,91.5,,,,
FCR,50,2017,2017-03-27 12:00:00,9,0.1625,6.8,10.36,85.7,,,,
FCR,50,2017,2017-04-10 11:45:00,0.1,201,13.7,9.87,100.2,,,,
FCR,50,2017,2017-04-10 11:45:00,0.8,110,13.1,9.91,99.4,,,,
FCR,50,2017,2017-04-10 11:45:00,1.6,61.3,12.7,9.99,99,,,,
FCR,50,2017,2017-04-10 11:45:00,2.8,28.1,11.7,10,96.7,,,,
FCR,50,2017,2017-04-10 11:45:00,3.8,11.7,11,9.72,92.1,,,,
FCR,50,2017,2017-04-10 11:45:00,5,4.45,9.5,9.54,87.5,,,,
FCR,50,2017,2017-04-10 11:45:00,6.2,1.86,8.5,9.19,82.3,,,,
FCR,50,2017,2017-04-10 11:45:00,8,0.432,8.1,8.97,79.8,,,,
FCR,50,2017,2017-04-10 11:45:00,9,0.186,7.8,8.35,73.7,,,,
FCR,50,2017,2017-04-10 11:45:00,999,,14.1,9.58,98.17,,,,
FCR,50,2017,2017-04-17 10:04:00,0.1,698,19.7,8.99,104,,,,
FCR,50,2017,2017-04-17 10:04:00,0.8,312,,,,,,,
FCR,50,2017,2017-04-17 10:04:00,1.6,140,17.3,10.03,109.7,,,,
FCR,50,2017,2017-04-17 10:04:00,2.8,28.1,,,,,,,
FCR,50,2017,2017-04-17 10:04:00,3.8,8.48,12,10.06,98.2,,,,
FCR,50,2017,2017-04-17 10:04:00,5,2.58,10.3,9.58,90.5,,,,
FCR,50,2017,2017-04-17 10:04:00,6.2,1.37,8.9,8.45,77.2,,,,
FCR,50,2017,2017-04-17 10:04:00,8,0.321,8.3,7.7,69,,,,
FCR,50,2017,2017-04-17 10:04:00,9,0.06,8.1,7.7,69,,,,
FCR,50,2017,2017-04-17 10:04:00,10,,7.9,7.02,62,,,,
FCR,50,2017,2017-04-17 10:04:00,999,,16.4,9.51,102.8,,,,
FCR,50,2017,2017-04-24 11:22:00,0.1,73.79,,,,,,,
FCR,50,2017,2017-04-24 11:22:00,0.8,36.01,,,,,,,
FCR,50,2017,2017-04-24 11:22:00,1.6,20.27,,,,,,,
FCR,50,2017,2017-04-24 11:22:00,2.8,7.393,,,,,,,
FCR,50,2017,2017-04-24 11:22:00,3.8,2.421,,,,,,,
FCR,50,2017,2017-04-24 11:22:00,5,0.8783,,,,,,,
FCR,50,2017,2017-04-24 11:22:00,6.2,0.2718,,,,,,,
FCR,50,2017,2017-04-24 11:22:00,8,0.0553,,,,,,,
FCR,50,2017,2017-04-24 11:22:00,9,0.0248,,,,,,,
FCR,50,2017,2017-05-01 12:00:00,0.1,17.64,20.4,8.08,85.2,6.91,36.1,152.7,cloudy/rainy
FCR,50,2017,2017-05-01 12:00:00,0.8,8.27,,,,,,,
FCR,50,2017,2017-05-01 12:00:00,1.6,3.72,17.5,9.6,93.9,6.94,36.7,152.7,
FCR,50,2017,2017-05-01 12:00:00,2.8,0.397,,,,,,,
FCR,50,2017,2017-05-01 12:00:00,3.8,0.397,11.8,8.67,86.1,6.92,36.9,157.5,
FCR,50,2017,2017-05-01 12:00:00,5,0.0752,9.4,9.66,90.6,6.78,36.7,164.6,
FCR,50,2017,2017-05-01 12:00:00,6.2,0.0305,9.3,9.95,92.6,6.69,36.7,169.1,
FCR,50,2017,2017-05-01 12:00:00,8,0.0162,9.3,9.95,92.1,6.66,36.8,168.3,
FCR,50,2017,2017-05-01 12:00:00,9,0.0066,9.3,9.95,91.7,6.61,36.9,170.9,
FCR,50,2017,2017-05-01 12:00:00,999,,18.9,8.46,96.6,,,,
FCR,50,2017,2017-05-08 09:39:00,0.1,352,15.2,8.6,91.1,6.47,34,192.5,
FCR,50,2017,2017-05-08 09:39:00,0.8,100,15,8.57,90.6,6.54,34.1,188.5,
FCR,50,2017,2017-05-08 09:39:00,1.6,35.9,14.8,8.54,88.8,6.52,34,190,
FCR,50,2017,2017-05-08 09:39:00,2.8,8.57,13.7,7.93,80.3,6.52,35.2,187.9,
FCR,50,2017,2017-05-08 09:39:00,3.8,3.233,12.4,7.65,76.1,6.56,36.5,188.8,
FCR,50,2017,2017-05-08 09:39:00,5,0.9117,9.8,9.11,85.1,6.53,37.5,190.6,
FCR,50,2017,2017-05-08 09:39:00,6.2,0.3166,9.7,9.25,86.9,6.49,37.1,196.3,
FCR,50,2017,2017-05-08 09:39:00,8,0.0648,9.7,9.34,87.2,6.5,37.1,198.6,
FCR,50,2017,2017-05-08 09:39:00,9,0.017,9.6,9.38,87,,37,202.5,issues with pH sensor
FCR,50,2017,2017-05-08 09:39:00,999,,14.7,9.06,94.7,6.19,21.1,211.1,
FCR,50,2017,2017-05-15 11:07:00,0.1,729,17.8,8.73,91.4,,,,
FCR,50,2017,2017-05-15 11:07:00,0.8,252,17.6,8.88,98.5,,,,
FCR,50,2017,2017-05-15 11:07:00,1.6,111,17.6,8.85,98.2,,,,
FCR,50,2017,2017-05-15 11:07:00,2.8,53.5,14.4,8.3,86.5,,,,
FCR,50,2017,2017-05-15 11:07:00,3.8,17.77,12.9,7.19,72,,,,
FCR,50,2017,2017-05-15 11:07:00,5,5.054,10.2,9.11,86,,,,
FCR,50,2017,2017-05-15 11:07:00,6.2,1.917,10,9.31,87.1,,,,
FCR,50,2017,2017-05-15 11:07:00,8,0.3319,9.9,9.29,87.3,,,,
FCR,50,2017,2017-05-15 11:07:00,9,0.1106,9.9,9.31,87.3,,,,
FCR,50,2017,2017-05-15 11:07:00,999,,16.8,8.74,95.9,,,,
FCR,50,2017,2017-05-18 12:01:00,0.1,,22.3,8.63,103.6,,,,
FCR,50,2017,2017-05-18 12:01:00,0.8,,22.1,8.53,101.1,,,,
FCR,50,2017,2017-05-18 12:01:00,1.6,,18.3,9.74,109.2,,,,
FCR,50,2017,2017-05-18 12:01:00,2.8,,14.9,8.65,90.4,,,,
FCR,50,2017,2017-05-18 12:01:00,3.8,,13.1,7.32,73.5,,,,
FCR,50,2017,2017-05-18 12:01:00,4.4,,11.4,7.12,69.1,,,,
FCR,50,2017,2017-05-18 12:01:00,4.7,,10.8,6.98,63.2,,,,
FCR,50,2017,2017-05-18 12:01:00,5,,10.7,8.73,83.6,,,,
FCR,50,2017,2017-05-18 12:01:00,6.2,,10.2,9.4,88.1,,,,
FCR,50,2017,2017-05-18 12:01:00,8,,10.1,9.51,89.3,,,,
FCR,50,2017,2017-05-18 12:01:00,9,,10,9.52,89,,,,
FCR,50,2017,2017-05-18 12:01:00,9.3,,10,9.53,98.2,,,,
FCR,50,2017,2017-05-22 09:35:00,0.1,116.3,19.9,9.25,107.4,,,,Cal DO @ 97.1% in red cap at start 
FCR,50,2017,2017-05-22 09:35:00,0.8,65.72,20.3,9.04,105,,,,
FCR,50,2017,2017-05-22 09:35:00,1.6,35.28,20.3,9.99,116.9,,,,
FCR,50,2017,2017-05-22 09:35:00,2.8,13.74,15.8,9.96,107,,,,
FCR,50,2017,2017-05-22 09:35:00,3.8,6.214,13.3,7.86,79.2,,,,
FCR,50,2017,2017-05-22 09:35:00,5,2.355,10.9,9.86,94.3,,,,
FCR,50,2017,2017-05-22 09:35:00,6.2,0.7548,10.5,10.33,97.5,,,,
FCR,50,2017,2017-05-22 09:35:00,8,0.1841,10.2,10.38,98.2,,,,
FCR,50,2017,2017-05-22 09:35:00,9,0.07725,10.2,10.33,98.1,,,,
FCR,50,2017,2017-05-22 09:35:00,10,,10.2,10.34,98.2,,,,
FCR,50,2017,2017-05-22 09:35:00,11,,10.2,5.24,51.1,,,,
FCR,50,2017,2017-05-22 09:35:00,999,,18.7,8.39,90.6,,,,
FCR,50,2017,2017-05-25 12:00:00,0.1,,18.3,8.8,100.6,,,,
FCR,50,2017,2017-05-25 12:00:00,0.8,,18.1,8.79,100.3,,,,
FCR,50,2017,2017-05-25 12:00:00,1.6,,17.4,9.3,103.7,,,,
FCR,50,2017,2017-05-25 12:00:00,2.8,,16.1,9.19,99.7,,,,
FCR,50,2017,2017-05-25 12:00:00,3.8,,14.1,9.87,83,,,,
FCR,50,2017,2017-05-25 12:00:00,5,,11.3,8.73,85.7,,,,
FCR,50,2017,2017-05-25 12:00:00,6.2,,10.5,9.67,93.4,,,,
FCR,50,2017,2017-05-25 12:00:00,8,,10.3,9.75,93.6,,,,
FCR,50,2017,2017-05-25 12:00:00,9,,10.3,9.72,93.3,,,,
FCR,50,2017,2017-05-29 10:00:00,0.1,490,20.9,8.71,103.1,,,,Pre VEM
FCR,50,2017,2017-05-29 10:00:00,0.8,,20.5,8.74,103,,,,
FCR,50,2017,2017-05-29 10:00:00,1,127,,,,,,,
FCR,50,2017,2017-05-29 10:00:00,1.6,,17.6,9.68,107.2,,,,
FCR,50,2017,2017-05-29 10:00:00,2,50.5,,,,,,,
FCR,50,2017,2017-05-29 10:00:00,2.8,,16,8.82,95.2,,,,
FCR,50,2017,2017-05-29 10:00:00,3,14,,,,,,,
FCR,50,2017,2017-05-29 10:00:00,3.8,,13.6,6.72,68.1,,,,
FCR,50,2017,2017-05-29 10:00:00,4,4.3,,,,,,,
FCR,50,2017,2017-05-29 10:00:00,5,1.93,10.9,8.93,85.7,,,,
FCR,50,2017,2017-05-29 10:00:00,6,2.4,,,,,,,
FCR,50,2017,2017-05-29 10:00:00,6.2,,10.6,9.3,89.1,,,,
FCR,50,2017,2017-05-29 10:00:00,7,1.4,,,,,,,
FCR,50,2017,2017-05-29 10:00:00,8,0.6,10.5,9.55,91.1,,,,
FCR,50,2017,2017-05-29 10:00:00,9,0.3,10.5,9.5,91.2,,,,
FCR,50,2017,2017-05-29 10:00:00,10,0.28,,,,,,,
FCR,50,2017,2017-05-29 10:00:00,999,,20.3,8.63,101.2,,,,
FCR,50,2017,2017-05-29 14:50:00,0.1,201,23.1,8.9,110.9,,,,post VEM
FCR,50,2017,2017-05-29 14:50:00,0.8,62.3,21.1,8.95,106.5,,,,
FCR,50,2017,2017-05-29 14:50:00,1.6,26.7,18.9,9.94,112.3,,,,
FCR,50,2017,2017-05-29 14:50:00,2.8,6.6,15.4,9.54,100.9,,,,
FCR,50,2017,2017-05-29 14:50:00,3.8,2.1,13.8,7.43,75.8,,,,
FCR,50,2017,2017-05-29 14:50:00,5,0.77,11.3,7.01,67,,,,
FCR,50,2017,2017-05-29 14:50:00,6.2,0.33,10.5,9.76,92.6,,,,
FCR,50,2017,2017-05-29 14:50:00,8,0,10.4,9.87,93.4,,,,
FCR,50,2017,2017-05-29 14:50:00,9,0,10.4,9.83,93.1,,,,
FCR,50,2017,2017-05-30 14:10:00,0.1,780.2,21.1,9.03,105.8,,,,
FCR,50,2017,2017-05-30 14:10:00,0.8,445.8,18.6,8.75,98.4,,,,
FCR,50,2017,2017-05-30 14:10:00,1.6,107.4,17.6,8.68,96.7,,,,
FCR,50,2017,2017-05-30 14:10:00,2.8,22.75,17,8.68,94.7,,,,
FCR,50,2017,2017-05-30 14:10:00,3.8,20.07,16.3,8.61,92.6,,,,
FCR,50,2017,2017-05-30 14:10:00,5,7.355,15.3,8.52,89.6,,,,
FCR,50,2017,2017-05-30 14:10:00,6.2,2.257,13.4,6.96,70,,,,
FCR,50,2017,2017-05-30 14:10:00,8,0.5016,10.9,9.38,89.6,,,,
FCR,50,2017,2017-05-30 14:10:00,9,0.2584,10.7,9.48,90.3,,,,
FCR,50,2017,2017-05-30 14:10:00,10,,10.6,9.51,90.8,,,,
FCR,50,2017,2017-05-30 16:08:00,5,,15.6,8.5,90.4,,,,
FCR,50,2017,2017-05-30 16:08:00,5.5,,15,8.47,88.9,,,,
FCR,50,2017,2017-05-30 16:08:00,6,,14.5,8.16,84.8,,,,
FCR,50,2017,2017-05-30 16:08:00,6.2,,13.8,7.67,78.4,,,,
FCR,50,2017,2017-05-30 16:08:00,6.5,,12.1,7.26,71.5,,,,
FCR,50,2017,2017-05-30 16:08:00,7,,10.8,9.43,90.1,,,,
FCR,50,2017,2017-05-30 16:08:00,7.5,,10.7,9.6,91.3,,,,
FCR,50,2017,2017-05-30 16:08:00,8,,10.6,9.63,91.6,,,,
FCR,50,2017,2017-06-01 11:45:00,0.1,119,21.9,8.8,107.4,,,,sunny
FCR,50,2017,2017-06-01 11:45:00,1,210,19.2,9.52,109,,,,odd? Correct on field notebook though
FCR,50,2017,2017-06-01 11:45:00,2,100,18.1,9.59,107.4,,,,
FCR,50,2017,2017-06-01 11:45:00,3,55,17.3,9.38,103,,,,
FCR,50,2017,2017-06-01 11:45:00,4,14,16.2,8.52,91.7,,,,
FCR,50,2017,2017-06-01 11:45:00,5,6.7,15.3,8.21,86.7,,,,
FCR,50,2017,2017-06-01 11:45:00,6,2.5,13.5,6.84,69.6,,,,
FCR,50,2017,2017-06-01 11:45:00,7,0.23,11.5,9.67,93.8,,,,
FCR,50,2017,2017-06-01 11:45:00,8,0.2,11,10.03,96.2,,,,
FCR,50,2017,2017-06-01 11:45:00,9,0.14,10.9,10.05,96.2,,,,
FCR,50,2017,2017-06-05 11:00:00,0.1,23.07,21.8,8.28,100.2,,,,rainy; PAR sensor not working
FCR,50,2017,2017-06-05 11:00:00,0.8,0.2022,22.1,8.43,102.9,,,,PAR sensor not working
FCR,50,2017,2017-06-05 11:00:00,1.6,,22,8.41,102.5,,,,PAR sensor not working
FCR,50,2017,2017-06-05 11:00:00,2.8,,18.3,9.52,107.9,,,,PAR sensor not working
FCR,50,2017,2017-06-05 11:00:00,3.8,,16.5,8.2,80.5,,,,PAR sensor not working
FCR,50,2017,2017-06-05 11:00:00,5,,15.2,7.22,76.6,,,,PAR sensor not working
FCR,50,2017,2017-06-05 11:00:00,6.2,,13,6.32,63.7,,,,PAR sensor not working
FCR,50,2017,2017-06-05 11:00:00,8,,11.4,9.96,97.2,,,,PAR sensor not working
FCR,50,2017,2017-06-05 11:00:00,9,,11.3,10.16,99,,,,PAR sensor not working
FCR,50,2017,2017-06-05 12:00:00,999,,19.7,8.32,97.1,,,,rainy
FCR,50,2017,2017-06-08 09:34:00,0.1,112.5,20.1,8.9,105,,,,passing clouds
FCR,50,2017,2017-06-08 09:34:00,0.8,65.9,20.1,8.97,104,,,,
FCR,50,2017,2017-06-08 09:34:00,1.6,22.53,20,8.91,104.3,,,,
FCR,50,2017,2017-06-08 09:34:00,2.8,10.21,18.3,10,112.1,,,,
FCR,50,2017,2017-06-08 09:34:00,3.8,6.305,16.7,8.61,93.2,,,,
FCR,50,2017,2017-06-08 09:34:00,5,2.518,14.9,6.23,65.6,,,,
FCR,50,2017,2017-06-08 09:34:00,6.2,0.8717,12,10,97.8,,,,
FCR,50,2017,2017-06-08 09:34:00,8,0.1879,11.6,10.4,101.6,,,,
FCR,50,2017,2017-06-08 09:34:00,9,0.07153,11.5,10.5,101.7,,,,
FCR,50,2017,2017-06-12 10:45:00,0.1,428.5,23.1,8.76,107.6,,,,sunny
FCR,50,2017,2017-06-12 10:45:00,0.8,250.1,23,8.75,107.3,,,,
FCR,50,2017,2017-06-12 10:45:00,1.6,103.9,21.7,9.58,114.3,,,,
FCR,50,2017,2017-06-12 10:45:00,2.8,53.14,18.9,10.81,122.3,,,,
FCR,50,2017,2017-06-12 10:45:00,3.8,18.72,17.2,8.98,98.2,,,,
FCR,50,2017,2017-06-12 10:45:00,5,7.757,15.1,5.66,59.2,,,,
FCR,50,2017,2017-06-12 10:45:00,6.2,2.872,12.3,10.2,99.4,,,,
FCR,50,2017,2017-06-12 10:45:00,8,0.7257,11.9,10.54,102.5,,,,
FCR,50,2017,2017-06-12 10:45:00,9,0.2222,11.8,10.63,103.3,,,,
FCR,50,2017,2017-06-12 13:00:00,999,,21.1,8.46,100.2,,,,
FCR,50,2017,2017-06-19 11:10:00,0.1,147.6,25.5,8.69,112.5,,,,
FCR,50,2017,2017-06-19 11:10:00,0.8,97.86,24.7,9.52,122.3,,,,
FCR,50,2017,2017-06-19 11:10:00,1.6,41.03,24,10.28,129.6,,,,
FCR,50,2017,2017-06-19 11:10:00,2.8,29.06,20.1,10,117.2,,,,
FCR,50,2017,2017-06-19 11:10:00,3.8,10.15,18,8.06,90.4,,,,
FCR,50,2017,2017-06-19 11:10:00,5,6.502,15.3,4.1,43.3,,,,
FCR,50,2017,2017-06-19 11:10:00,6.2,1.261,13,8.95,90.2,,,,
FCR,50,2017,2017-06-19 11:10:00,8,0.3128,12.5,9.51,94.8,,,,
FCR,50,2017,2017-06-19 11:10:00,9,0.1364,12.4,9.58,95.2,,,,
FCR,50,2017,2017-06-19 12:00:00,999,,22.4,7.74,95.02,,,,
FCR,50,2017,2017-06-26 10:00:00,0.1,401.2,24.2,9.49,118.6,,,,
FCR,50,2017,2017-06-26 10:00:00,0.8,134.8,24.1,9.52,119.5,,,,
FCR,50,2017,2017-06-26 10:00:00,1.6,115.6,23.8,9.37,117,,,,
FCR,50,2017,2017-06-26 10:00:00,2.8,56.46,21.1,12.36,146.5,,,,
FCR,50,2017,2017-06-26 10:00:00,3.8,26.88,18.4,8.18,91.6,,,,
FCR,50,2017,2017-06-26 10:00:00,5,7.531,15.1,3.31,35,,,,
FCR,50,2017,2017-06-26 10:00:00,6.2,2.983,13,9.44,94.4,,,,
FCR,50,2017,2017-06-26 10:00:00,8,0.8192,12.7,9.75,96.7,,,,
FCR,50,2017,2017-06-26 10:00:00,9,0.3529,12.6,9.67,95.8,,,,
FCR,50,2017,2017-06-26 11:00:00,999,,17,9.27,101.2,,,,
FCR,50,2017,2017-07-05 12:00:00,0.1,11.8,25.4,9.06,115.7,,,,overcast/cloudy/rainy
FCR,50,2017,2017-07-05 12:00:00,0.8,7.3,25.3,9.16,118.1,,,,
FCR,50,2017,2017-07-05 12:00:00,1.6,8.9,25.1,9.51,120.7,,,,
FCR,50,2017,2017-07-05 12:00:00,2.8,3.57,22.4,12.64,154.9,,,,
FCR,50,2017,2017-07-05 12:00:00,3.8,1.71,19,7.61,84.1,,,,
FCR,50,2017,2017-07-05 12:00:00,5,0.691,15.2,3.41,35.6,,,,
FCR,50,2017,2017-07-05 12:00:00,6.2,0.233,13.4,8.93,90.4,,,,
FCR,50,2017,2017-07-05 12:00:00,8,0.042,12.9,9.32,93.3,,,,
FCR,50,2017,2017-07-05 12:00:00,9,0.015,12.8,9.23,91.6,,,,
FCR,50,2017,2017-07-05 12:00:00,999,,18.7,8.58,97,,,,raining 
FCR,50,2017,2017-07-10 09:15:00,0.1,378.8,25.8,9.5,122.6,,,,sunny
FCR,50,2017,2017-07-10 09:15:00,0.8,149.6,25.6,9.32,121.4,,,,
FCR,50,2017,2017-07-10 09:15:00,1.6,71.3,25.6,9.44,122.8,,,,
FCR,50,2017,2017-07-10 09:15:00,2.8,12.33,22.6,12.1,146.6,,,,
FCR,50,2017,2017-07-10 09:15:00,3.8,6.844,19.5,6.85,79.5,,,,
FCR,50,2017,2017-07-10 09:15:00,5,2.175,15.6,2.29,24.4,,,,
FCR,50,2017,2017-07-10 09:15:00,6.2,0.598,13.5,8.07,80.8,,,,
FCR,50,2017,2017-07-10 09:15:00,8,0.0853,13.1,8.52,84.8,,,,
FCR,50,2017,2017-07-10 09:15:00,9,0.03338,13,8.51,85.4,,,,
FCR,50,2017,2017-07-10 11:00:00,999,,18.7,8.12,91.4,,,,
FCR,50,2017,2017-07-13 12:30:00,0.1,567.3,28.8,9.6,131.5,,,,
FCR,50,2017,2017-07-13 12:30:00,0.8,87.29,27.4,10.28,136.9,,,,
FCR,50,2017,2017-07-13 12:30:00,1.6,49.41,24.6,10.96,138.2,,,,
FCR,50,2017,2017-07-13 12:30:00,2.8,11.7,23.7,10.73,131.7,,,,
FCR,50,2017,2017-07-13 12:30:00,3.8,2.696,20.9,8.29,97.3,,,,
FCR,50,2017,2017-07-13 12:30:00,5,0.5379,18.9,6.53,73.3,,,,
FCR,50,2017,2017-07-13 12:30:00,6.2,0.1192,15.1,4.04,43,,,,
FCR,50,2017,2017-07-13 12:30:00,8,0.01431,13.3,7.49,75.5,,,,
FCR,50,2017,2017-07-13 12:30:00,9,0.0056,13.2,7.57,75.9,,,,
FCR,50,2017,2017-07-17 10:00:00,0.1,288.9,27,11.07,146.9,,,,sunny
FCR,50,2017,2017-07-17 10:00:00,0.8,119.5,26.6,10.98,145.5,,,,
FCR,50,2017,2017-07-17 10:00:00,1.6,44.9,26,14.64,188.6,,,,
FCR,50,2017,2017-07-17 10:00:00,2.8,6.987,24.8,13.49,168.9,,,,
FCR,50,2017,2017-07-17 10:00:00,3.8,2.562,20.9,7.38,88,,,,
FCR,50,2017,2017-07-17 10:00:00,5,0.6237,18.5,5.17,60,,,,
FCR,50,2017,2017-07-17 10:00:00,6.2,0.1135,15,6.88,71,,,,
FCR,50,2017,2017-07-17 10:00:00,8,0.01335,14.8,8.06,82.3,,,,
FCR,50,2017,2017-07-17 10:00:00,9,0,13.8,8.16,82.8,,,,
FCR,50,2017,2017-07-17 12:00:00,999,,19.91,8.67,100.5,,,,
FCR,50,2017,2017-07-24 11:00:00,0.1,70.85,28.6,9.48,130,,,,in shade
FCR,50,2017,2017-07-24 11:00:00,0.8,19.84,28.5,9.6,131.4,,,,
FCR,50,2017,2017-07-24 11:00:00,1.6,7.604,26.6,12.71,168.5,,,,
FCR,50,2017,2017-07-24 11:00:00,2.8,3.477,24.3,10.65,136.9,,,,
FCR,50,2017,2017-07-24 11:00:00,3.8,2.282,21.6,7.5,90.3,,,,
FCR,50,2017,2017-07-24 11:00:00,5,0.4444,18.3,2.43,27.8,,,,
FCR,50,2017,2017-07-24 11:00:00,6.2,0.1822,14.5,7.12,74.1,,,,
FCR,50,2017,2017-07-24 11:00:00,8,0.0047,14.2,7.53,77.9,,,,
FCR,50,2017,2017-07-24 11:00:00,9,0,14.1,7.64,78.6,,,,
FCR,50,2017,2017-07-24 12:00:00,999,,20.7,8.56,101.3,,,,
FCR,50,2017,2017-07-31 10:30:00,0.1,405.1,24.6,8.17,104.5,,,,clear
FCR,50,2017,2017-07-31 10:30:00,0.8,194.4,24.5,8.15,103,,,,
FCR,50,2017,2017-07-31 10:30:00,1.6,121.2,24.3,8.12,102,,,,
FCR,50,2017,2017-07-31 10:30:00,2.8,38.33,23.6,8.57,104.6,,,,
FCR,50,2017,2017-07-31 10:30:00,3.8,31.3,20.8,5.92,69.2,,,,
FCR,50,2017,2017-07-31 10:30:00,5,26.37,17.9,0.72,8,,,,
FCR,50,2017,2017-07-31 10:30:00,6.2,22.22,15,7.05,72.8,,,,
FCR,50,2017,2017-07-31 10:30:00,8,20.31,14.4,7.58,78.6,,,,
FCR,50,2017,2017-07-31 10:30:00,9,19.26,14.3,7.65,78.8,,,,
FCR,50,2017,2017-07-31 12:00:00,999,,18.8,8.41,95.6,,,,
FCR,50,2017,2017-08-07 10:00:00,0.1,39.31,24.3,7.02,90.2,,,,rain/overcast/cloudy/foggy
FCR,50,2017,2017-08-07 10:00:00,0.8,24.44,24.4,7.06,89.1,,,,
FCR,50,2017,2017-08-07 10:00:00,1.6,12.92,24.3,6.84,87.4,,,,
FCR,50,2017,2017-08-07 10:00:00,2.8,4.947,23.7,6.44,80.6,,,,
FCR,50,2017,2017-08-07 10:00:00,3.8,2.923,20.7,3.4,40.5,,,,
FCR,50,2017,2017-08-07 10:00:00,5,1.383,17.6,0.89,9.8,,,,
FCR,50,2017,2017-08-07 10:00:00,6.2,0.1965,15,6.42,67.6,,,,
FCR,50,2017,2017-08-07 10:00:00,8,0.01144,14.7,6.75,70.3,,,,
FCR,50,2017,2017-08-07 10:00:00,9,0,14.6,6.78,70.8,,,,
FCR,50,2017,2017-08-07 12:00:00,999,,18.8,8.77,99.5,,,,
FCR,50,2017,2017-08-14 10:30:00,0.1,115.6,24.8,8.55,109.2,,,,overcast/rainy
FCR,50,2017,2017-08-14 10:30:00,0.8,80.64,24.9,8.34,107.5,,,,
FCR,50,2017,2017-08-14 10:30:00,1.6,36.05,24.9,8.31,106.5,,,,
FCR,50,2017,2017-08-14 10:30:00,2.8,12.99,23.7,6.58,82.1,,,,
FCR,50,2017,2017-08-14 10:30:00,3.8,7.854,21.6,2.42,28.9,,,,
FCR,50,2017,2017-08-14 10:30:00,5,2.692,17.5,0.48,5.3,,,,
FCR,50,2017,2017-08-14 10:30:00,6.2,0.2966,15.3,5.82,61.5,,,,
FCR,50,2017,2017-08-14 10:30:00,8,0.014,15,6.14,64.2,,,,
FCR,50,2017,2017-08-14 10:30:00,9,0,14.8,6.19,64.9,,,,
FCR,50,2017,2017-08-14 12:00:00,999,,19,8.5,97.2,,,,
FCR,50,2017,2017-08-21 10:30:00,0.1,344.3,27.3,7.86,105.4,,,,hot/sunny
FCR,50,2017,2017-08-21 10:30:00,0.8,230.8,26.7,7.93,103.9,,,,
FCR,50,2017,2017-08-21 10:30:00,1.6,104.2,26.5,7.6,99.3,,,,
FCR,50,2017,2017-08-21 10:30:00,2.8,53.83,24.7,8.98,113.3,,,,
FCR,50,2017,2017-08-21 10:30:00,3.8,19.42,21.7,3.48,41.5,,,,
FCR,50,2017,2017-08-21 10:30:00,5,5.995,17.8,0.75,8.2,,,,
FCR,50,2017,2017-08-21 10:30:00,6.2,0.7191,15.3,5.96,62.5,,,,
FCR,50,2017,2017-08-21 10:30:00,8,0.0267,15.1,6.08,63.5,,,,
FCR,50,2017,2017-08-21 10:30:00,9,0,15,6.1,63.5,,,,
FCR,50,2017,2017-08-21 12:00:00,999,,21.3,8.31,98.7,,,,
FCR,50,2017,2017-08-28 12:00:00,999,,17.5,9.2,101.7,,,,
FCR,50,2017,2017-08-28 12:53:00,0.1,301.9,24.2,8.53,107.1,,,,partly cloudy
FCR,50,2017,2017-08-28 12:53:00,0.8,91.25,24.1,8.65,109,,,,
FCR,50,2017,2017-08-28 12:53:00,1.6,46.03,23.8,8.63,107.5,,,,
FCR,50,2017,2017-08-28 12:53:00,2.8,21.74,23.7,8.45,105.2,,,,
FCR,50,2017,2017-08-28 12:53:00,3.8,10.44,22.4,4.45,53.9,,,,
FCR,50,2017,2017-08-28 12:53:00,5,3.127,17.5,0.66,7.2,,,,
FCR,50,2017,2017-08-28 12:53:00,6.2,0.2966,15.3,6.02,63.1,,,,
FCR,50,2017,2017-08-28 12:53:00,8,0.0151,15.1,6.06,63.4,,,,
FCR,50,2017,2017-08-28 12:53:00,9,0.0076,15.1,6.09,63.9,,,,
FCR,50,2017,2017-09-04 10:05:00,0.1,355.6,22,8.11,97.8,,,,sunny;mild
FCR,50,2017,2017-09-04 10:05:00,0.8,117.5,21.5,8.25,98.6,,,,
FCR,50,2017,2017-09-04 10:05:00,1.6,103.1,21.3,8.36,99.6,,,,
FCR,50,2017,2017-09-04 10:05:00,2.8,26.86,20.9,7.79,92,,,,
FCR,50,2017,2017-09-04 10:05:00,3.8,10.48,20.6,6.35,74.7,,,,
FCR,50,2017,2017-09-04 10:05:00,5,1.643,17.7,0.78,8.6,,,,
FCR,50,2017,2017-09-04 10:05:00,6.2,0.2937,15.6,5.66,60.2,,,,
FCR,50,2017,2017-09-04 10:05:00,8,0.0104,15.3,5.86,61.8,,,,
FCR,50,2017,2017-09-04 10:05:00,9,0.0038,15.2,5.91,62.1,,,,
FCR,50,2017,2017-09-04 12:00:00,999,,16.5,9.1,98.5,,,,
FCR,50,2017,2017-09-11 12:00:00,0.1,99.3,19.5,8.42,96.3,,,,overcast/cooler
FCR,50,2017,2017-09-11 12:00:00,0.8,51.1,19.5,8.35,95.8,,,,
FCR,50,2017,2017-09-11 12:00:00,1.6,30.6,19.5,8.35,95.6,,,,
FCR,50,2017,2017-09-11 12:00:00,2.8,11.16,19.5,8.36,95.6,,,,
FCR,50,2017,2017-09-11 12:00:00,3.8,4.69,19.4,8.4,95.9,,,,
FCR,50,2017,2017-09-11 12:00:00,5,1.37,17.5,0.53,5.8,,,,
FCR,50,2017,2017-09-11 12:00:00,6.2,0.199,15.6,6.57,69.4,,,,
FCR,50,2017,2017-09-11 12:00:00,8,0,15.3,6.9,72.1,,,,
FCR,50,2017,2017-09-11 12:00:00,9,0,15.3,6.9,72.3,,,,
FCR,50,2017,2017-09-11 12:00:00,999,,13.9,10,101.6,,,,
FCR,50,2017,2017-09-18 12:00:00,999,,18.4,8.69,98,,,,
FCR,50,2017,2017-09-18 12:48:00,0.1,85.98,22,8.54,102.7,,,,partly cloudy/warm
FCR,50,2017,2017-09-18 12:48:00,0.8,58.51,21.5,8.76,104.8,,,,
FCR,50,2017,2017-09-18 12:48:00,1.6,45.47,20.9,8.97,106.1,,,,
FCR,50,2017,2017-09-18 12:48:00,2.8,20.43,19.7,7.91,91.2,,,,
FCR,50,2017,2017-09-18 12:48:00,3.8,9.127,19.1,6.58,75.1,,,,
FCR,50,2017,2017-09-18 12:48:00,5,2.632,17.9,0.82,9.1,,,,
FCR,50,2017,2017-09-18 12:48:00,6.2,0.5341,15.9,6.74,71.8,,,,
FCR,50,2017,2017-09-18 12:48:00,8,0.0314,15.5,7.2,76.2,,,,
FCR,50,2017,2017-09-18 12:48:00,9,0.0095,15.4,7.24,76.5,,,,
FCR,50,2017,2017-09-25 12:00:00,999,,19.2,8.2,93.6,,,,
FCR,50,2017,2017-09-25 12:35:00,0.1,124.9,23.2,8.39,103.7,,,,overcast
FCR,50,2017,2017-09-25 12:35:00,0.8,81.66,23.1,8.49,104.2,,,,
FCR,50,2017,2017-09-25 12:35:00,1.6,51.41,22.4,8.63,105.2,,,,
FCR,50,2017,2017-09-25 12:35:00,2.8,24.42,20.9,9.5,112.3,,,,
FCR,50,2017,2017-09-25 12:35:00,3.8,13.14,19.9,8.15,93.9,,,,
FCR,50,2017,2017-09-25 12:35:00,5,2.197,17.6,0.81,8.9,,,,
FCR,50,2017,2017-09-25 12:35:00,6.2,0.3548,15.7,7.27,77.2,,,,
FCR,50,2017,2017-09-25 12:35:00,8,0.1087,15.5,7.25,76.8,,,,
FCR,50,2017,2017-09-25 12:35:00,9,0.02575,15.5,7.24,76.9,,,,
FCR,50,2017,2017-10-02 12:00:00,999,,13.7,9.67,97.6,,,,
FCR,50,2017,2017-10-02 12:07:00,0.1,228.5,20.3,9.27,107.6,,,,sunny
FCR,50,2017,2017-10-02 12:07:00,0.8,29.92,20,9.37,107.4,,,,odd? Correct on field sheet
FCR,50,2017,2017-10-02 12:07:00,1.6,41.07,19.9,9.26,106.4,,,,odd? Correct on field sheet
FCR,50,2017,2017-10-02 12:07:00,2.8,21.82,19.7,9.19,105.2,,,,
FCR,50,2017,2017-10-02 12:07:00,3.8,10.94,19.6,9.06,102.9,,,,
FCR,50,2017,2017-10-02 12:07:00,5,1.65,17.7,0.87,9.2,,,,
FCR,50,2017,2017-10-02 12:07:00,6.2,0.3452,16.2,6.27,66.5,,,,
FCR,50,2017,2017-10-02 12:07:00,8,0.02098,15.8,7.15,75.5,,,,
FCR,50,2017,2017-10-02 12:07:00,9,0,15.7,7.22,76.1,,,,
FCR,50,2017,2017-10-09 12:00:00,999,,20.7,7.92,93.6,,,,
FCR,50,2017,2017-10-09 12:51:00,0.1,121,21.4,9.27,112.1,,,,mostly cloudy
FCR,50,2017,2017-10-09 12:51:00,0.8,58.84,20.9,9.37,112.2,,,,
FCR,50,2017,2017-10-09 12:51:00,1.6,37.43,20.7,9.54,112.9,,,,
FCR,50,2017,2017-10-09 12:51:00,2.8,11.57,20.2,9.41,109.1,,,,
FCR,50,2017,2017-10-09 12:51:00,3.8,4.756,19.5,9.31,107.5,,,,
FCR,50,2017,2017-10-09 12:51:00,5,0.7449,17.7,0.95,10.5,,,,
FCR,50,2017,2017-10-09 12:51:00,6.2,0.1421,16.1,6.76,72.8,,,,
FCR,50,2017,2017-10-09 12:51:00,8,0.009576,15.8,7.14,76.4,,,,
FCR,50,2017,2017-10-09 12:51:00,9,0,15.8,7.12,76.2,,,,
FCR,50,2017,2017-10-16 12:00:00,999,,14.5,9.2,95.3,,,,
FCR,50,2017,2017-10-16 13:18:00,0.1,135.2,20.1,9.16,106.4,,,,passing clouds/ cool/sunny/ breezy
FCR,50,2017,2017-10-16 13:18:00,0.8,110.5,20.2,9.09,105.9,,,,
FCR,50,2017,2017-10-16 13:18:00,1.6,90.68,20.2,9,105.3,,,,
FCR,50,2017,2017-10-16 13:18:00,2.8,22.01,20.2,9.01,104.9,,,,
FCR,50,2017,2017-10-16 13:18:00,3.8,6.155,19.7,9.5,109.2,,,,
FCR,50,2017,2017-10-16 13:18:00,5,1.061,18.1,1.29,14.4,,,,
FCR,50,2017,2017-10-16 13:18:00,6.2,0.3099,16.1,7.04,75.4,,,,
FCR,50,2017,2017-10-16 13:18:00,8,0.0391,15.9,7.24,77.2,,,,
FCR,50,2017,2017-10-16 13:18:00,9,0,15.8,7.21,76.7,,,,
FCR,50,2017,2017-10-16 13:18:00,10,,15.8,7.18,76.4,,,,
FCR,50,2017,2017-10-23 12:00:00,999,,15.2,9.04,96,,,,
FCR,50,2017,2017-10-23 12:50:00,0.1,10.77,17.4,8.69,96.1,,,,rain/ fog
FCR,50,2017,2017-10-23 12:50:00,0.8,5.652,17.4,8.67,95.6,,,,
FCR,50,2017,2017-10-23 12:50:00,1.6,3.117,17.4,8.59,95,,,,
FCR,50,2017,2017-10-23 12:50:00,2.8,1.246,17.4,8.32,92.1,,,,
FCR,50,2017,2017-10-23 12:50:00,3.8,0.6323,17.3,7.47,82.5,,,,
FCR,50,2017,2017-10-23 12:50:00,5,0.2489,17,6.52,71.4,,,,
FCR,50,2017,2017-10-23 12:50:00,6.2,0.1497,16,7.21,77.1,,,,
FCR,50,2017,2017-10-23 12:50:00,8,0.0019,15.9,7.18,77,,,,
FCR,50,2017,2017-10-23 12:50:00,9,0,15.9,7.12,76.3,,,,
FCR,50,2017,2017-10-23 12:50:00,10,0,15.9,7.02,75.2,,,,
FCR,50,2017,2017-10-30 12:00:00,999,,9,10.38,95.1,,,,
FCR,50,2017,2017-10-30 12:58:00,0.1,314.9,14.4,8.97,93.3,,,,clear/windy
FCR,50,2017,2017-10-30 12:58:00,0.8,155.6,14.2,8.98,93,,,,
FCR,50,2017,2017-10-30 12:58:00,1.6,68.5,14.1,8.9,92.4,,,,
FCR,50,2017,2017-10-30 12:58:00,2.8,10.13,14,8.7,89.7,,,,
FCR,50,2017,2017-10-30 12:58:00,3.8,4.678,13.8,8.39,86.3,,,,
FCR,50,2017,2017-10-30 12:58:00,5,1.196,13.7,8.5,87.1,,,,
FCR,50,2017,2017-10-30 12:58:00,6.2,0.3109,13.6,8.55,87.4,,,,
FCR,50,2017,2017-10-30 12:58:00,8,0.03242,13.6,8.49,87,,,,
FCR,50,2017,2017-10-30 12:58:00,9,0.01576,13.6,8.46,86.7,,,,
FCR,50,2017,2017-11-06 12:00:00,999,,14.3,9.15,94.8,,,,
FCR,50,2017,2017-11-06 12:33:00,0.1,62.77,15,9.13,95.4,,,,overcast
FCR,50,2017,2017-11-06 12:33:00,0.8,40.53,14,9.2,94.8,,,,
FCR,50,2017,2017-11-06 12:33:00,1.6,24.12,13.8,9.1,93,,,,
FCR,50,2017,2017-11-06 12:33:00,2.8,8.97,13.7,8.94,91.3,,,,
FCR,50,2017,2017-11-06 12:33:00,3.8,3.648,13.4,9,91.4,,,,
FCR,50,2017,2017-11-06 12:33:00,5,1.272,13.3,9.19,93,,,,
FCR,50,2017,2017-11-06 12:33:00,6.2,0.6266,13.3,9.23,93.5,,,,
FCR,50,2017,2017-11-06 12:33:00,8,0.0505,13.3,9.19,93.1,,,,
FCR,50,2017,2017-11-06 12:33:00,9,0,13.3,9.15,92.6,,,,
FCR,50,2017,2017-12-11 12:00:00,999,,4.1,12.74,96,,,,
FCR,50,2017,2017-12-11 13:33:00,0.1,314.4,7.4,11.21,91.7,,,,
FCR,50,2017,2017-12-11 13:33:00,0.8,200,6.5,11.37,90,,,,
FCR,50,2017,2017-12-11 13:33:00,1.6,81.64,6.2,11.35,90.2,,,,
FCR,50,2017,2017-12-11 13:33:00,2.8,21.63,6.1,11.3,89.5,,,,
FCR,50,2017,2017-12-11 13:33:00,3.8,9.741,6,11.21,88.5,,,,
FCR,50,2017,2017-12-11 13:33:00,5,4.901,5.9,11.2,88.3,,,,
FCR,50,2017,2017-12-11 13:33:00,6.2,1.907,5.9,11.18,87.2,,,,
FCR,50,2017,2017-12-11 13:33:00,8,0.5617,5.9,11.05,87.4,,,,
FCR,50,2017,2017-12-11 13:33:00,9,0,5.8,11.09,87.1,,,,
FCR,45,2017,2017-05-01 12:00:00,0.1,28.8,,,,,,,
FCR,45,2017,2017-05-01 12:00:00,0.8,8.65,,,,,,,
FCR,45,2017,2017-05-01 12:00:00,1.6,4.72,,,,,,,
FCR,45,2017,2017-05-01 12:00:00,2.8,1.71,,,,,,,
FCR,45,2017,2017-05-01 12:00:00,3.8,0.454,,,,,,,
FCR,45,2017,2017-05-01 12:00:00,5,0.133,,,,,,,
FCR,45,2017,2017-05-01 12:00:00,6.2,0.036,,,,,,,
FCR,45,2017,2017-05-01 12:00:00,8,,,,,,,,hits bottom
FCR,45,2017,2017-05-08 12:18:00,0.1,994.6,,,,,,,
FCR,45,2017,2017-05-08 12:18:00,0.8,212.8,,,,,,,
FCR,45,2017,2017-05-08 12:18:00,1.6,75.61,,,,,,,
FCR,45,2017,2017-05-08 12:18:00,2.8,15.96,,,,,,,
FCR,45,2017,2017-05-08 12:18:00,3.8,5.479,,,,,,,
FCR,45,2017,2017-05-08 12:18:00,5,1.516,,,,,,,
FCR,45,2017,2017-05-08 12:18:00,6.2,0.5436,,,,,,,
FCR,45,2017,2017-05-08 12:18:00,8,0.0762,,,,,,,
FCR,45,2017,2017-05-22 12:00:00,0.1,430.6,20.7,7.64,,,,,
FCR,45,2017,2017-05-22 12:00:00,0.8,171.2,,,,,,,
FCR,45,2017,2017-05-22 12:00:00,1.6,105.1,20.5,7.65,,,,,
FCR,45,2017,2017-05-22 12:00:00,2.8,45.71,15.4,8.45,,,,,
FCR,45,2017,2017-05-22 12:00:00,3.8,18.12,13,6.66,,,,,
FCR,45,2017,2017-05-22 12:00:00,5,7.624,10.6,8.42,,,,,
FCR,45,2017,2017-05-22 12:00:00,6.2,2.873,10.3,8.61,,,,,
FCR,45,2017,2017-05-22 12:00:00,8,0.9689,10.2,7.15,,,,,
FCR,45,2017,2017-05-29 12:00:00,0.1,745.5,21.5,8.74,104.7,,,,
FCR,45,2017,2017-05-29 12:00:00,0.8,126.4,20.6,8.69,102.7,,,,
FCR,45,2017,2017-05-29 12:00:00,1.6,44.59,18.7,9.62,109.1,,,,
FCR,45,2017,2017-05-29 12:00:00,2.8,13.17,15.6,9.61,102.2,,,,
FCR,45,2017,2017-05-29 12:00:00,3.8,5.922,13.1,6.6,66.3,,,,
FCR,45,2017,2017-05-29 12:00:00,5,1.862,11.1,7.36,72.4,,,,
FCR,45,2017,2017-05-29 12:00:00,6.2,0.8411,10.6,9.32,89,,,,
FCR,45,2017,2017-05-29 12:00:00,8,0.00286,10.4,7.8,82.6,,,,
FCR,45,2017,2017-05-30 15:46:00,0.1,785,22.9,8.9,110,,,,
FCR,45,2017,2017-05-30 15:46:00,0.8,270,18.7,8.8,98.5,,,,
FCR,45,2017,2017-05-30 15:46:00,1.6,121,17.4,8.85,97.3,,,,
FCR,45,2017,2017-05-30 15:46:00,2.8,41.4,16.8,8.68,94.6,,,,
FCR,45,2017,2017-05-30 15:46:00,3.8,15.15,16.2,8.21,88.3,,,,
FCR,45,2017,2017-05-30 15:46:00,5,3.679,15.3,8.27,87.5,,,,
FCR,45,2017,2017-05-30 15:46:00,6.2,1.107,14,7.9,81.1,,,,
FCR,45,2017,2017-05-30 15:46:00,8,0,10.5,7.05,67.6,,,,
FCR,45,2017,2017-05-30 15:57:00,5.5,,14,7.67,78.5,,,,
FCR,45,2017,2017-05-30 15:57:00,6.5,,12.1,5.49,54.1,,,,
FCR,45,2017,2017-05-30 15:57:00,7,,10.5,9.17,86.9,,,,
FCR,45,2017,2017-05-30 15:57:00,7.5,,10.5,8.85,83.9,,,,
FCR,45,2017,2017-06-01 13:30:00,0.1,618.8,,,,,,,
FCR,45,2017,2017-06-01 13:30:00,1.6,147.5,,,,,,,
FCR,45,2017,2017-06-01 13:30:00,3.8,19.43,,,,,,,
FCR,45,2017,2017-06-01 13:30:00,5,5.91,,,,,,,
FCR,45,2017,2017-06-01 13:30:00,6.2,1.985,,,,,,,
FCR,45,2017,2017-06-01 13:30:00,8,0.6199,,,,,,,
FCR,45,2017,2017-06-05 12:19:00,0.1,,22,8.46,103,,,,rainy
FCR,45,2017,2017-06-05 12:19:00,0.8,,22,8.47,103.2,,,,
FCR,45,2017,2017-06-05 12:19:00,1.6,,20.9,8.9,106.1,,,,
FCR,45,2017,2017-06-05 12:19:00,2.8,,17.7,9.63,107.2,,,,
FCR,45,2017,2017-06-05 12:19:00,3.8,,16.3,8.31,90.2,,,,
FCR,45,2017,2017-06-05 12:19:00,5,,14.8,6.73,70.8,,,,
FCR,45,2017,2017-06-05 12:19:00,6.2,,12.4,6.82,68.1,,,,
FCR,45,2017,2017-06-05 12:19:00,8,,11.3,8.82,85.8,,,,
FCR,45,2017,2017-06-12 11:00:00,0.1,435.7,23.9,8.93,111.4,,,,sunny
FCR,45,2017,2017-06-12 11:00:00,0.8,218.2,23,8.96,109.9,,,,
FCR,45,2017,2017-06-12 11:00:00,1.6,126.4,21.6,10,119.3,,,,
FCR,45,2017,2017-06-12 11:00:00,2.8,57.53,18.9,11.07,125.5,,,,
FCR,45,2017,2017-06-12 11:00:00,3.8,30.53,17.1,9.11,91.3,,,,
FCR,45,2017,2017-06-12 11:00:00,5,11.12,15.1,5.57,58.1,,,,
FCR,45,2017,2017-06-12 11:00:00,6.2,3.536,12,10.32,100.7,,,,
FCR,45,2017,2017-06-12 11:00:00,8,0.0038,11.7,0.72,7,,,,probably hit sediments here
FCR,45,2017,2017-06-19 13:54:00,0.1,200.6,,,,,,,passing clouds
FCR,45,2017,2017-06-19 13:54:00,0.8,78.67,,,,,,,
FCR,45,2017,2017-06-19 13:54:00,1.6,34.32,,,,,,,
FCR,45,2017,2017-06-19 13:54:00,2.8,17.03,,,,,,,
FCR,45,2017,2017-06-19 13:54:00,3.8,8.427,,,,,,,
FCR,45,2017,2017-06-19 13:54:00,5,3.066,,,,,,,
FCR,45,2017,2017-06-19 13:54:00,6.2,1.082,,,,,,,
FCR,45,2017,2017-06-19 13:54:00,8,,,,,,,,hits bottom
FCR,45,2017,2017-06-26 10:57:00,0.1,594.4,,,,,,,
FCR,45,2017,2017-06-26 10:57:00,0.8,215.5,,,,,,,
FCR,45,2017,2017-06-26 10:57:00,1.6,196.4,,,,,,,
FCR,45,2017,2017-06-26 10:57:00,2.8,72.7,,,,,,,
FCR,45,2017,2017-06-26 10:57:00,3.8,37.1,,,,,,,
FCR,45,2017,2017-06-26 10:57:00,5,12.36,,,,,,,
FCR,45,2017,2017-06-26 10:57:00,6.2,3.821,,,,,,,
FCR,45,2017,2017-06-26 10:57:00,8,,,,,,,,hits bottom
FCR,45,2017,2017-07-05 12:00:00,0.1,64.83,,,,,,,
FCR,45,2017,2017-07-05 12:00:00,0.8,24.32,,,,,,,
FCR,45,2017,2017-07-05 12:00:00,1.6,12.93,,,,,,,
FCR,45,2017,2017-07-05 12:00:00,2.8,4.65,,,,,,,
FCR,45,2017,2017-07-05 12:00:00,3.8,2.51,,,,,,,
FCR,45,2017,2017-07-05 12:00:00,5,0.988,,,,,,,
FCR,45,2017,2017-07-05 12:00:00,6.2,0.348,,,,,,,
FCR,45,2017,2017-07-05 12:00:00,8,0,,,,,,,
FCR,45,2017,2017-07-10 11:00:00,0.1,602.5,,,,,,,
FCR,45,2017,2017-07-10 11:00:00,0.8,230,,,,,,,
FCR,45,2017,2017-07-10 11:00:00,1.6,116.8,,,,,,,
FCR,45,2017,2017-07-10 11:00:00,2.8,21.54,,,,,,,
FCR,45,2017,2017-07-10 11:00:00,3.8,11.48,,,,,,,
FCR,45,2017,2017-07-10 11:00:00,5,3.253,,,,,,,
FCR,45,2017,2017-07-10 11:00:00,6.2,0.9871,,,,,,,
FCR,45,2017,2017-07-11 12:19:00,0.1,358.7,,,,,,,
FCR,45,2017,2017-07-11 12:19:00,0.8,273.5,,,,,,,
FCR,45,2017,2017-07-11 12:19:00,1.6,106.9,,,,,,,
FCR,45,2017,2017-07-11 12:19:00,2.8,30.01,,,,,,,
FCR,45,2017,2017-07-11 12:19:00,3.8,16.04,,,,,,,
FCR,45,2017,2017-07-11 12:19:00,5,10.88,,,,,,,
FCR,45,2017,2017-07-11 12:19:00,6.2,8.921,,,,,,,
FCR,45,2017,2017-07-11 12:19:00,8,8.384,,,,,,,bounced around a lot between 2/3/7 and settleted around 8
FCR,45,2017,2017-07-13 14:30:00,0.1,101.2,,,,,,,cloudy
FCR,45,2017,2017-07-13 14:30:00,0.8,24.81,,,,,,,
FCR,45,2017,2017-07-13 14:30:00,1.6,8.991,,,,,,,
FCR,45,2017,2017-07-13 14:30:00,2.8,2.267,,,,,,,
FCR,45,2017,2017-07-13 14:30:00,3.8,0.5369,,,,,,,
FCR,45,2017,2017-07-13 14:30:00,5,0.1287,,,,,,,
FCR,45,2017,2017-07-13 14:30:00,6.2,0.048,,,,,,,
FCR,45,2017,2017-07-17 11:10:00,0.1,633.8,,,,,,,sunny
FCR,45,2017,2017-07-17 11:10:00,0.8,176.7,,,,,,,
FCR,45,2017,2017-07-17 11:10:00,1.6,60.16,,,,,,,
FCR,45,2017,2017-07-17 11:10:00,2.8,9.364,,,,,,,
FCR,45,2017,2017-07-17 11:10:00,3.8,4.437,,,,,,,
FCR,45,2017,2017-07-17 11:10:00,5,1.068,,,,,,,
FCR,45,2017,2017-07-17 11:10:00,6.2,0.1602,,,,,,,
FCR,45,2017,2017-07-24 10:58:00,0.1,445.9,,,,,,,
FCR,45,2017,2017-07-24 10:58:00,0.8,96.92,,,,,,,
FCR,45,2017,2017-07-24 10:58:00,1.6,29.13,,,,,,,
FCR,45,2017,2017-07-24 10:58:00,2.8,10.01,,,,,,,
FCR,45,2017,2017-07-24 10:58:00,3.8,4.844,,,,,,,
FCR,45,2017,2017-07-24 10:58:00,5,1.58,,,,,,,
FCR,45,2017,2017-07-24 10:58:00,6.2,0.2432,,,,,,,
FCR,45,2017,2017-07-31 12:45:00,0.1,677.3,,,,,,,
FCR,45,2017,2017-07-31 12:45:00,0.8,261.6,,,,,,,
FCR,45,2017,2017-07-31 12:45:00,1.6,136.4,,,,,,,
FCR,45,2017,2017-07-31 12:45:00,2.8,58.1,,,,,,,
FCR,45,2017,2017-07-31 12:45:00,3.8,34.6,,,,,,,
FCR,45,2017,2017-07-31 12:45:00,5,18.22,,,,,,,
FCR,45,2017,2017-07-31 12:45:00,6.2,13.57,,,,,,,
FCR,45,2017,2017-08-07 13:35:00,0.1,274,,,,,,,some sun; but mosty cloudy
FCR,45,2017,2017-08-07 13:35:00,0.8,98,,,,,,,
FCR,45,2017,2017-08-07 13:35:00,1.6,55.8,,,,,,,
FCR,45,2017,2017-08-07 13:35:00,2.8,22.05,,,,,,,
FCR,45,2017,2017-08-07 13:35:00,3.8,9.614,,,,,,,
FCR,45,2017,2017-08-07 13:35:00,5,3.304,,,,,,,
FCR,45,2017,2017-08-07 13:35:00,6.2,0.4678,,,,,,,
FCR,45,2017,2017-08-14 12:50:00,0.1,146.9,,,,,,,overcast/rainy/cloudy
FCR,45,2017,2017-08-14 12:50:00,0.8,72.26,,,,,,,
FCR,45,2017,2017-08-14 12:50:00,1.6,34.99,,,,,,,
FCR,45,2017,2017-08-14 12:50:00,2.8,19.15,,,,,,,
FCR,45,2017,2017-08-14 12:50:00,3.8,10.42,,,,,,,
FCR,45,2017,2017-08-14 12:50:00,5,2.916,,,,,,,
FCR,45,2017,2017-08-14 12:50:00,6.2,0.3796,,,,,,,
FCR,30,2017,2017-05-22 12:00:00,0.1,,21,7.66,,,,,
FCR,30,2017,2017-05-22 12:00:00,0.8,,20.6,7.61,,,,,
FCR,30,2017,2017-05-22 12:00:00,1.6,,19.8,8.83,,,,,
FCR,30,2017,2017-05-22 12:00:00,2.8,,16.6,9.16,,,,,
FCR,30,2017,2017-05-22 12:00:00,3.8,,13.2,6.05,,,,,
FCR,30,2017,2017-05-22 12:00:00,5,,11,7.56,,,,,
FCR,30,2017,2017-05-22 12:00:00,6.2,,10.4,5.69,,,,,
FCR,30,2017,2017-05-29 12:00:00,0.1,,21.3,8.79,105.8,,,,
FCR,30,2017,2017-05-29 12:00:00,0.8,,20.3,9.18,107.5,,,,
FCR,30,2017,2017-05-29 12:00:00,1.6,,18.3,9.97,112,,,,
FCR,30,2017,2017-05-29 12:00:00,2.8,,16,9.1,96.7,,,,
FCR,30,2017,2017-05-29 12:00:00,3.8,,13.8,5.62,57.3,,,,
FCR,30,2017,2017-05-29 12:00:00,5,,11.1,7.64,74,,,,
FCR,30,2017,2017-05-29 12:00:00,6.2,,10.5,8.38,80.2,,,,
FCR,30,2017,2017-05-30 15:32:00,0.1,814,23,9.19,112.1,,,,
FCR,30,2017,2017-05-30 15:32:00,0.8,57.96,18.6,8.59,97,,,,
FCR,30,2017,2017-05-30 15:32:00,1.6,48.14,17.7,8.54,94.7,,,,
FCR,30,2017,2017-05-30 15:32:00,2.8,27.75,17,8.3,90.8,,,,
FCR,30,2017,2017-05-30 15:32:00,3.8,10.31,16.4,8.91,96.3,,,,
FCR,30,2017,2017-05-30 15:32:00,5,2.509,15.5,8.58,91,,,,
FCR,30,2017,2017-05-30 15:32:00,6.2,0.123,12.7,4.13,41.5,,,,
FCR,30,2017,2017-06-01 13:30:00,0.1,1033,,,,,,,
FCR,30,2017,2017-06-01 13:30:00,1.6,190.2,,,,,,,
FCR,30,2017,2017-06-01 13:30:00,3.8,17.24,,,,,,,
FCR,30,2017,2017-06-01 13:30:00,5,3.868,,,,,,,
FCR,30,2017,2017-06-05 12:00:00,0.1,,22,8.48,103.5,,,,
FCR,30,2017,2017-06-05 12:00:00,0.8,,22,8.68,105.7,,,,
FCR,30,2017,2017-06-05 12:00:00,1.6,,20,10.61,124.3,,,,
FCR,30,2017,2017-06-05 12:00:00,2.8,,17.7,9.72,108.7,,,,
FCR,30,2017,2017-06-05 12:00:00,3.8,,16.5,8.31,90.7,,,,
FCR,30,2017,2017-06-05 12:00:00,5,,15,6.5,58.6,,,,
FCR,30,2017,2017-06-05 12:00:00,6.2,,13.5,4.63,47.2,,,,
FCR,30,2017,2017-06-12 11:22:00,0.1,,23.6,8.99,111.4,,,,
FCR,30,2017,2017-06-12 11:22:00,0.8,,22.9,9.02,110.3,,,,
FCR,30,2017,2017-06-12 11:22:00,1.6,,21.2,10.4,123.1,,,,
FCR,30,2017,2017-06-12 11:22:00,2.8,,19,10.85,122,,,,
FCR,30,2017,2017-06-12 11:22:00,3.8,,17,8.16,88.9,,,,
FCR,30,2017,2017-06-12 11:22:00,5,,15,5.65,58,,,,
FCR,30,2017,2017-06-12 11:22:00,6.2,,12.7,7.68,75.8,,,,
FCR,20,2017,2017-05-01 12:00:00,0.1,31.39,,,,,,,
FCR,20,2017,2017-05-01 12:00:00,0.8,10.83,,,,,,,
FCR,20,2017,2017-05-01 12:00:00,1.6,5.87,,,,,,,
FCR,20,2017,2017-05-01 12:00:00,2.8,2.225,,,,,,,
FCR,20,2017,2017-05-01 12:00:00,3.8,0.4835,,,,,,,
FCR,20,2017,2017-05-01 12:00:00,5,,,,,,,,hits bottom
FCR,20,2017,2017-05-08 12:20:00,0.1,958.3,,,,,,,
FCR,20,2017,2017-05-08 12:20:00,0.8,178.2,,,,,,,
FCR,20,2017,2017-05-08 12:20:00,1.6,75.63,,,,,,,
FCR,20,2017,2017-05-08 12:20:00,2.8,17.74,,,,,,,
FCR,20,2017,2017-05-08 12:20:00,3.8,0.0296,,,,,,,
FCR,20,2017,2017-05-22 12:00:00,0.1,210.5,21,7.65,,,,,
FCR,20,2017,2017-05-22 12:00:00,0.8,68.52,20.4,7.67,,,,,
FCR,20,2017,2017-05-22 12:00:00,1.6,27.05,19.1,8.11,,,,,
FCR,20,2017,2017-05-22 12:00:00,2.8,9.711,16.3,10.07,,,,,
FCR,20,2017,2017-05-22 12:00:00,3.8,3.195,13.3,3.61,,,,,
FCR,20,2017,2017-05-29 11:20:00,0.1,723.8,21.7,8.81,106.2,,,,
FCR,20,2017,2017-05-29 11:20:00,0.8,324,20.9,8.78,104.4,,,,
FCR,20,2017,2017-05-29 11:20:00,1.6,98.45,18.2,9.46,106.4,,,,
FCR,20,2017,2017-05-29 11:20:00,2.8,25.73,16.2,9.73,104.8,,,,
FCR,20,2017,2017-05-29 11:20:00,3.8,6.274,13.6,4.94,49.7,,,,
FCR,20,2017,2017-05-30 15:18:00,0.1,762,21.9,9.07,109.8,,,,
FCR,20,2017,2017-05-30 15:18:00,0.8,52.26,18.2,9.72,109,,,,
FCR,20,2017,2017-05-30 15:18:00,1.6,42.9,17.3,9.26,102,,,,
FCR,20,2017,2017-05-30 15:18:00,2.8,25.65,16.9,9.1,99.4,,,,
FCR,20,2017,2017-05-30 15:18:00,3.8,7.648,16.2,9.5,102.2,,,,
FCR,20,2017,2017-06-01 13:30:00,0.1,965,,,,,,,
FCR,20,2017,2017-06-01 13:30:00,1.6,145.9,,,,,,,
FCR,20,2017,2017-06-01 13:30:00,3.8,14.32,,,,,,,
FCR,20,2017,2017-06-05 11:38:00,0.1,,21.9,8.73,106.9,,,,
FCR,20,2017,2017-06-05 11:38:00,0.8,,21.3,9.11,109.4,,,,
FCR,20,2017,2017-06-05 11:38:00,1.6,,19.6,10.58,123,,,,
FCR,20,2017,2017-06-05 11:38:00,2.8,,18.1,10.75,121,,,,
FCR,20,2017,2017-06-05 11:38:00,3.8,,16.3,4.92,53.3,,,,
FCR,20,2017,2017-06-12 12:13:00,0.1,151.4,23.3,9.29,114.4,,,,cloud cover
FCR,20,2017,2017-06-12 12:13:00,0.8,68.75,22.5,9.55,116,,,,
FCR,20,2017,2017-06-12 12:13:00,1.6,30.97,21.7,10.17,121.6,,,,
FCR,20,2017,2017-06-12 12:13:00,2.8,11.35,19,10.85,123.6,,,,
FCR,20,2017,2017-06-12 12:13:00,3.8,2.677,16.7,5.25,56.6,,,,
FCR,20,2017,2017-06-19 14:15:00,0.1,522.1,,,,,,,passing clouds
FCR,20,2017,2017-06-19 14:15:00,0.8,288.8,,,,,,,
FCR,20,2017,2017-06-19 14:15:00,1.6,183.7,,,,,,,
FCR,20,2017,2017-06-19 14:15:00,2.8,66.42,,,,,,,
FCR,20,2017,2017-06-19 14:15:00,3.8,11.51,,,,,,,
FCR,20,2017,2017-06-26 11:24:00,0.1,569.1,,,,,,,
FCR,20,2017,2017-06-26 11:24:00,0.8,322.7,,,,,,,
FCR,20,2017,2017-06-26 11:24:00,1.6,107.1,,,,,,,
FCR,20,2017,2017-06-26 11:24:00,2.8,25.82,,,,,,,
FCR,20,2017,2017-06-26 11:24:00,3.8,,,,,,,,hits bottom
FCR,20,2017,2017-07-05 12:00:00,0.1,113.6,,,,,,,
FCR,20,2017,2017-07-05 12:00:00,0.8,32.77,,,,,,,
FCR,20,2017,2017-07-05 12:00:00,1.6,26.54,,,,,,,
FCR,20,2017,2017-07-05 12:00:00,2.8,7.51,,,,,,,
FCR,20,2017,2017-07-05 12:00:00,3.8,1.174,,,,,,,
FCR,20,2017,2017-07-10 10:10:00,0.1,475,,,,,,,
FCR,20,2017,2017-07-10 10:10:00,0.8,161,,,,,,,
FCR,20,2017,2017-07-10 10:10:00,1.6,37.7,,,,,,,
FCR,20,2017,2017-07-10 10:10:00,2.8,11.2,,,,,,,
FCR,20,2017,2017-07-10 10:10:00,3.8,2.43,,,,,,,
FCR,20,2017,2017-07-11 11:38:00,0.1,535.3,,,,,,,
FCR,20,2017,2017-07-11 11:38:00,0.8,164.4,,,,,,,
FCR,20,2017,2017-07-11 11:38:00,1.6,78.3,,,,,,,
FCR,20,2017,2017-07-11 11:38:00,2.8,28.05,,,,,,,
FCR,20,2017,2017-07-11 11:38:00,3.8,20.29,,,,,,,
FCR,20,2017,2017-07-11 11:38:00,5,11.91,,,,,,,
FCR,20,2017,2017-07-13 12:30:00,0.1,622.1,,,,,,,
FCR,20,2017,2017-07-13 12:30:00,0.8,208.8,,,,,,,
FCR,20,2017,2017-07-13 12:30:00,1.6,92.13,,,,,,,
FCR,20,2017,2017-07-13 12:30:00,2.8,17.39,,,,,,,
FCR,20,2017,2017-07-13 12:30:00,3.8,2.988,,,,,,,
FCR,20,2017,2017-07-17 10:26:00,0.1,424.3,,,,,,,sunny
FCR,20,2017,2017-07-17 10:26:00,0.8,114.2,,,,,,,
FCR,20,2017,2017-07-17 10:26:00,1.6,35.19,,,,,,,
FCR,20,2017,2017-07-17 10:26:00,2.8,5.754,,,,,,,
FCR,20,2017,2017-07-17 10:26:00,3.8,1.191,,,,,,,
FCR,20,2017,2017-07-24 11:26:00,0.1,288.1,,,,,,,
FCR,20,2017,2017-07-24 11:26:00,0.8,51.15,,,,,,,
FCR,20,2017,2017-07-24 11:26:00,1.6,22.67,,,,,,,
FCR,20,2017,2017-07-24 11:26:00,2.8,3.396,,,,,,,
FCR,20,2017,2017-07-24 11:26:00,3.8,0.9022,,,,,,,
FCR,20,2017,2017-07-31 11:40:00,0.1,607.1,,,,,,,
FCR,20,2017,2017-07-31 11:40:00,0.8,260.1,,,,,,,
FCR,20,2017,2017-07-31 11:40:00,1.6,134.7,,,,,,,
FCR,20,2017,2017-07-31 11:40:00,2.8,46.7,,,,,,,
FCR,20,2017,2017-07-31 11:40:00,3.8,17.15,,,,,,,
FCR,20,2017,2017-08-07 12:45:00,0.1,147,,,,,,,cloudy/overcast/rainy
FCR,20,2017,2017-08-07 12:45:00,0.8,35.7,,,,,,,
FCR,20,2017,2017-08-07 12:45:00,1.6,22.2,,,,,,,
FCR,20,2017,2017-08-07 12:45:00,2.8,11.81,,,,,,,
FCR,20,2017,2017-08-07 12:45:00,3.8,3.93,,,,,,,
FCR,20,2017,2017-08-07 12:45:00,5,0,,,,,,,
FCR,20,2017,2017-08-14 13:43:00,0.1,147.7,,,,,,,overcast/rainy/cloudy
FCR,20,2017,2017-08-14 13:43:00,0.8,44.26,,,,,,,
FCR,20,2017,2017-08-14 13:43:00,1.6,27.11,,,,,,,
FCR,20,2017,2017-08-14 13:43:00,2.8,13.05,,,,,,,
FCR,20,2017,2017-08-14 13:43:00,3.8,1.214,,,,,,,
FCR,10,2017,2017-05-22 12:00:00,0.1,,20.5,7.63,,,,,
FCR,10,2017,2017-05-22 12:00:00,0.8,,20.2,7.91,,,,,
FCR,10,2017,2017-05-22 12:00:00,1.6,,19.6,8.22,,,,,
FCR,10,2017,2017-05-22 12:00:00,2.8,,16.6,10.06,,,,,
FCR,10,2017,2017-05-29 11:44:00,0.1,,22.3,8.78,106.8,,,,
FCR,10,2017,2017-05-29 11:44:00,0.8,,21.6,8.73,105.9,,,,
FCR,10,2017,2017-05-29 11:44:00,1.6,,18.5,9.13,103.2,,,,
FCR,10,2017,2017-05-29 11:44:00,2.8,,16,9.5,102.1,,,,
FCR,10,2017,2017-05-30 15:08:00,0.1,794,21.7,8.85,105.4,,,,
FCR,10,2017,2017-05-30 15:08:00,0.8,54.97,18.7,9.08,102.7,,,,
FCR,10,2017,2017-05-30 15:08:00,1.6,38.16,17.3,8.9,97.9,,,,
FCR,10,2017,2017-05-30 15:08:00,2.8,27.72,16.7,10.59,114.8,,,,
FCR,10,2017,2017-06-05 11:25:00,0.1,,21.9,8.61,104.7,,,,rainy
FCR,10,2017,2017-06-05 11:25:00,0.8,,21.3,9.39,112.6,,,,
FCR,10,2017,2017-06-05 11:25:00,1.6,,19.3,8.3,96.1,,,,
FCR,10,2017,2017-06-05 11:25:00,2.8,,17.6,11.02,122.2,,,,
FCR,10,2017,2017-06-12 12:26:00,0.1,,23.7,9.52,118,,,,
FCR,10,2017,2017-06-12 12:26:00,0.8,,22.4,9.86,119.6,,,,
FCR,10,2017,2017-06-12 12:26:00,1.6,,21.9,10.33,124.2,,,,
FCR,10,2017,2017-06-12 12:26:00,2.8,,18.9,10.58,119.5,,,,
